	item_type	clean_name	brand	country	subtype	source_domain	weight	units	price	currency	description	full_description	url	alpha	beta	cohumulon	oils
11	hop	циндао флауэр / tsingtao flower		хмель в гранулах универсальный	500 г	beer.rf	500.0	г	754.0	rub	самый востребованный и популярный универсальный сорт хмеля из поднебесной. по характеристикам похож на американский хмель каскад. урожай 2024 | альфа кислота 6,5 % самый востребованный и популярный универсальный сорт хмеля из поднебесной. по характеристикам похож на американский хмель каскад. урожай 2024 | альфа кислота 6,5 %	хмель циндао флауэр (tsingtao flower) - является гордостью народной республики китай и главным хмелевым сортом, представленным на рынке. этот сорт занимает до 90% общего производства хмеля в регионе и привлекает внимание своим уникальным ароматом и вкусом. в аромате циндао флауэр преобладают ягодные ноты, особенно черная смородина, которая придает пиву освежающий и фруктовый оттенок. но это только начало - в этом хмеле также можно обнаружить древесно-пряные нюансы табака, нотки чая и даже аромат жасмина. это сочетание создает уникальный ароматный букет, который привлекает пиволюбов со всего мира. однако аромат - это только одна сторона циндао флауэр. вкусовой профиль этого сорта характеризуется яркими цитрусовыми нотами грейпфрута и апельсина, которые придают пиву освежающую кислинку и легкость. дополнительно, в этом хмеле можно найти ароматы зеленого чая улун, который придает напитку некую глубину и сложность во вкусе, а сладкая дыня и сочная клубника придадут ощущения нежности и легкой сладости.	https://бир.рф/shop/1567/desc/khmel-cindao-flauehr-tsingtao-flower-kitaj-500-g	6.0-8.0 %	3.0-4.5 %		0.4-0.8
13	hop	циндао флауэр / tsingtao flower		хмель в гранулах универсальный	50 г	beer.rf	50.0	г	105.0	rub	самый востребованный и популярный универсальный сорт хмеля из поднебесной. по характеристикам похож на американский хмель каскад. урожай 2024 | альфа кислота 6,5 % самый востребованный и популярный универсальный сорт хмеля из поднебесной. по характеристикам похож на американский хмель каскад. урожай 2024 | альфа кислота 6,5 %	хмель циндао флауэр (tsingtao flower) - является гордостью народной республики китай и главным хмелевым сортом, представленным на рынке. этот сорт занимает до 90% общего производства хмеля в регионе и привлекает внимание своим уникальным ароматом и вкусом. в аромате циндао флауэр преобладают ягодные ноты, особенно черная смородина, которая придает пиву освежающий и фруктовый оттенок. но это только начало - в этом хмеле также можно обнаружить древесно-пряные нюансы табака, нотки чая и даже аромат жасмина. это сочетание создает уникальный ароматный букет, который привлекает пиволюбов со всего мира. однако аромат - это только одна сторона циндао флауэр. вкусовой профиль этого сорта характеризуется яркими цитрусовыми нотами грейпфрута и апельсина, которые придают пиву освежающую кислинку и легкость. дополнительно, в этом хмеле можно найти ароматы зеленого чая улун, который придает напитку некую глубину и сложность во вкусе, а сладкая дыня и сочная клубника придадут ощущения нежности и легкой сладости.	https://бир.рф/shop/1565/desc/khmel-cindao-flauehr-tsingtao-flower-kitaj-50-g	6.0-8.0 %	3.0-4.5 %		0.4-0.8
15	hop	истринский	агроресурсы	россия	хмель в гранулах ароматный	beer.rf	50.0	г	121.98	rub	ароматный сорт хмеля, который обладает нежным хмелевым привкусом и ярко выраженным сложным ароматом. урожай 2023 г | альфа-кислота 4,2 % ароматный сорт хмеля, который обладает нежным хмелевым привкусом и ярко выраженным сложным ароматом. урожай 2023 г | альфа-кислота 4,2 %	хмель истринский - это ароматный сорт хмеля обладающий нежным хмелевым привкусом и ароматом, которые добавляют особый шарм и характер пиву. в составе истринского хмеля содержится множество горьких веществ и ароматических компонентов, что делает его востребованным в пивоварении. этот сорт хмеля является универсальным и подходит для охмеления различных сортов пива. благодаря своей многогранности и богатому ароматическому профилю, истринский хмель может использоваться как для производства легких светлых сортов пива, так и для создания более насыщенных и крепких сортов, таких как бельгийские эли или стауты. альфа-кислота, которая является мерой горечи в хмеле, составляет 4,5%. это означает, что истринский хмель обладает низкой горечью, что делает его более привлекательным для пивоваров, как ароматический компонент пива.	https://бир.рф/shop/947/desc/khmel-istrinskij-rossija-50-g	4.0-4.5 %			
17	hop	шпальтер селект / spalter select	ign	германия	хмель в гранулах ароматный	beer.rf	50.0	г	153.0	rub	ароматный хмель с мягкими, слегка пряными нотками. он также сопоставим с жатецким хмелем и идеально подходит для лагеров, пильзнеров, и других сортов пива в немецком стиле. урожай 2025 | альфа кислота 4,4 % ароматный хмель с мягкими, слегка пряными нотками. он также сопоставим с жатецким хмелем и идеально подходит для лагеров, пильзнеров, и других сортов пива в немецком стиле. урожай 2025 | альфа кислота 4,4 %	хмель шпальтер селект (spalter select) - это замечательный сорт хмеля, который был разработан в нии хмеля в халле путем скрещивания хмелей шпальт и халлертаур мителльфрю. его появление пришлось на конец 1980-х годов, когда было решено создать новый сорт, который мог бы заменить популярный шпальт и обладал бы более высокими характеристиками. шпальтер селект относится к благородным сортам хмеля, так как содержит низкое количество когумулона. его уровень альфа-кислоты составляет примерно от 3,5% до 5,5%, при это обладает мягким ароматом, который напоминает шпальт, но с некоторой специфичностью. это делает его идеальным выбором для различных немецких стилей пива, таких как лагеры, пильзнеры и другие. хмель шпальтер селект (spalter select) - это замечательный сорт хмеля, который был разработан в нии хмеля в халле путем скрещивания хмелей шпальт и халлертаур мителльфрю. его появление пришлось на конец 1980-х годов, когда было решено создать новый сорт, который мог бы заменить популярный шпальт и обладал бы более высокими характеристиками. шпальтер селект относится к благородным сортам хмеля, так как содержит низкое количество когумулона. его уровень альфа-кислоты составляет примерно от 3,5% до 5,5%, при это обладает мягким ароматом, который напоминает шпальт, но с некоторой специфичностью. это делает его идеальным выбором для различных немецких стилей пива, таких как лагеры, пильзнеры и другие. хмель шпальтер селект также сравнивают с другим популярным немецким сортом хмеля - жатецким. оба сорта обладают схожими характеристиками и широко используются в немецком стиле пивоварения. это открывает возможности для экспериментов и создания новых вкусовых комбинаций.	https://бир.рф/shop/145/desc/khmel-shpalter-selekt-spalter-select-germanija-50-g	3.0-6.5 %	2.5-5.0 %	21.0-27.0 %	0.6-0.9
77	hop	шпальтер селект / spalter select	ign	германия	хмель в гранулах ароматный	beer.rf	100.0	г	265.0	rub	ароматный хмель с мягкими, слегка пряными нотками. он также сопоставим с жатецким хмелем и идеально подходит для лагеров, пильзнеров, и других сортов пива в немецком стиле. урожай 2024 | альфа кислота 6 % ароматный хмель с мягкими, слегка пряными нотками. он также сопоставим с жатецким хмелем и идеально подходит для лагеров, пильзнеров, и других сортов пива в немецком стиле. урожай 2024 | альфа кислота 6 %	хмель шпальтер селект (spalter select) - это замечательный сорт хмеля, который был разработан в нии хмеля в халле путем скрещивания хмелей шпальт и халлертаур мителльфрю. его появление пришлось на конец 1980-х годов, когда было решено создать новый сорт, который мог бы заменить популярный шпальт и обладал бы более высокими характеристиками. шпальтер селект относится к благородным сортам хмеля, так как содержит низкое количество когумулона. его уровень альфа-кислоты составляет примерно от 3,5% до 5,5%, при это обладает мягким ароматом, который напоминает шпальт, но с некоторой специфичностью. это делает его идеальным выбором для различных немецких стилей пива, таких как лагеры, пильзнеры и другие. хмель шпальтер селект (spalter select) - это замечательный сорт хмеля, который был разработан в нии хмеля в халле путем скрещивания хмелей шпальт и халлертаур мителльфрю. его появление пришлось на конец 1980-х годов, когда было решено создать новый сорт, который мог бы заменить популярный шпальт и обладал бы более высокими характеристиками. шпальтер селект относится к благородным сортам хмеля, так как содержит низкое количество когумулона. его уровень альфа-кислоты составляет примерно от 3,5% до 5,5%, при это обладает мягким ароматом, который напоминает шпальт, но с некоторой специфичностью. это делает его идеальным выбором для различных немецких стилей пива, таких как лагеры, пильзнеры и другие. хмель шпальтер селект также сравнивают с другим популярным немецким сортом хмеля - жатецким. оба сорта обладают схожими характеристиками и широко используются в немецком стиле пивоварения. это открывает возможности для экспериментов и создания новых вкусовых комбинаций.	https://бир.рф/shop/146/desc/khmel-shpalter-selekt-spalter-select-germanija-100-g	3.0-6.5 %	2.5-5.0 %	21.0-27.0 %	0.6-0.9
80	hop	чинук / chinook	cls yakima valley	сша	хмель в гранулах универсальный	beer.rf	500.0	г	1366.0	rub	популярный хмель двойного назначение, как для придания пряного и соснового ароматов, что очень ценится в темных сортах пива, так и для хорошего потенциала горечи. урожай 2024 | альфа 11 % популярный хмель двойного назначение, как для придания пряного и соснового ароматов, что очень ценится в темных сортах пива, так и для хорошего потенциала горечи. урожай 2024 | альфа 11 %	хмель чинук (chinook) был высажен в 1980 году, а уже в 1985 году министерство сельского хозяйства сша представило его в свет. этот сорт хмеля был создан путем скрещивания хмеля петхам голдинг и usda 63102, и он сразу же завоевал сердца крафтовых пивоваров в сша. хмель чинук обладает содержанием альфа-кислот в диапазоне от 12% до 14%, что делает его отличным выбором для добавления в начале или середине кипячения пива. этот сорт хмеля пользуется популярностью в американских стилях пива, таких как американ пэйл эль и индиан пэйл эль. он также широко используется в сезонных элях и темных сортах пива, включая портеры, стауты и ячменные вина (барливайны). аромат хмеля чинук характеризуется агрессивностью и некоторыми пряными нотками. свежая партия пива с этим хмелем будет иметь ярко выраженные хвойные и травяные ароматы. чинук является сортом средней урожайности, и его шишки имеют среднюю компактность. он обладает достаточной устойчивостью к обычным болезням, но может быть восприимчив к мучнистой росе. хмель чинук широко применяется в сша и является одним из ключевых компонентов некоторых очень популярных коммерческих брендов пива. с точки зрения агрономии, чинук характеризуется устойчивостью к ложной мучнистой росе и обладает отличной способностью формировать большие конусовидные шишки. хмель чинук обладает множеством качеств, таких как придание пиву пряного и хвойного аромата, а также обеспечение хорошего потенциала горечи. хмель чинук (chinook) был высажен в 1980 году, а уже в 1985 году министерство сельского хозяйства сша представило его в свет. этот сорт хмеля был создан путем скрещивания хмеля петхам голдинг и usda 63102, и он сразу же завоевал сердца крафтовых пивоваров в сша. хмель чинук обладает содержанием альфа-кислот в диапазоне от 12% до 14%, что делает его отличным выбором для добавления в начале или середине кипячения пива. этот сорт хмеля пользуется популярностью в американских стилях пива, таких как американ пэйл эль и индиан пэйл эль. он также широко используется в сезонных элях и темных сортах пива, включая портеры, стауты и ячменные вина (барливайны). аромат хмеля чинук характеризуется агрессивностью и некоторыми пряными нотками. свежая партия пива с этим хмелем будет иметь ярко выраженные хвойные и травяные ароматы. чинук является сортом средней урожайности, и его шишки имеют среднюю компактность. он обладает достаточной устойчивостью к обычным болезням, но может быть восприимчив к мучнистой росе. хмель чинук широко применяется в сша и является одним из ключевых компонентов некоторых очень популярных коммерческих брендов пива. с точки зрения агрономии, чинук характеризуется устойчивостью к ложной мучнистой росе и обладает отличной способностью формировать большие конусовидные шишки. хмель чинук обладает множеством качеств, таких как придание пиву пряного и хвойного аромата, а также обеспечение хорошего потенциала горечи. хмель чинук, благодаря своим уникальным свойствам и вкусовым характеристикам, продолжает быть популярным выбором для пивоваров во всем мире. его вклад в разнообразие и качество пива не может быть недооценен, и он остается одним из наиболее востребованных сортов хмеля на рынке.	https://бир.рф/shop/220/desc/khmel-chinuk-chinook-ssha-500-g	11.5-15.3 %	3.4-3.7 %	28.0-35.0 %	1.0-2.5
82	hop	чинук / chinook	cls yakima valley	сша	хмель в гранулах универсальный	beer.rf	50.0	г	193.0	rub	популярный хмель двойного назначение, как для придания пряного и соснового ароматов, что очень ценится в темных сортах пива, так и для хорошего потенциала горечи. урожай 2025 | альфа 12,5 % популярный хмель двойного назначение, как для придания пряного и соснового ароматов, что очень ценится в темных сортах пива, так и для хорошего потенциала горечи. урожай 2025 | альфа 12,5 %	хмель чинук (chinook) был высажен в 1980 году, а уже в 1985 году министерство сельского хозяйства сша представило его в свет. этот сорт хмеля был создан путем скрещивания хмеля петхам голдинг и usda 63102, и он сразу же завоевал сердца крафтовых пивоваров в сша. хмель чинук обладает содержанием альфа-кислот в диапазоне от 12% до 14%, что делает его отличным выбором для добавления в начале или середине кипячения пива. этот сорт хмеля пользуется популярностью в американских стилях пива, таких как американ пэйл эль и индиан пэйл эль. он также широко используется в сезонных элях и темных сортах пива, включая портеры, стауты и ячменные вина (барливайны). аромат хмеля чинук характеризуется агрессивностью и некоторыми пряными нотками. свежая партия пива с этим хмелем будет иметь ярко выраженные хвойные и травяные ароматы. чинук является сортом средней урожайности, и его шишки имеют среднюю компактность. он обладает достаточной устойчивостью к обычным болезням, но может быть восприимчив к мучнистой росе. хмель чинук широко применяется в сша и является одним из ключевых компонентов некоторых очень популярных коммерческих брендов пива. с точки зрения агрономии, чинук характеризуется устойчивостью к ложной мучнистой росе и обладает отличной способностью формировать большие конусовидные шишки. хмель чинук обладает множеством качеств, таких как придание пиву пряного и хвойного аромата, а также обеспечение хорошего потенциала горечи. хмель чинук (chinook) был высажен в 1980 году, а уже в 1985 году министерство сельского хозяйства сша представило его в свет. этот сорт хмеля был создан путем скрещивания хмеля петхам голдинг и usda 63102, и он сразу же завоевал сердца крафтовых пивоваров в сша. хмель чинук обладает содержанием альфа-кислот в диапазоне от 12% до 14%, что делает его отличным выбором для добавления в начале или середине кипячения пива. этот сорт хмеля пользуется популярностью в американских стилях пива, таких как американ пэйл эль и индиан пэйл эль. он также широко используется в сезонных элях и темных сортах пива, включая портеры, стауты и ячменные вина (барливайны). аромат хмеля чинук характеризуется агрессивностью и некоторыми пряными нотками. свежая партия пива с этим хмелем будет иметь ярко выраженные хвойные и травяные ароматы. чинук является сортом средней урожайности, и его шишки имеют среднюю компактность. он обладает достаточной устойчивостью к обычным болезням, но может быть восприимчив к мучнистой росе. хмель чинук широко применяется в сша и является одним из ключевых компонентов некоторых очень популярных коммерческих брендов пива. с точки зрения агрономии, чинук характеризуется устойчивостью к ложной мучнистой росе и обладает отличной способностью формировать большие конусовидные шишки. хмель чинук обладает множеством качеств, таких как придание пиву пряного и хвойного аромата, а также обеспечение хорошего потенциала горечи. хмель чинук, благодаря своим уникальным свойствам и вкусовым характеристикам, продолжает быть популярным выбором для пивоваров во всем мире. его вклад в разнообразие и качество пива не может быть недооценен, и он остается одним из наиболее востребованных сортов хмеля на рынке.	https://бир.рф/shop/222/desc/khmel-chinuk-chinook-ssha-50-g	11.5-15.3 %	3.4-3.7 %	28.0-35.0 %	1.0-2.5
84	hop	чинук / chinook	cls yakima valley	сша	хмель в гранулах универсальный	beer.rf	100.0	г	323.0	rub	популярный хмель двойного назначения, как для придания пряного и соснового ароматов, что очень ценится в темных сортах пива, так и для хорошего потенциала горечи. урожай 2025 | альфа 12,5 % популярный хмель двойного назначения, как для придания пряного и соснового ароматов, что очень ценится в темных сортах пива, так и для хорошего потенциала горечи. урожай 2025 | альфа 12,5 %	хмель чинук (chinook) был высажен в 1980 году, а уже в 1985 году министерство сельского хозяйства сша представило его в свет. этот сорт хмеля был создан путем скрещивания хмеля петхам голдинг и usda 63102, и он сразу же завоевал сердца крафтовых пивоваров в сша. хмель чинук обладает содержанием альфа-кислот в диапазоне от 12% до 14%, что делает его отличным выбором для добавления в начале или середине кипячения пива. этот сорт хмеля пользуется популярностью в американских стилях пива, таких как американ пэйл эль и индиан пэйл эль. он также широко используется в сезонных элях и темных сортах пива, включая портеры, стауты и ячменные вина (барливайны). аромат хмеля чинук характеризуется агрессивностью и некоторыми пряными нотками. свежая партия пива с этим хмелем будет иметь ярко выраженные хвойные и травяные ароматы. чинук является сортом средней урожайности, и его шишки имеют среднюю компактность. он обладает достаточной устойчивостью к обычным болезням, но может быть восприимчив к мучнистой росе. хмель чинук широко применяется в сша и является одним из ключевых компонентов некоторых очень популярных коммерческих брендов пива. с точки зрения агрономии, чинук характеризуется устойчивостью к ложной мучнистой росе и обладает отличной способностью формировать большие конусовидные шишки. хмель чинук обладает множеством качеств, таких как придание пиву пряного и хвойного аромата, а также обеспечение хорошего потенциала горечи. хмель чинук (chinook) был высажен в 1980 году, а уже в 1985 году министерство сельского хозяйства сша представило его в свет. этот сорт хмеля был создан путем скрещивания хмеля петхам голдинг и usda 63102, и он сразу же завоевал сердца крафтовых пивоваров в сша. хмель чинук обладает содержанием альфа-кислот в диапазоне от 12% до 14%, что делает его отличным выбором для добавления в начале или середине кипячения пива. этот сорт хмеля пользуется популярностью в американских стилях пива, таких как американ пэйл эль и индиан пэйл эль. он также широко используется в сезонных элях и темных сортах пива, включая портеры, стауты и ячменные вина (барливайны). аромат хмеля чинук характеризуется агрессивностью и некоторыми пряными нотками. свежая партия пива с этим хмелем будет иметь ярко выраженные хвойные и травяные ароматы. чинук является сортом средней урожайности, и его шишки имеют среднюю компактность. он обладает достаточной устойчивостью к обычным болезням, но может быть восприимчив к мучнистой росе. хмель чинук широко применяется в сша и является одним из ключевых компонентов некоторых очень популярных коммерческих брендов пива. с точки зрения агрономии, чинук характеризуется устойчивостью к ложной мучнистой росе и обладает отличной способностью формировать большие конусовидные шишки. хмель чинук обладает множеством качеств, таких как придание пиву пряного и хвойного аромата, а также обеспечение хорошего потенциала горечи. хмель чинук, благодаря своим уникальным свойствам и вкусовым характеристикам, продолжает быть популярным выбором для пивоваров во всем мире. его вклад в разнообразие и качество пива не может быть недооценен, и он остается одним из наиболее востребованных сортов хмеля на рынке.	https://бир.рф/shop/221/desc/khmel-chinuk-chinook-ssha-100-g	11.5-15.3 %	3.4-3.7 %	28.0-35.0 %	1.0-2.5
85	hop	цитра / citra	barth haas group	сша	хмель в гранулах универсальный	beer.rf	500.0	г	2125.0	rub	цитра является поистине универсальным хмелем, которому присущи грейпфрутовый, лаймовый ароматы, ароматы личи, крыжовника. урожай 2025 г. | альфа-кислота: 13,6 % цитра является поистине универсальным хмелем, которому присущи грейпфрутовый, лаймовый ароматы, ароматы личи, крыжовника. урожай 2025 г. | альфа-кислота: 13,6 %	цитра (citra) - это сорт хмеля, который был выведен в 2008 году и быстро завоевал популярность благодаря своему интенсивному аромату и вкусу. он обладает высоким содержанием альфа-кислоты и отличается сильным, но приятным цветочным и цитрусовым ароматом. цитра хмель часто добавляют в пиво в конце кипячения или для сухого охмеления, чтобы придать ему насыщенный хмелевой вкус и сохранить солидный аромат в готовом напитке. этот сорт хмеля идеально подходит для американского и индийского пэйл эля, так как его интенсивный аромат и вкус прекрасно сочетаются с характером этих стилей пива. цитра является результатом скрещивания таких сортов хмеля, как халлертауер, американский теттнангер и ист кент голдинг, что в результате придало ему интенсивные цитрусовые нотки. цитра (citra) - это сорт хмеля, который был выведен в 2008 году и быстро завоевал популярность благодаря своему интенсивному аромату и вкусу. он обладает высоким содержанием альфа-кислоты и отличается сильным, но приятным цветочным и цитрусовым ароматом. цитра хмель часто добавляют в пиво в конце кипячения или для сухого охмеления, чтобы придать ему насыщенный хмелевой вкус и сохранить солидный аромат в готовом напитке. этот сорт хмеля идеально подходит для американского и индийского пэйл эля, так как его интенсивный аромат и вкус прекрасно сочетаются с характером этих стилей пива. цитра является результатом скрещивания таких сортов хмеля, как халлертауер, американский теттнангер и ист кент голдинг, что в результате придало ему интенсивные цитрусовые нотки. в последнее время цитра стал также символом рекламы в пивоваренной индустрии. многие пивоварни используют этот сорт хмеля для привлечения внимания потребителей, но это не всегда означает, что он является основным компонентом варки. некоторые пивоварни выбирают цитру из-за его качественных характеристик и способности придать пиву особый вкус и аромат, независимо от маркетинговых трендов. цитра является универсальным хмелем, который может придать пиву цитрусовые, грейпфрутовые, лаймовые ароматы с нотками личи и крыжовника. его высокое содержание альфа-кислоты делает его прекрасным выбором для тех, кто ищет сорт хмеля с интенсивным ароматом и вкусом. важно отметить, что цитра также обладает некоторыми агрономическими преимуществами. он устойчив к ложномучнистой росе и мучнистой плесени, что делает его популярным среди пивоваров. кроме того, этот сорт хмеля обладает хорошим выходом во время сбора урожая благодаря плотной конической шишки.	https://бир.рф/shop/178/desc/khmel-citra-citra-ssha-500-g	11.3-14.0 %	3.6-3.9 %	21.0-24.0 %	1.5-3.0
87	hop	цитра / citra	barth haas group	сша	хмель в гранулах универсальный	beer.rf	50.0	г	284.0	rub	цитра является поистине универсальным хмелем, которому присущи грейпфрутовый, лаймовый ароматы, ароматы личи, крыжовника. урожай 2025 г. | альфа-кислота: 13,6 % цитра является поистине универсальным хмелем, которому присущи грейпфрутовый, лаймовый ароматы, ароматы личи, крыжовника. урожай 2025 г. | альфа-кислота: 13,6 %	цитра (citra) - это сорт хмеля, который был выведен в 2008 году и быстро завоевал популярность благодаря своему интенсивному аромату и вкусу. он обладает высоким содержанием альфа-кислоты и отличается сильным, но приятным цветочным и цитрусовым ароматом. цитра хмель часто добавляют в пиво в конце кипячения или для сухого охмеления, чтобы придать ему насыщенный хмелевой вкус и сохранить солидный аромат в готовом напитке. этот сорт хмеля идеально подходит для американского и индийского пэйл эля, так как его интенсивный аромат и вкус прекрасно сочетаются с характером этих стилей пива. цитра является результатом скрещивания таких сортов хмеля, как халлертауер, американский теттнангер и ист кент голдинг, что в результате придало ему интенсивные цитрусовые нотки. цитра (citra) - это сорт хмеля, который был выведен в 2008 году и быстро завоевал популярность благодаря своему интенсивному аромату и вкусу. он обладает высоким содержанием альфа-кислоты и отличается сильным, но приятным цветочным и цитрусовым ароматом. цитра хмель часто добавляют в пиво в конце кипячения или для сухого охмеления, чтобы придать ему насыщенный хмелевой вкус и сохранить солидный аромат в готовом напитке. этот сорт хмеля идеально подходит для американского и индийского пэйл эля, так как его интенсивный аромат и вкус прекрасно сочетаются с характером этих стилей пива. цитра является результатом скрещивания таких сортов хмеля, как халлертауер, американский теттнангер и ист кент голдинг, что в результате придало ему интенсивные цитрусовые нотки. в последнее время цитра стал также символом рекламы в пивоваренной индустрии. многие пивоварни используют этот сорт хмеля для привлечения внимания потребителей, но это не всегда означает, что он является основным компонентом варки. некоторые пивоварни выбирают цитру из-за его качественных характеристик и способности придать пиву особый вкус и аромат, независимо от маркетинговых трендов. цитра является универсальным хмелем, который может придать пиву цитрусовые, грейпфрутовые, лаймовые ароматы с нотками личи и крыжовника. его высокое содержание альфа-кислоты делает его прекрасным выбором для тех, кто ищет сорт хмеля с интенсивным ароматом и вкусом. важно отметить, что цитра также обладает некоторыми агрономическими преимуществами. он устойчив к ложномучнистой росе и мучнистой плесени, что делает его популярным среди пивоваров. кроме того, этот сорт хмеля обладает хорошим выходом во время сбора урожая благодаря плотной конической шишки.	https://бир.рф/shop/180/desc/khmel-citra-citra-ssha-50-g	11.3-14.0 %	3.6-3.9 %	21.0-24.0 %	1.5-3.0
90	hop	цитра / citra	barth haas group	сша	хмель в гранулах универсальный	beer.rf	100.0	г	495.0	rub	цитра является поистине универсальным хмелем, которому присущи грейпфрутовый, лаймовый ароматы, ароматы личи, крыжовника. урожай 2025 г. | альфа-кислота: 13,6 % цитра является поистине универсальным хмелем, которому присущи грейпфрутовый, лаймовый ароматы, ароматы личи, крыжовника. урожай 2025 г. | альфа-кислота: 13,6 %	цитра (citra) - это сорт хмеля, который был выведен в 2008 году и быстро завоевал популярность благодаря своему интенсивному аромату и вкусу. он обладает высоким содержанием альфа-кислоты и отличается сильным, но приятным цветочным и цитрусовым ароматом. цитра хмель часто добавляют в пиво в конце кипячения или для сухого охмеления, чтобы придать ему насыщенный хмелевой вкус и сохранить солидный аромат в готовом напитке. этот сорт хмеля идеально подходит для американского и индийского пэйл эля, так как его интенсивный аромат и вкус прекрасно сочетаются с характером этих стилей пива. цитра является результатом скрещивания таких сортов хмеля, как халлертауер, американский теттнангер и ист кент голдинг, что в результате придало ему интенсивные цитрусовые нотки. цитра (citra) - это сорт хмеля, который был выведен в 2008 году и быстро завоевал популярность благодаря своему интенсивному аромату и вкусу. он обладает высоким содержанием альфа-кислоты и отличается сильным, но приятным цветочным и цитрусовым ароматом. цитра хмель часто добавляют в пиво в конце кипячения или для сухого охмеления, чтобы придать ему насыщенный хмелевой вкус и сохранить солидный аромат в готовом напитке. этот сорт хмеля идеально подходит для американского и индийского пэйл эля, так как его интенсивный аромат и вкус прекрасно сочетаются с характером этих стилей пива. цитра является результатом скрещивания таких сортов хмеля, как халлертауер, американский теттнангер и ист кент голдинг, что в результате придало ему интенсивные цитрусовые нотки. в последнее время цитра стал также символом рекламы в пивоваренной индустрии. многие пивоварни используют этот сорт хмеля для привлечения внимания потребителей, но это не всегда означает, что он является основным компонентом варки. некоторые пивоварни выбирают цитру из-за его качественных характеристик и способности придать пиву особый вкус и аромат, независимо от маркетинговых трендов. цитра является универсальным хмелем, который может придать пиву цитрусовые, грейпфрутовые, лаймовые ароматы с нотками личи и крыжовника. его высокое содержание альфа-кислоты делает его прекрасным выбором для тех, кто ищет сорт хмеля с интенсивным ароматом и вкусом. важно отметить, что цитра также обладает некоторыми агрономическими преимуществами. он устойчив к ложномучнистой росе и мучнистой плесени, что делает его популярным среди пивоваров. кроме того, этот сорт хмеля обладает хорошим выходом во время сбора урожая благодаря плотной конической шишки.	https://бир.рф/shop/179/desc/khmel-citra-citra-ssha-100-g	11.3-14.0 %	3.6-3.9 %	21.0-24.0 %	1.5-3.0
91	hop	центенниал / centennial	john i. haas	сша	хмель в гранулах универсальный	beer.rf	500.0	г	1433.0	rub	этот хмель был выведен в 1974 году, примерно в те же годы, как и хмель каскад. его еще называют супер-каскад из-за большей горечи. ему присущ цветочный и цитрусовый ароматы, может также использоваться для придания горечи. урожай 2025г | альфа кислота 9 % этот хмель был выведен в 1974 году, примерно в те же годы, как и хмель каскад. его еще называют супер-каскад из-за большей горечи. ему присущ цветочный и цитрусовый ароматы, может также использоваться для придания горечи. урожай 2025г | альфа кислота 9 %	"хмель центенниал (centennial) - это действительно великолепный сорт хмеля, который заслуживает особого внимания. сочетание его генетического состава и уникальных характеристик делает его идеальным для использования в различных стилях пива. центенниал был выведен в 1974 году министерством сельского хозяйства сша и назван в честь государственного праздника штата вашингтон. его генетический состав включает брюерс голд (brewers gold), фаггл (fuggle), ист кент голдинг (east kent golding), а также некоторые неизвестные сорта хмеля. это сочетание придает центенниалу его уникальный профиль вкуса и аромата. хмель центенниал (centennial) - это действительно великолепный сорт хмеля, который заслуживает особого внимания. сочетание его генетического состава и уникальных характеристик делает его идеальным для использования в различных стилях пива. центенниал был выведен в 1974 году министерством сельского хозяйства сша и назван в честь государственного праздника штата вашингтон. его генетический состав включает брюерс голд (brewers gold), фаггл (fuggle), ист кент голдинг (east kent golding), а также некоторые неизвестные сорта хмеля. это сочетание придает центенниалу его уникальный профиль вкуса и аромата. одна из главных особенностей центенниала - это его содержание альфа-кислоты, которое составляет от 9,5% до 11,5%. это делает его идеальным для использования в пэйл элях и ипэ, где горечь хмеля должна быть гармоничной с его ароматом. хотя центенниал иногда называют ""супер-каскад"" из-за некоторых схожих характеристик, он отличается более сложным и многообразным профилем вкуса, не таким ярко выраженным цитрусовыми нотами. хмель центенниал (centennial) - это действительно великолепный сорт хмеля, который заслуживает особого внимания. сочетание его генетического состава и уникальных характеристик делает его идеальным для использования в различных стилях пива. центенниал был выведен в 1974 году министерством сельского хозяйства сша и назван в честь государственного праздника штата вашингтон. его генетический состав включает брюерс голд (brewers gold), фаггл (fuggle), ист кент голдинг (east kent golding), а также некоторые неизвестные сорта хмеля. это сочетание придает центенниалу его уникальный профиль вкуса и аромата. одна из главных особенностей центенниала - это его содержание альфа-кислоты, которое составляет от 9,5% до 11,5%. это делает его идеальным для использования в пэйл элях и ипэ, где горечь хмеля должна быть гармоничной с его ароматом. хотя центенниал иногда называют ""супер-каскад"" из-за некоторых схожих характеристик, он отличается более сложным и многообразным профилем вкуса, не таким ярко выраженным цитрусовыми нотами. цветочный вкус и аромат центенниала являются ключевыми характеристиками этого сорта хмеля, и они проявляются во многих коммерческих сортах пива. это делает его популярным среди пивоваров, которые стремятся добавить особый шарм и сложность своим напиткам. благодаря своей универсальности и устойчивости к болезням и грибкам, центенниал стал незаменимым ингредиентом в американской пивоваренной индустрии."	https://бир.рф/shop/217/desc/khmel-centennial-centennial-ssha-500-g	8.2-10.9 %	3.5-4.4 %	25.0-27.0 %	1.0-2.0
94	hop	центенниал / centennial	john i. haas	сша	хмель в гранулах универсальный	beer.rf	50.0	г	201.0	rub	этот хмель был выведен в 1974 году, примерно в те же годы, как и хмель каскад. его еще называют супер-каскад из-за большей горечи. ему присущ цветочный и цитрусовый ароматы, может также использоваться для придания горечи. урожай 2025г | альфа кислота 9 % этот хмель был выведен в 1974 году, примерно в те же годы, как и хмель каскад. его еще называют супер-каскад из-за большей горечи. ему присущ цветочный и цитрусовый ароматы, может также использоваться для придания горечи. урожай 2025г | альфа кислота 9 %	"хмель центенниал (centennial) - это действительно великолепный сорт хмеля, который заслуживает особого внимания. сочетание его генетического состава и уникальных характеристик делает его идеальным для использования в различных стилях пива. центенниал был выведен в 1974 году министерством сельского хозяйства сша и назван в честь государственного праздника штата вашингтон. его генетический состав включает брюерс голд (brewers gold), фаггл (fuggle), ист кент голдинг (east kent golding), а также некоторые неизвестные сорта хмеля. это сочетание придает центенниалу его уникальный профиль вкуса и аромата. хмель центенниал (centennial) - это действительно великолепный сорт хмеля, который заслуживает особого внимания. сочетание его генетического состава и уникальных характеристик делает его идеальным для использования в различных стилях пива. центенниал был выведен в 1974 году министерством сельского хозяйства сша и назван в честь государственного праздника штата вашингтон. его генетический состав включает брюерс голд (brewers gold), фаггл (fuggle), ист кент голдинг (east kent golding), а также некоторые неизвестные сорта хмеля. это сочетание придает центенниалу его уникальный профиль вкуса и аромата. одна из главных особенностей центенниала - это его содержание альфа-кислоты, которое составляет от 9,5% до 11,5%. это делает его идеальным для использования в пэйл элях и ипэ, где горечь хмеля должна быть гармоничной с его ароматом. хотя центенниал иногда называют ""супер-каскад"" из-за некоторых схожих характеристик, он отличается более сложным и многообразным профилем вкуса, не таким ярко выраженным цитрусовыми нотами. хмель центенниал (centennial) - это действительно великолепный сорт хмеля, который заслуживает особого внимания. сочетание его генетического состава и уникальных характеристик делает его идеальным для использования в различных стилях пива. центенниал был выведен в 1974 году министерством сельского хозяйства сша и назван в честь государственного праздника штата вашингтон. его генетический состав включает брюерс голд (brewers gold), фаггл (fuggle), ист кент голдинг (east kent golding), а также некоторые неизвестные сорта хмеля. это сочетание придает центенниалу его уникальный профиль вкуса и аромата. одна из главных особенностей центенниала - это его содержание альфа-кислоты, которое составляет от 9,5% до 11,5%. это делает его идеальным для использования в пэйл элях и ипэ, где горечь хмеля должна быть гармоничной с его ароматом. хотя центенниал иногда называют ""супер-каскад"" из-за некоторых схожих характеристик, он отличается более сложным и многообразным профилем вкуса, не таким ярко выраженным цитрусовыми нотами. цветочный вкус и аромат центенниала являются ключевыми характеристиками этого сорта хмеля, и они проявляются во многих коммерческих сортах пива. это делает его популярным среди пивоваров, которые стремятся добавить особый шарм и сложность своим напиткам. благодаря своей универсальности и устойчивости к болезням и грибкам, центенниал стал незаменимым ингредиентом в американской пивоваренной индустрии."	https://бир.рф/shop/219/desc/khmel-centennial-centennial-ssha-50-g	8.2-10.9 %	3.5-4.4 %	25.0-27.0 %	1.0-2.0
95	hop	центенниал / centennial	john i. haas	сша	хмель в гранулах универсальный	beer.rf	100.0	г	339.0	rub	этот хмель был выведен в 1974 году, примерно в те же годы, как и хмель каскад. его еще называют супер-каскад из-за большей горечи. ему присущ цветочный и цитрусовый ароматы, может также использоваться для придания горечи. урожай 2025г | альфа кислота 9 % этот хмель был выведен в 1974 году, примерно в те же годы, как и хмель каскад. его еще называют супер-каскад из-за большей горечи. ему присущ цветочный и цитрусовый ароматы, может также использоваться для придания горечи. урожай 2025г | альфа кислота 9 %	"хмель центенниал (centennial) - это действительно великолепный сорт хмеля, который заслуживает особого внимания. сочетание его генетического состава и уникальных характеристик делает его идеальным для использования в различных стилях пива. центенниал был выведен в 1974 году министерством сельского хозяйства сша и назван в честь государственного праздника штата вашингтон. его генетический состав включает брюерс голд (brewers gold), фаггл (fuggle), ист кент голдинг (east kent golding), а также некоторые неизвестные сорта хмеля. это сочетание придает центенниалу его уникальный профиль вкуса и аромата. хмель центенниал (centennial) - это действительно великолепный сорт хмеля, который заслуживает особого внимания. сочетание его генетического состава и уникальных характеристик делает его идеальным для использования в различных стилях пива. центенниал был выведен в 1974 году министерством сельского хозяйства сша и назван в честь государственного праздника штата вашингтон. его генетический состав включает брюерс голд (brewers gold), фаггл (fuggle), ист кент голдинг (east kent golding), а также некоторые неизвестные сорта хмеля. это сочетание придает центенниалу его уникальный профиль вкуса и аромата. одна из главных особенностей центенниала - это его содержание альфа-кислоты, которое составляет от 9,5% до 11,5%. это делает его идеальным для использования в пэйл элях и ипэ, где горечь хмеля должна быть гармоничной с его ароматом. хотя центенниал иногда называют ""супер-каскад"" из-за некоторых схожих характеристик, он отличается более сложным и многообразным профилем вкуса, не таким ярко выраженным цитрусовыми нотами. хмель центенниал (centennial) - это действительно великолепный сорт хмеля, который заслуживает особого внимания. сочетание его генетического состава и уникальных характеристик делает его идеальным для использования в различных стилях пива. центенниал был выведен в 1974 году министерством сельского хозяйства сша и назван в честь государственного праздника штата вашингтон. его генетический состав включает брюерс голд (brewers gold), фаггл (fuggle), ист кент голдинг (east kent golding), а также некоторые неизвестные сорта хмеля. это сочетание придает центенниалу его уникальный профиль вкуса и аромата. одна из главных особенностей центенниала - это его содержание альфа-кислоты, которое составляет от 9,5% до 11,5%. это делает его идеальным для использования в пэйл элях и ипэ, где горечь хмеля должна быть гармоничной с его ароматом. хотя центенниал иногда называют ""супер-каскад"" из-за некоторых схожих характеристик, он отличается более сложным и многообразным профилем вкуса, не таким ярко выраженным цитрусовыми нотами. цветочный вкус и аромат центенниала являются ключевыми характеристиками этого сорта хмеля, и они проявляются во многих коммерческих сортах пива. это делает его популярным среди пивоваров, которые стремятся добавить особый шарм и сложность своим напиткам. благодаря своей универсальности и устойчивости к болезням и грибкам, центенниал стал незаменимым ингредиентом в американской пивоваренной индустрии."	https://бир.рф/shop/218/desc/khmel-centennial-centennial-ssha-100-g	8.2-10.9 %	3.5-4.4 %	25.0-27.0 %	1.0-2.0
98	hop	хьюэлл мелон / huell melon	spalter hopfen	германия	хмель в гранулах ароматный	beer.rf	500.0	г	1121.0	rub	выведен в германии в 2012 году из сорта каскад для растущего рынка крафтового пивоварения. обладает цветочно-фруктовым ароматом дыни и клубники. урожай 2024 | альфа 6 % выведен в германии в 2012 году из сорта каскад для растущего рынка крафтового пивоварения. обладает цветочно-фруктовым ароматом дыни и клубники. урожай 2024 | альфа 6 %	хмель хьюэлл мелон (huell melon) - это захватывающий новый сорт хмеля, который привносит уникальные ароматы дыни и клубники в мир пивоварения. этот сорт был разработан и представлен в 2012 году в хьюэлле, в ответ на растущий спрос в крафтовой пивной отрасли на новые, смелые вкусы и ароматы. хмель хьюэлл мелон произошел от скрещивания двух разных сортов хмеля: американского каскада и мужского немецкого сорта хмеля. эта уникальная комбинация придала хмелю хьюэлл мелон его особый характер и аромат. ароматы дыни и клубники, которые он обладает, открывают новые возможности для пивоваров, позволяя им создавать пиво с необычными и привлекательными вкусовыми профилями. одним из главных преимуществ хмеля хьюэлл мелон является его способность добавить свежести и фруктовости в пиво. этот сорт хмеля идеально подходит для создания пива с яркими фруктовыми нотками, которые могут уравновесить горечь и добавить сложности во вкусовой профиль пива.	https://бир.рф/shop/129/desc/khmel-khjuehll-melon-huell-melon-germanija-500-g	6.9-7.5 %	7.3-7.9 %	25.0-30.0 %	0.8
99	hop	хьюэлл мелон / huell melon	spalter hopfen	германия	хмель в гранулах ароматный	beer.rf	50.0	г	159.0	rub	выведен в германии в 2012 году из сорта каскад для растущего рынка крафтового пивоварения. обладает цветочно-фруктовым ароматом дыни и клубники. урожай 2025 | альфа 5,8 % выведен в германии в 2012 году из сорта каскад для растущего рынка крафтового пивоварения. обладает цветочно-фруктовым ароматом дыни и клубники. урожай 2025 | альфа 5,8 %	хмель хьюэлл мелон (huell melon) - это захватывающий новый сорт хмеля, который привносит уникальные ароматы дыни и клубники в мир пивоварения. этот сорт был разработан и представлен в 2012 году в хьюэлле, в ответ на растущий спрос в крафтовой пивной отрасли на новые, смелые вкусы и ароматы. хмель хьюэлл мелон произошел от скрещивания двух разных сортов хмеля: американского каскада и мужского немецкого сорта хмеля. эта уникальная комбинация придала хмелю хьюэлл мелон его особый характер и аромат. ароматы дыни и клубники, которые он обладает, открывают новые возможности для пивоваров, позволяя им создавать пиво с необычными и привлекательными вкусовыми профилями. одним из главных преимуществ хмеля хьюэлл мелон является его способность добавить свежести и фруктовости в пиво. этот сорт хмеля идеально подходит для создания пива с яркими фруктовыми нотками, которые могут уравновесить горечь и добавить сложности во вкусовой профиль пива.	https://бир.рф/shop/128/desc/khmel-khjuehll-melon-huell-melon-germanija-50-g	6.9-7.5 %	7.3-7.9 %	25.0-30.0 %	0.8
101	hop	хьюэлл мелон / huell melon	spalter hopfen	германия	хмель в гранулах ароматный	beer.rf	100.0	г	265.0	rub	выведен в германии в 2012 году из сорта каскад для растущего рынка крафтового пивоварения. обладает цветочно-фруктовым ароматом дыни и клубники. урожай 2024 | альфа 6 % выведен в германии в 2012 году из сорта каскад для растущего рынка крафтового пивоварения. обладает цветочно-фруктовым ароматом дыни и клубники. урожай 2024 | альфа 6 %	хмель хьюэлл мелон (huell melon) - это захватывающий новый сорт хмеля, который привносит уникальные ароматы дыни и клубники в мир пивоварения. этот сорт был разработан и представлен в 2012 году в хьюэлле, в ответ на растущий спрос в крафтовой пивной отрасли на новые, смелые вкусы и ароматы. хмель хьюэлл мелон произошел от скрещивания двух разных сортов хмеля: американского каскада и мужского немецкого сорта хмеля. эта уникальная комбинация придала хмелю хьюэлл мелон его особый характер и аромат. ароматы дыни и клубники, которые он обладает, открывают новые возможности для пивоваров, позволяя им создавать пиво с необычными и привлекательными вкусовыми профилями. одним из главных преимуществ хмеля хьюэлл мелон является его способность добавить свежести и фруктовости в пиво. этот сорт хмеля идеально подходит для создания пива с яркими фруктовыми нотками, которые могут уравновесить горечь и добавить сложности во вкусовой профиль пива.	https://бир.рф/shop/127/desc/khmel-khjuehll-melon-huell-melon-germanija-100-g	6.9-7.5 %	7.3-7.9 %	25.0-30.0 %	0.8
104	hop	херсбрукер / hersbrucker	powisle	германия	хмель в гранулах ароматный	beer.rf	500.0	г	1118.0	rub	ароматный сорт немецкого хмеля, который привнесет в ваше пиво сочетание фруктов и цветов. урожай 2025 | альфа: 3.9 % ароматный сорт немецкого хмеля, который привнесет в ваше пиво сочетание фруктов и цветов. урожай 2025 | альфа: 3.9 %	хмель херсбрукер (hersbrucker), произрастающий в районе халлертау в германии, является одним из наиболее устойчивых сортов хмеля, который был выведен естественным путем. он успешно завоевал позиции оригинального хмеля халлертау благодаря своей высокой устойчивости к болезням и грибкам. херсбрукер имеет много общего с благородными сортами хмеля, так как содержит небольшое количество когумулона и обладает полностью ароматными свойствами с низким содержанием альфа-кислоты (2,0-5,0%). этот сорт хмеля широко используется в немецких сортах пива, и его присутствие придает напиткам сочетание фруктовых и специй с цветочными нотками. однако, помимо этой информации, есть еще несколько интересных фактов о херсбрукере, которые стоит упомянуть. хмель херсбрукер известен своим сбалансированным профилем эфирных масел, которые вносят особый характер в пиво. эти масла придают напитку уникальный аромат, в котором сочетаются фруктовые нюансы и пряные оттенки. благодаря этому, пиво, приготовленное с использованием херсбрукера, обладает ярким и сложным вкусом, который приятно удивляет поклонников пивоварения. хмель херсбрукер (hersbrucker), произрастающий в районе халлертау в германии, является одним из наиболее устойчивых сортов хмеля, который был выведен естественным путем. он успешно завоевал позиции оригинального хмеля халлертау благодаря своей высокой устойчивости к болезням и грибкам. херсбрукер имеет много общего с благородными сортами хмеля, так как содержит небольшое количество когумулона и обладает полностью ароматными свойствами с низким содержанием альфа-кислоты (2,0-5,0%). этот сорт хмеля широко используется в немецких сортах пива, и его присутствие придает напиткам сочетание фруктовых и специй с цветочными нотками. однако, помимо этой информации, есть еще несколько интересных фактов о херсбрукере, которые стоит упомянуть. хмель херсбрукер известен своим сбалансированным профилем эфирных масел, которые вносят особый характер в пиво. эти масла придают напитку уникальный аромат, в котором сочетаются фруктовые нюансы и пряные оттенки. благодаря этому, пиво, приготовленное с использованием херсбрукера, обладает ярким и сложным вкусом, который приятно удивляет поклонников пивоварения. кроме того, херсбрукер характеризуется своей умеренной горечью, что делает его идеальным выбором для пивоваров, желающих создать пиво с мягким и сбалансированным вкусом. низкое содержание альфа-кислоты в сочетании с ароматными свойствами делает херсбрукер подходящим для использования в различных стилях пива, от светлых лагеров до эль-пива.	https://бир.рф/shop/114/desc/khmel-khersbruker-hersbrucker-germanija-500-g	2.0-5.0 %	2.5-6.0 %	18.0-25.0 %	0.7-1.3
106	hop	херсбрукер / hersbrucker	powisle	германия	хмель в гранулах ароматный	beer.rf	50.0	г	159.0	rub	ароматный сорт немецкого хмеля, который привнесет в ваше пиво сочетание фруктов и цветов. урожай 2025| альфа: 3.8 % ароматный сорт немецкого хмеля, который привнесет в ваше пиво сочетание фруктов и цветов. урожай 2025| альфа: 3.8 %	хмель херсбрукер (hersbrucker), произрастающий в районе халлертау в германии, является одним из наиболее устойчивых сортов хмеля, который был выведен естественным путем. он успешно завоевал позиции оригинального хмеля халлертау благодаря своей высокой устойчивости к болезням и грибкам. херсбрукер имеет много общего с благородными сортами хмеля, так как содержит небольшое количество когумулона и обладает полностью ароматными свойствами с низким содержанием альфа-кислоты (2,0-5,0%). этот сорт хмеля широко используется в немецких сортах пива, и его присутствие придает напиткам сочетание фруктовых и специй с цветочными нотками. однако, помимо этой информации, есть еще несколько интересных фактов о херсбрукере, которые стоит упомянуть. хмель херсбрукер известен своим сбалансированным профилем эфирных масел, которые вносят особый характер в пиво. эти масла придают напитку уникальный аромат, в котором сочетаются фруктовые нюансы и пряные оттенки. благодаря этому, пиво, приготовленное с использованием херсбрукера, обладает ярким и сложным вкусом, который приятно удивляет поклонников пивоварения. хмель херсбрукер (hersbrucker), произрастающий в районе халлертау в германии, является одним из наиболее устойчивых сортов хмеля, который был выведен естественным путем. он успешно завоевал позиции оригинального хмеля халлертау благодаря своей высокой устойчивости к болезням и грибкам. херсбрукер имеет много общего с благородными сортами хмеля, так как содержит небольшое количество когумулона и обладает полностью ароматными свойствами с низким содержанием альфа-кислоты (2,0-5,0%). этот сорт хмеля широко используется в немецких сортах пива, и его присутствие придает напиткам сочетание фруктовых и специй с цветочными нотками. однако, помимо этой информации, есть еще несколько интересных фактов о херсбрукере, которые стоит упомянуть. хмель херсбрукер известен своим сбалансированным профилем эфирных масел, которые вносят особый характер в пиво. эти масла придают напитку уникальный аромат, в котором сочетаются фруктовые нюансы и пряные оттенки. благодаря этому, пиво, приготовленное с использованием херсбрукера, обладает ярким и сложным вкусом, который приятно удивляет поклонников пивоварения. кроме того, херсбрукер характеризуется своей умеренной горечью, что делает его идеальным выбором для пивоваров, желающих создать пиво с мягким и сбалансированным вкусом. низкое содержание альфа-кислоты в сочетании с ароматными свойствами делает херсбрукер подходящим для использования в различных стилях пива, от светлых лагеров до эль-пива.	https://бир.рф/shop/113/desc/khmel-khersbruker-hersbrucker-germanija-50-g	2.0-5.0 %	2.5-6.0 %	18.0-25.0 %	0.7-1.3
109	hop	херсбрукер / hersbrucker	powisle	германия	хмель в гранулах ароматный	beer.rf	100.0	г	264.0	rub	ароматный сорт немецкого хмеля, который привнесет в ваше пиво сочетание фруктов и цветов. урожай 2025| альфа: 3.8 % ароматный сорт немецкого хмеля, который привнесет в ваше пиво сочетание фруктов и цветов. урожай 2025| альфа: 3.8 %	хмель херсбрукер (hersbrucker), произрастающий в районе халлертау в германии, является одним из наиболее устойчивых сортов хмеля, который был выведен естественным путем. он успешно завоевал позиции оригинального хмеля халлертау благодаря своей высокой устойчивости к болезням и грибкам. херсбрукер имеет много общего с благородными сортами хмеля, так как содержит небольшое количество когумулона и обладает полностью ароматными свойствами с низким содержанием альфа-кислоты (2,0-5,0%). этот сорт хмеля широко используется в немецких сортах пива, и его присутствие придает напиткам сочетание фруктовых и специй с цветочными нотками. однако, помимо этой информации, есть еще несколько интересных фактов о херсбрукере, которые стоит упомянуть. хмель херсбрукер известен своим сбалансированным профилем эфирных масел, которые вносят особый характер в пиво. эти масла придают напитку уникальный аромат, в котором сочетаются фруктовые нюансы и пряные оттенки. благодаря этому, пиво, приготовленное с использованием херсбрукера, обладает ярким и сложным вкусом, который приятно удивляет поклонников пивоварения. хмель херсбрукер (hersbrucker), произрастающий в районе халлертау в германии, является одним из наиболее устойчивых сортов хмеля, который был выведен естественным путем. он успешно завоевал позиции оригинального хмеля халлертау благодаря своей высокой устойчивости к болезням и грибкам. херсбрукер имеет много общего с благородными сортами хмеля, так как содержит небольшое количество когумулона и обладает полностью ароматными свойствами с низким содержанием альфа-кислоты (2,0-5,0%). этот сорт хмеля широко используется в немецких сортах пива, и его присутствие придает напиткам сочетание фруктовых и специй с цветочными нотками. однако, помимо этой информации, есть еще несколько интересных фактов о херсбрукере, которые стоит упомянуть. хмель херсбрукер известен своим сбалансированным профилем эфирных масел, которые вносят особый характер в пиво. эти масла придают напитку уникальный аромат, в котором сочетаются фруктовые нюансы и пряные оттенки. благодаря этому, пиво, приготовленное с использованием херсбрукера, обладает ярким и сложным вкусом, который приятно удивляет поклонников пивоварения. кроме того, херсбрукер характеризуется своей умеренной горечью, что делает его идеальным выбором для пивоваров, желающих создать пиво с мягким и сбалансированным вкусом. низкое содержание альфа-кислоты в сочетании с ароматными свойствами делает херсбрукер подходящим для использования в различных стилях пива, от светлых лагеров до эль-пива.	https://бир.рф/shop/112/desc/khmel-khersbruker-hersbrucker-germanija-100-g	2.0-5.0 %	2.5-6.0 %	18.0-25.0 %	0.7-1.3
111	hop	халлертаур миттельфрю / hallertauer mittelfrüh	powisle	германия	хмель в гранулах универсальный	beer.rf	500.0	г	1540.0	rub	классический немецкий хмель подходит для пива в баварском стиле. хмель hallertau mittelfruh отличается интенсивной гармоничной горечью и мягким пряным ароматом с цветочными и цитрусовыми нотками. урожай 2025 | альфа: 4.2 % классический немецкий хмель подходит для пива в баварском стиле. хмель hallertau mittelfruh отличается интенсивной гармоничной горечью и мягким пряным ароматом с цветочными и цитрусовыми нотками. урожай 2025 | альфа: 4.2 %	халлертаур миттельфрю (hallertauer mittelfrüh) - благородный сорт хмеля с богатой историей, происходящей из германии. несмотря на то, что он находится на спаде в производстве, этот сорт все еще остается важным элементом для создания пива в немецком стиле. производство халлертаура миттельфрю сосредоточено в баварии, южном регионе германии, где идеальные климатические условия и плодородные почвы обеспечивают оптимальный рост и развитие хмеля. этот сорт известен своим ароматом и характером, которые придают пиву неповторимый вкус. халлертаур миттельфрю обладает альфа-кислотой в диапазоне от 3,5% до 5,5%. он также содержит высокие концентрации мирцена и кариофиллена, которые отвечают за его пряный аромат и характер. эти масла придают пиву особенную глубину и богатство вкуса, что делает его идеальным для использования в лагерном пиве. хотя халлертаур миттельфрю может быть заменен другими сортами хмеля с аналогичными пивоваренными качествами, его уникальный профиль аромата и характера продолжают привлекать пивоваров и ценителей пива. его использование в пивоварении добавляет особый оттенок и неповторимость в каждый глоток.	https://бир.рф/shop/135/desc/khmel-khallertaur-mittelfrju-hallertauer-mittelfruh-germanija-500-g	3.0-5.5 %	3.0-5.0 %	18.0-28.0 %	0.7-1.3
113	hop	истринский	агроресурсы	россия	хмель в гранулах ароматный	beer.rf	100.0	г	246.1	rub	ароматный сорт хмеля, который обладает нежным хмелевым привкусом и ярко выраженным сложным ароматом. урожай 2023 г | альфа-кислота 4,2 % ароматный сорт хмеля, который обладает нежным хмелевым привкусом и ярко выраженным сложным ароматом. урожай 2023 г | альфа-кислота 4,2 %	хмель истринский - это ароматный сорт хмеля обладающий нежным хмелевым привкусом и ароматом, которые добавляют особый шарм и характер пиву. в составе истринского хмеля содержится множество горьких веществ и ароматических компонентов, что делает его востребованным в пивоварении. этот сорт хмеля является универсальным и подходит для охмеления различных сортов пива. благодаря своей многогранности и богатому ароматическому профилю, истринский хмель может использоваться как для производства легких светлых сортов пива, так и для создания более насыщенных и крепких сортов, таких как бельгийские эли или стауты. альфа-кислота, которая является мерой горечи в хмеле, составляет 4,5%. это означает, что истринский хмель обладает низкой горечью, что делает его более привлекательным для пивоваров, как ароматический компонент пива.	https://бир.рф/shop/945/desc/khmel-istrinskij-rossija-100-g	4.0-4.5 %			
115	hop	голдингc / goldings	barth haas group	великобритания	хмель в гранулах ароматный	beer.rf	500.0	г	1671.6	rub	сбалансированный состав эфирных масел подарит вашему пиву мягкие фруктово-цветочные, немного травянистые ноты. урожай: 2024 | альфа: 3,5 % сбалансированный состав эфирных масел подарит вашему пиву мягкие фруктово-цветочные, немного травянистые ноты. урожай: 2024 | альфа: 3,5 %	хмель голдинг (golding) - является одним из самых премиальных сортов хмеля, выращенных на юго-востоке англии. он произрастает в различных окрестностях, таких как кент, восточный кент, петхам, ротершам, кентербери, ерли бирт и коббс. эти регионы известны своими аналогичными сортами хмеля, которые все помечаются как голдинг. хмель ист кент голдинг считается одним из наиболее ценных сортов и с гордостью продолжает выращиваться в этом регионе. великобританский голдингс также произрастает в графствах кент, вустершир, гемпшир и херефордшир. эти регионы известны своими уникальными условиями, благоприятными для выращивания хмеля. аромат голдингс является мягким и сладким, что делает его привлекательным для многих пивоваров. применяется пивоварами при кипячении или сухом охмелении для создания множества стилей пива, особенно для английского и бельгийского эля. хмель голдинг (golding) - является одним из самых премиальных сортов хмеля, выращенных на юго-востоке англии. он произрастает в различных окрестностях, таких как кент, восточный кент, петхам, ротершам, кентербери, ерли бирт и коббс. эти регионы известны своими аналогичными сортами хмеля, которые все помечаются как голдинг. хмель ист кент голдинг считается одним из наиболее ценных сортов и с гордостью продолжает выращиваться в этом регионе. великобританский голдингс также произрастает в графствах кент, вустершир, гемпшир и херефордшир. эти регионы известны своими уникальными условиями, благоприятными для выращивания хмеля. аромат голдингс является мягким и сладким, что делает его привлекательным для многих пивоваров. применяется пивоварами при кипячении или сухом охмелении для создания множества стилей пива, особенно для английского и бельгийского эля. хмель голдингс является низкоурожайным и требует особого внимания при сборе урожая. большие рыхлые шишки могут вызывать проблемы, если они пересушиваются на лозе слишком долго. кроме того, голдингс подвержен различным заболеваниям и плесени. тем не менее, благодаря своим уникальным свойствам, этот известный хмель продолжает оставаться востребованным в пивоваренной индустрии, определяя профиль английского эля.	https://бир.рф/shop/1286/desc/khmel-goldingc-goldings-velikobritanija-500-g	4.0-6.0 %	2.0-3.5 %	20.0-25.0 %	0.4-1.0
117	hop	голдингc / goldings	barth haas group	великобритания	хмель в гранулах ароматный	beer.rf	50.0	г	227.91	rub	сбалансированный состав эфирных масел подарит вашему пиву мягкие фруктово-цветочные, немного травянистые ноты. урожай: 2024 | альфа: 3,5 % сбалансированный состав эфирных масел подарит вашему пиву мягкие фруктово-цветочные, немного травянистые ноты. урожай: 2024 | альфа: 3,5 %	хмель голдинг (golding) - является одним из самых премиальных сортов хмеля, выращенных на юго-востоке англии. он произрастает в различных окрестностях, таких как кент, восточный кент, петхам, ротершам, кентербери, ерли бирт и коббс. эти регионы известны своими аналогичными сортами хмеля, которые все помечаются как голдинг. хмель ист кент голдинг считается одним из наиболее ценных сортов и с гордостью продолжает выращиваться в этом регионе. великобританский голдингс также произрастает в графствах кент, вустершир, гемпшир и херефордшир. эти регионы известны своими уникальными условиями, благоприятными для выращивания хмеля. аромат голдингс является мягким и сладким, что делает его привлекательным для многих пивоваров. применяется пивоварами при кипячении или сухом охмелении для создания множества стилей пива, особенно для английского и бельгийского эля. хмель голдинг (golding) - является одним из самых премиальных сортов хмеля, выращенных на юго-востоке англии. он произрастает в различных окрестностях, таких как кент, восточный кент, петхам, ротершам, кентербери, ерли бирт и коббс. эти регионы известны своими аналогичными сортами хмеля, которые все помечаются как голдинг. хмель ист кент голдинг считается одним из наиболее ценных сортов и с гордостью продолжает выращиваться в этом регионе. великобританский голдингс также произрастает в графствах кент, вустершир, гемпшир и херефордшир. эти регионы известны своими уникальными условиями, благоприятными для выращивания хмеля. аромат голдингс является мягким и сладким, что делает его привлекательным для многих пивоваров. применяется пивоварами при кипячении или сухом охмелении для создания множества стилей пива, особенно для английского и бельгийского эля. хмель голдингс является низкоурожайным и требует особого внимания при сборе урожая. большие рыхлые шишки могут вызывать проблемы, если они пересушиваются на лозе слишком долго. кроме того, голдингс подвержен различным заболеваниям и плесени. тем не менее, благодаря своим уникальным свойствам, этот известный хмель продолжает оставаться востребованным в пивоваренной индустрии, определяя профиль английского эля.	https://бир.рф/shop/969/desc/khmel-goldingc-goldings-velikobritanija-50-g	4.0-6.0 %	2.0-3.5 %	20.0-25.0 %	0.4-1.0
119	hop	голдингc / goldings	barth haas group	великобритания	хмель в гранулах ароматный	beer.rf	100.0	г	385.2	rub	сбалансированный состав эфирных масел подарит вашему пиву мягкие фруктово-цветочные, немного травянистые ноты. урожай: 2024 | альфа: 3,5 % сбалансированный состав эфирных масел подарит вашему пиву мягкие фруктово-цветочные, немного травянистые ноты. урожай: 2024 | альфа: 3,5 %	хмель голдинг (golding) - является одним из самых премиальных сортов хмеля, выращенных на юго-востоке англии. он произрастает в различных окрестностях, таких как кент, восточный кент, петхам, ротершам, кентербери, ерли бирт и коббс. эти регионы известны своими аналогичными сортами хмеля, которые все помечаются как голдинг. хмель ист кент голдинг считается одним из наиболее ценных сортов и с гордостью продолжает выращиваться в этом регионе. великобританский голдингс также произрастает в графствах кент, вустершир, гемпшир и херефордшир. эти регионы известны своими уникальными условиями, благоприятными для выращивания хмеля. аромат голдингс является мягким и сладким, что делает его привлекательным для многих пивоваров. применяется пивоварами при кипячении или сухом охмелении для создания множества стилей пива, особенно для английского и бельгийского эля. хмель голдинг (golding) - является одним из самых премиальных сортов хмеля, выращенных на юго-востоке англии. он произрастает в различных окрестностях, таких как кент, восточный кент, петхам, ротершам, кентербери, ерли бирт и коббс. эти регионы известны своими аналогичными сортами хмеля, которые все помечаются как голдинг. хмель ист кент голдинг считается одним из наиболее ценных сортов и с гордостью продолжает выращиваться в этом регионе. великобританский голдингс также произрастает в графствах кент, вустершир, гемпшир и херефордшир. эти регионы известны своими уникальными условиями, благоприятными для выращивания хмеля. аромат голдингс является мягким и сладким, что делает его привлекательным для многих пивоваров. применяется пивоварами при кипячении или сухом охмелении для создания множества стилей пива, особенно для английского и бельгийского эля. хмель голдингс является низкоурожайным и требует особого внимания при сборе урожая. большие рыхлые шишки могут вызывать проблемы, если они пересушиваются на лозе слишком долго. кроме того, голдингс подвержен различным заболеваниям и плесени. тем не менее, благодаря своим уникальным свойствам, этот известный хмель продолжает оставаться востребованным в пивоваренной индустрии, определяя профиль английского эля.	https://бир.рф/shop/1285/desc/khmel-goldingc-goldings-velikobritanija-100-g	4.0-6.0 %	2.0-3.5 %	20.0-25.0 %	0.4-1.0
121	hop	ариана / ariana	spalter hopfen	германия	хмель в гранулах ароматный	beer.rf	500.0	г	968.35	rub	ароматный хмель хорошо подходящий для сухого охмеления. привнесет в пиво ароматы черной смородины, персика, груши, тропических фруктов и ванили. урожай 2023 г | альфа-кислота: 8.2% ароматный хмель хорошо подходящий для сухого охмеления. привнесет в пиво ароматы черной смородины, персика, груши, тропических фруктов и ванили. урожай 2023 г | альфа-кислота: 8.2%	хмель ариана (ariana) - это прекрасный выбор для сухого охмеления пива. он обладает уникальными ароматами, которые могут придать напитку нотки черной смородины, персика, груши, тропических фруктов и ванили. этот хмель отличается приятной мягкой ароматикой, с небольшими смолистыми нотками. влияние хмеля ariana на пиво зависит от его типа и дозировки. если использовать его в различных количествах, можно достичь разнообразия в аромате и вкусе пива. например, при добавлении большего количества хмеля ariana, пиво может приобрести цитрусовые и грейпфрутовые нотки, а также некоторую кислинку от черной смородины и крыжовника. если же использовать меньшее количество хмеля, то можно добиться более сдержанного аромата, где преобладают нотки персика, груши и тропических фруктов. хмель ариана (ariana) - это прекрасный выбор для сухого охмеления пива. он обладает уникальными ароматами, которые могут придать напитку нотки черной смородины, персика, груши, тропических фруктов и ванили. этот хмель отличается приятной мягкой ароматикой, с небольшими смолистыми нотками. влияние хмеля ariana на пиво зависит от его типа и дозировки. если использовать его в различных количествах, можно достичь разнообразия в аромате и вкусе пива. например, при добавлении большего количества хмеля ariana, пиво может приобрести цитрусовые и грейпфрутовые нотки, а также некоторую кислинку от черной смородины и крыжовника. если же использовать меньшее количество хмеля, то можно добиться более сдержанного аромата, где преобладают нотки персика, груши и тропических фруктов. кроме того, хмель ariana обладает не только ароматическими свойствами, но и может внести некоторую горечь в пиво. это нужно учитывать при его использовании, чтобы достичь желаемого баланса между ароматом и горечью в напитке.	https://бир.рф/shop/1095/desc/khmel-ariana-ariana-germanija-500-g	9.0-13.0 %	4.5-6.0 %	40.0-42.0 %	1.6-2.4
122	hop	ариана / ariana	spalter hopfen	германия	хмель в гранулах ароматный	beer.rf	50.0	г	156.22	rub	ароматный хмель хорошо подходящий для сухого охмеления. привнесет в пиво ароматы черной смородины, персика, груши, тропических фруктов и ванили. урожай 2023 г | альфа-кислота: 8.2% ароматный хмель хорошо подходящий для сухого охмеления. привнесет в пиво ароматы черной смородины, персика, груши, тропических фруктов и ванили. урожай 2023 г | альфа-кислота: 8.2%	хмель ариана (ariana) - это прекрасный выбор для сухого охмеления пива. он обладает уникальными ароматами, которые могут придать напитку нотки черной смородины, персика, груши, тропических фруктов и ванили. этот хмель отличается приятной мягкой ароматикой, с небольшими смолистыми нотками. влияние хмеля ariana на пиво зависит от его типа и дозировки. если использовать его в различных количествах, можно достичь разнообразия в аромате и вкусе пива. например, при добавлении большего количества хмеля ariana, пиво может приобрести цитрусовые и грейпфрутовые нотки, а также некоторую кислинку от черной смородины и крыжовника. если же использовать меньшее количество хмеля, то можно добиться более сдержанного аромата, где преобладают нотки персика, груши и тропических фруктов. хмель ариана (ariana) - это прекрасный выбор для сухого охмеления пива. он обладает уникальными ароматами, которые могут придать напитку нотки черной смородины, персика, груши, тропических фруктов и ванили. этот хмель отличается приятной мягкой ароматикой, с небольшими смолистыми нотками. влияние хмеля ariana на пиво зависит от его типа и дозировки. если использовать его в различных количествах, можно достичь разнообразия в аромате и вкусе пива. например, при добавлении большего количества хмеля ariana, пиво может приобрести цитрусовые и грейпфрутовые нотки, а также некоторую кислинку от черной смородины и крыжовника. если же использовать меньшее количество хмеля, то можно добиться более сдержанного аромата, где преобладают нотки персика, груши и тропических фруктов. кроме того, хмель ariana обладает не только ароматическими свойствами, но и может внести некоторую горечь в пиво. это нужно учитывать при его использовании, чтобы достичь желаемого баланса между ароматом и горечью в напитке.	https://бир.рф/shop/975/desc/khmel-ariana-ariana-germanija-50-g	9.0-13.0 %	4.5-6.0 %	40.0-42.0 %	1.6-2.4
125	hop	ариана / ariana	spalter hopfen	германия	хмель в гранулах ароматный	beer.rf	100.0	г	227.91	rub	ароматный хмель хорошо подходящий для сухого охмеления. привнесет в пиво ароматы черной смородины, персика, груши, тропических фруктов и ванили. урожай 2023 г | альфа-кислота: 8.2% ароматный хмель хорошо подходящий для сухого охмеления. привнесет в пиво ароматы черной смородины, персика, груши, тропических фруктов и ванили. урожай 2023 г | альфа-кислота: 8.2%	хмель ариана (ariana) - это прекрасный выбор для сухого охмеления пива. он обладает уникальными ароматами, которые могут придать напитку нотки черной смородины, персика, груши, тропических фруктов и ванили. этот хмель отличается приятной мягкой ароматикой, с небольшими смолистыми нотками. влияние хмеля ariana на пиво зависит от его типа и дозировки. если использовать его в различных количествах, можно достичь разнообразия в аромате и вкусе пива. например, при добавлении большего количества хмеля ariana, пиво может приобрести цитрусовые и грейпфрутовые нотки, а также некоторую кислинку от черной смородины и крыжовника. если же использовать меньшее количество хмеля, то можно добиться более сдержанного аромата, где преобладают нотки персика, груши и тропических фруктов. хмель ариана (ariana) - это прекрасный выбор для сухого охмеления пива. он обладает уникальными ароматами, которые могут придать напитку нотки черной смородины, персика, груши, тропических фруктов и ванили. этот хмель отличается приятной мягкой ароматикой, с небольшими смолистыми нотками. влияние хмеля ariana на пиво зависит от его типа и дозировки. если использовать его в различных количествах, можно достичь разнообразия в аромате и вкусе пива. например, при добавлении большего количества хмеля ariana, пиво может приобрести цитрусовые и грейпфрутовые нотки, а также некоторую кислинку от черной смородины и крыжовника. если же использовать меньшее количество хмеля, то можно добиться более сдержанного аромата, где преобладают нотки персика, груши и тропических фруктов. кроме того, хмель ariana обладает не только ароматическими свойствами, но и может внести некоторую горечь в пиво. это нужно учитывать при его использовании, чтобы достичь желаемого баланса между ароматом и горечью в напитке.	https://бир.рф/shop/1094/desc/khmel-ariana-ariana-germanija-100-g	9.0-13.0 %	4.5-6.0 %	40.0-42.0 %	1.6-2.4
127	hop	энигма / enigma	barth haas group	австралия	хмель в гранулах ароматный	beer.rf	500.0	г	2797.0	rub	"""загадочный"" сорт хмеля, который лучше использовать при позднем кипячение или на сухое охмеление. придаст ароматы малины и красной смородины с нотками белого вина. урожай 2025 г | альфа кислота 19 % ""загадочный"" сорт хмеля, который лучше использовать при позднем кипячение или на сухое охмеление. придаст ароматы малины и красной смородины с нотками белого вина. урожай 2025 г | альфа кислота 19 %"	хмель энигма (enigma) - настоящая загадка в мире пивоварения. этот уникальный сорт хмеля, разработанный в австралии, привлекает внимание своими удивительными ароматическими свойствами и необычным сочетанием вкусов. созданный благодаря использованию швейцарского хмеля теттнанг и североамериканского хмеля, энигма быстро завоевал сердца австралийских пивоваров. его первые экспериментальные варки вызвали восторг, и в результате было решено расширить насаждения этого хмеля на тасмании. в 2015 году наступил долгожданный момент первого урожая хмеля энигма. уникальный аромат напоминает тропические фрукты, ягоды и косточковые фрукты. вы можете почувствовать нотки сочных красных фруктов, таких как малина и красная смородина. но самое удивительное в этом хмеле - это его нотки белого вина. это придает пиву особую изысканность и делает его по-настоящему уникальным. хмель энигма (enigma) - настоящая загадка в мире пивоварения. этот уникальный сорт хмеля, разработанный в австралии, привлекает внимание своими удивительными ароматическими свойствами и необычным сочетанием вкусов. созданный благодаря использованию швейцарского хмеля теттнанг и североамериканского хмеля, энигма быстро завоевал сердца австралийских пивоваров. его первые экспериментальные варки вызвали восторг, и в результате было решено расширить насаждения этого хмеля на тасмании. в 2015 году наступил долгожданный момент первого урожая хмеля энигма. уникальный аромат напоминает тропические фрукты, ягоды и косточковые фрукты. вы можете почувствовать нотки сочных красных фруктов, таких как малина и красная смородина. но самое удивительное в этом хмеле - это его нотки белого вина. это придает пиву особую изысканность и делает его по-настоящему уникальным. хмель энигма широко используется в позднем кипячении пива, а также при сухом охмелении. его ароматические свойства отлично сочетаются с различными сортами пива, придавая им новые глубины и оттенки вкуса. благодаря энигме, пивовары могут создавать пиво с неповторимым характером и уникальным ароматом.	https://бир.рф/shop/232/desc/khmel-ehnigma-enigma-avstralija-500-g	13.5-19.4 %	4.5-7.1 %	37.0-47.0 %	1.8-3.5
129	hop	энигма / enigma	barth haas group	австралия	хмель в гранулах ароматный	beer.rf	50.0	г	369.0	rub	"""загадочный"" сорт хмеля, который лучше использовать при позднем кипячение или на сухое охмеление. придаст ароматы малины и красной смородины с нотками белого вина. урожай 2025 г | альфа кислота 19 % ""загадочный"" сорт хмеля, который лучше использовать при позднем кипячение или на сухое охмеление. придаст ароматы малины и красной смородины с нотками белого вина. урожай 2025 г | альфа кислота 19 %"	хмель энигма (enigma) - настоящая загадка в мире пивоварения. этот уникальный сорт хмеля, разработанный в австралии, привлекает внимание своими удивительными ароматическими свойствами и необычным сочетанием вкусов. созданный благодаря использованию швейцарского хмеля теттнанг и североамериканского хмеля, энигма быстро завоевал сердца австралийских пивоваров. его первые экспериментальные варки вызвали восторг, и в результате было решено расширить насаждения этого хмеля на тасмании. в 2015 году наступил долгожданный момент первого урожая хмеля энигма. уникальный аромат напоминает тропические фрукты, ягоды и косточковые фрукты. вы можете почувствовать нотки сочных красных фруктов, таких как малина и красная смородина. но самое удивительное в этом хмеле - это его нотки белого вина. это придает пиву особую изысканность и делает его по-настоящему уникальным. хмель энигма (enigma) - настоящая загадка в мире пивоварения. этот уникальный сорт хмеля, разработанный в австралии, привлекает внимание своими удивительными ароматическими свойствами и необычным сочетанием вкусов. созданный благодаря использованию швейцарского хмеля теттнанг и североамериканского хмеля, энигма быстро завоевал сердца австралийских пивоваров. его первые экспериментальные варки вызвали восторг, и в результате было решено расширить насаждения этого хмеля на тасмании. в 2015 году наступил долгожданный момент первого урожая хмеля энигма. уникальный аромат напоминает тропические фрукты, ягоды и косточковые фрукты. вы можете почувствовать нотки сочных красных фруктов, таких как малина и красная смородина. но самое удивительное в этом хмеле - это его нотки белого вина. это придает пиву особую изысканность и делает его по-настоящему уникальным. хмель энигма широко используется в позднем кипячении пива, а также при сухом охмелении. его ароматические свойства отлично сочетаются с различными сортами пива, придавая им новые глубины и оттенки вкуса. благодаря энигме, пивовары могут создавать пиво с неповторимым характером и уникальным ароматом.	https://бир.рф/shop/234/desc/khmel-ehnigma-enigma-avstralija-50-g	13.5-19.4 %	4.5-7.1 %	37.0-47.0 %	1.8-3.5
131	hop	энигма / enigma	barth haas group	австралия	хмель в гранулах ароматный	beer.rf	100.0	г	646.0	rub	"""загадочный"" сорт хмеля, который лучше использовать при позднем кипячение или на сухое охмеление. придаст ароматы малины и красной смородины с нотками белого вина. урожай 2025 г | альфа кислота 18,9 % ""загадочный"" сорт хмеля, который лучше использовать при позднем кипячение или на сухое охмеление. придаст ароматы малины и красной смородины с нотками белого вина. урожай 2025 г | альфа кислота 18,9 %"	хмель энигма (enigma) - настоящая загадка в мире пивоварения. этот уникальный сорт хмеля, разработанный в австралии, привлекает внимание своими удивительными ароматическими свойствами и необычным сочетанием вкусов. созданный благодаря использованию швейцарского хмеля теттнанг и североамериканского хмеля, энигма быстро завоевал сердца австралийских пивоваров. его первые экспериментальные варки вызвали восторг, и в результате было решено расширить насаждения этого хмеля на тасмании. в 2015 году наступил долгожданный момент первого урожая хмеля энигма. уникальный аромат напоминает тропические фрукты, ягоды и косточковые фрукты. вы можете почувствовать нотки сочных красных фруктов, таких как малина и красная смородина. но самое удивительное в этом хмеле - это его нотки белого вина. это придает пиву особую изысканность и делает его по-настоящему уникальным. хмель энигма (enigma) - настоящая загадка в мире пивоварения. этот уникальный сорт хмеля, разработанный в австралии, привлекает внимание своими удивительными ароматическими свойствами и необычным сочетанием вкусов. созданный благодаря использованию швейцарского хмеля теттнанг и североамериканского хмеля, энигма быстро завоевал сердца австралийских пивоваров. его первые экспериментальные варки вызвали восторг, и в результате было решено расширить насаждения этого хмеля на тасмании. в 2015 году наступил долгожданный момент первого урожая хмеля энигма. уникальный аромат напоминает тропические фрукты, ягоды и косточковые фрукты. вы можете почувствовать нотки сочных красных фруктов, таких как малина и красная смородина. но самое удивительное в этом хмеле - это его нотки белого вина. это придает пиву особую изысканность и делает его по-настоящему уникальным. хмель энигма широко используется в позднем кипячении пива, а также при сухом охмелении. его ароматические свойства отлично сочетаются с различными сортами пива, придавая им новые глубины и оттенки вкуса. благодаря энигме, пивовары могут создавать пиво с неповторимым характером и уникальным ароматом.	https://бир.рф/shop/233/desc/khmel-ehnigma-enigma-avstralija-100-g	13.5-19.4 %	4.5-7.1 %	37.0-47.0 %	1.8-3.5
133	hop	эль дорадо / el dorado	glacier hops	сша	хмель в гранулах универсальный	beer.rf	500.0	г	1920.0	rub	универсальный хмель с исключительным ароматическим качеством и высокой альфа-кислотой. отображает фруктовые ноты, со вкусом тропических фруктов, а так же имеет грушевый и арбузные ноты. урожай 2025 | альфа кислота 11,7 % универсальный хмель с исключительным ароматическим качеством и высокой альфа-кислотой. отображает фруктовые ноты, со вкусом тропических фруктов, а так же имеет грушевый и арбузные ноты. урожай 2025 | альфа кислота 11,7 %	эль дорадо (el dorado) - это захватывающий новый хмель, который привлекает внимание своими уникальными ароматическими характеристиками и высоким содержанием альфа-кислот. выращивание этого хмеля происходит в долине мокси, расположенной в штате вашингтон, сша. мокси - это прекрасная долина с прохладным климатом, которая находится в северной части округа якима. благодаря этому климату, здесь процветают культуры с превосходными ароматическими свойствами. хмель эль дорадо был разработан и выращен компанией cls farms в 2008 году, а в 2010 году был представлен на рынок. cls farms известны своими инновационными подходами к выращиванию хмеля и представили множество различных семейств этого растения. эль дорадо - это многогранный хмель с уникальными ароматическими качествами и высоким содержанием альфа-кислоты. один из главных привлекательных аспектов эль дорадо - это его фруктовые ноты, которые напоминают тропические фрукты. вкус этого хмеля также включает оттенки груши и арбуза, что придает ему особую привлекательность для пивоваров и любителей крафтового пива. эль дорадо созревает с начала и до середины сезона, что делает его важным ингредиентом для многих пивоваренных проектов.	https://бир.рф/shop/171/desc/khmel-ehl-dorado-el-dorado-ssha-500-g	11.0-14.6 %	7.0-8.0 %	28.0-33.0 %	2.5-2.8
135	hop	эль дорадо / el dorado	glacier hops	сша	хмель в гранулах универсальный	beer.rf	50.0	г	256.0	rub	универсальный хмель с исключительным ароматическим качеством и высокой альфа-кислотой. отображает фруктовые ноты, со вкусом тропических фруктов, а так же имеет грушевый и арбузные ноты. урожай 2025 | альфа кислота 11,7 % универсальный хмель с исключительным ароматическим качеством и высокой альфа-кислотой. отображает фруктовые ноты, со вкусом тропических фруктов, а так же имеет грушевый и арбузные ноты. урожай 2025 | альфа кислота 11,7 %	эль дорадо (el dorado) - это захватывающий новый хмель, который привлекает внимание своими уникальными ароматическими характеристиками и высоким содержанием альфа-кислот. выращивание этого хмеля происходит в долине мокси, расположенной в штате вашингтон, сша. мокси - это прекрасная долина с прохладным климатом, которая находится в северной части округа якима. благодаря этому климату, здесь процветают культуры с превосходными ароматическими свойствами. хмель эль дорадо был разработан и выращен компанией cls farms в 2008 году, а в 2010 году был представлен на рынок. cls farms известны своими инновационными подходами к выращиванию хмеля и представили множество различных семейств этого растения. эль дорадо - это многогранный хмель с уникальными ароматическими качествами и высоким содержанием альфа-кислоты. один из главных привлекательных аспектов эль дорадо - это его фруктовые ноты, которые напоминают тропические фрукты. вкус этого хмеля также включает оттенки груши и арбуза, что придает ему особую привлекательность для пивоваров и любителей крафтового пива. эль дорадо созревает с начала и до середины сезона, что делает его важным ингредиентом для многих пивоваренных проектов.	https://бир.рф/shop/169/desc/khmel-ehl-dorado-el-dorado-ssha-50-g	11.0-14.6 %	7.0-8.0 %	28.0-33.0 %	2.5-2.8
136	hop	эль дорадо / el dorado	glacier hops	сша	хмель в гранулах универсальный	beer.rf	100.0	г	445.0	rub	универсальный хмель с исключительным ароматическим качеством и высокой альфа-кислотой. отображает фруктовые ноты, со вкусом тропических фруктов, а так же имеет грушевый и арбузные ноты. урожай 2025 | альфа кислота 11,7 % универсальный хмель с исключительным ароматическим качеством и высокой альфа-кислотой. отображает фруктовые ноты, со вкусом тропических фруктов, а так же имеет грушевый и арбузные ноты. урожай 2025 | альфа кислота 11,7 %	эль дорадо (el dorado) - это захватывающий новый хмель, который привлекает внимание своими уникальными ароматическими характеристиками и высоким содержанием альфа-кислот. выращивание этого хмеля происходит в долине мокси, расположенной в штате вашингтон, сша. мокси - это прекрасная долина с прохладным климатом, которая находится в северной части округа якима. благодаря этому климату, здесь процветают культуры с превосходными ароматическими свойствами. хмель эль дорадо был разработан и выращен компанией cls farms в 2008 году, а в 2010 году был представлен на рынок. cls farms известны своими инновационными подходами к выращиванию хмеля и представили множество различных семейств этого растения. эль дорадо - это многогранный хмель с уникальными ароматическими качествами и высоким содержанием альфа-кислоты. один из главных привлекательных аспектов эль дорадо - это его фруктовые ноты, которые напоминают тропические фрукты. вкус этого хмеля также включает оттенки груши и арбуза, что придает ему особую привлекательность для пивоваров и любителей крафтового пива. эль дорадо созревает с начала и до середины сезона, что делает его важным ингредиентом для многих пивоваренных проектов.	https://бир.рф/shop/170/desc/khmel-ehl-dorado-el-dorado-ssha-100-g	11.0-14.6 %	7.0-8.0 %	28.0-33.0 %	2.5-2.8
138	hop	экуанот / ekuanot aka эквинокс / equinox	john i. haas	сша	хмель в гранулах универсальный	beer.rf	50.0	г	285.0	rub	относительно новый сорт американского хмеля, которому присущ аромат дыни, ягод, цитруса, лимона, яблока, папайя и зеленого перца. он также подойдет на горечь. урожай 2024 г | альфа-кислота: 15,2 % относительно новый сорт американского хмеля, которому присущ аромат дыни, ягод, цитруса, лимона, яблока, папайя и зеленого перца. он также подойдет на горечь. урожай 2024 г | альфа-кислота: 15,2 %	экуанот (ekuanot), также известен как эквинокс (equinox) - это захватывающий новый сорт американского хмеля, который был разработан селекционерами ранчо якима в штате вашингтон. это же селекционное хозяйство ранее порадовало нас такими известными сортами хмеля, как цитра, мозаика и симкое. экуанот - это их последнее творение, и оно действительно заслуживает внимания. когда весна приходит в штат вашингтон, почва начинает дарить нам ярко-желтые шишки хмеля экуанот, которые к середине осени превращаются в глубоко-зеленые шишки с высоким содержанием эфирных масел и привлекательным ароматом. аромат экуанота можно описать как смесь дыни, ягод, цитрусовых, лимона, яблока, папайи и зеленого перца. это дает пиву неповторимый и яркий характер. однако, не только аромат делает экуанот таким уникальным. этот сорт хмеля также обладает высоким содержанием альфа-кислот и средним количеством когумулона, что делает его отличным выбором для ранних добавок в котел, чтобы придать пиву характерную хмелевую горечь. кроме того высокое содержание эфирных масел позволяет использовать его и для поздних добавок в котел или для сухого охмеления, чтобы достичь более яркого аромата. экуанот (ekuanot), также известен как эквинокс (equinox) - это захватывающий новый сорт американского хмеля, который был разработан селекционерами ранчо якима в штате вашингтон. это же селекционное хозяйство ранее порадовало нас такими известными сортами хмеля, как цитра, мозаика и симкое. экуанот - это их последнее творение, и оно действительно заслуживает внимания. когда весна приходит в штат вашингтон, почва начинает дарить нам ярко-желтые шишки хмеля экуанот, которые к середине осени превращаются в глубоко-зеленые шишки с высоким содержанием эфирных масел и привлекательным ароматом. аромат экуанота можно описать как смесь дыни, ягод, цитрусовых, лимона, яблока, папайи и зеленого перца. это дает пиву неповторимый и яркий характер. однако, не только аромат делает экуанот таким уникальным. этот сорт хмеля также обладает высоким содержанием альфа-кислот и средним количеством когумулона, что делает его отличным выбором для ранних добавок в котел, чтобы придать пиву характерную хмелевую горечь. кроме того высокое содержание эфирных масел позволяет использовать его и для поздних добавок в котел или для сухого охмеления, чтобы достичь более яркого аромата. экуанот имеет множество применений в пивоварении. он может быть использован для создания различных стилей пива, от светлых эль до смелых ipa. благодаря своим ароматическим свойствам и хорошо сбалансированному профилю альфа-кислот, экуанот предлагает пивовару широкий спектр возможностей для экспериментов и создания уникальных вкусовых комбинаций.	https://бир.рф/shop/183/desc/khmel-ehkuanot-ekuanot-aka-ehkvinoks-equinox-ssha-50-g	14.5-15.5 %	4.5-5.5 %	32.0-38.0 %	2.5-4.5
140	hop	экуанот / ekuanot aka эквинокс / equinox	john i. haas	сша	хмель в гранулах универсальный	beer.rf	100.0	г	497.0	rub	относительно новый сорт американского хмеля, которому присущ аромат дыни, ягод, цитруса, лимона, яблока, папайя и зеленого перца. он также подойдет на горечь. урожай 2024 г | альфа-кислота: 15,2 % относительно новый сорт американского хмеля, которому присущ аромат дыни, ягод, цитруса, лимона, яблока, папайя и зеленого перца. он также подойдет на горечь. урожай 2024 г | альфа-кислота: 15,2 %	экуанот (ekuanot), также известен как эквинокс (equinox) - это захватывающий новый сорт американского хмеля, который был разработан селекционерами ранчо якима в штате вашингтон. это же селекционное хозяйство ранее порадовало нас такими известными сортами хмеля, как цитра, мозаика и симкое. экуанот - это их последнее творение, и оно действительно заслуживает внимания. когда весна приходит в штат вашингтон, почва начинает дарить нам ярко-желтые шишки хмеля экуанот, которые к середине осени превращаются в глубоко-зеленые шишки с высоким содержанием эфирных масел и привлекательным ароматом. аромат экуанота можно описать как смесь дыни, ягод, цитрусовых, лимона, яблока, папайи и зеленого перца. это дает пиву неповторимый и яркий характер. однако, не только аромат делает экуанот таким уникальным. этот сорт хмеля также обладает высоким содержанием альфа-кислот и средним количеством когумулона, что делает его отличным выбором для ранних добавок в котел, чтобы придать пиву характерную хмелевую горечь. кроме того высокое содержание эфирных масел позволяет использовать его и для поздних добавок в котел или для сухого охмеления, чтобы достичь более яркого аромата. экуанот (ekuanot), также известен как эквинокс (equinox) - это захватывающий новый сорт американского хмеля, который был разработан селекционерами ранчо якима в штате вашингтон. это же селекционное хозяйство ранее порадовало нас такими известными сортами хмеля, как цитра, мозаика и симкое. экуанот - это их последнее творение, и оно действительно заслуживает внимания. когда весна приходит в штат вашингтон, почва начинает дарить нам ярко-желтые шишки хмеля экуанот, которые к середине осени превращаются в глубоко-зеленые шишки с высоким содержанием эфирных масел и привлекательным ароматом. аромат экуанота можно описать как смесь дыни, ягод, цитрусовых, лимона, яблока, папайи и зеленого перца. это дает пиву неповторимый и яркий характер. однако, не только аромат делает экуанот таким уникальным. этот сорт хмеля также обладает высоким содержанием альфа-кислот и средним количеством когумулона, что делает его отличным выбором для ранних добавок в котел, чтобы придать пиву характерную хмелевую горечь. кроме того высокое содержание эфирных масел позволяет использовать его и для поздних добавок в котел или для сухого охмеления, чтобы достичь более яркого аромата. экуанот имеет множество применений в пивоварении. он может быть использован для создания различных стилей пива, от светлых эль до смелых ipa. благодаря своим ароматическим свойствам и хорошо сбалансированному профилю альфа-кислот, экуанот предлагает пивовару широкий спектр возможностей для экспериментов и создания уникальных вкусовых комбинаций.	https://бир.рф/shop/182/desc/khmel-ehkuanot-ekuanot-aka-ehkvinoks-equinox-ssha-100-g	14.5-15.5 %	4.5-5.5 %	32.0-38.0 %	2.5-4.5
143	hop	экуанот / ekuanot aka эквинокс / equinox	john i. haas	сша	хмель в гранулах универсальный	beer.rf	500.0	г	2146.0	rub	относительно новый сорт американского хмеля, которому присущ аромат дыни, ягод, цитруса, лимона, яблока, папайя и зеленого перца. он также отлично подойдет на горечь. урожай 2024 г | альфа-кислота: 15,2 % относительно новый сорт американского хмеля, которому присущ аромат дыни, ягод, цитруса, лимона, яблока, папайя и зеленого перца. он также отлично подойдет на горечь. урожай 2024 г | альфа-кислота: 15,2 %	экуанот (ekuanot), также известен как эквинокс (equinox) - это захватывающий новый сорт американского хмеля, который был разработан селекционерами ранчо якима в штате вашингтон. это же селекционное хозяйство ранее порадовало нас такими известными сортами хмеля, как цитра, мозаика и симкое. экуанот - это их последнее творение, и оно действительно заслуживает внимания. когда весна приходит в штат вашингтон, почва начинает дарить нам ярко-желтые шишки хмеля экуанот, которые к середине осени превращаются в глубоко-зеленые шишки с высоким содержанием эфирных масел и привлекательным ароматом. аромат экуанота можно описать как смесь дыни, ягод, цитрусовых, лимона, яблока, папайи и зеленого перца. это дает пиву неповторимый и яркий характер. однако, не только аромат делает экуанот таким уникальным. этот сорт хмеля также обладает высоким содержанием альфа-кислот и средним количеством когумулона, что делает его отличным выбором для ранних добавок в котел, чтобы придать пиву характерную хмелевую горечь. кроме того высокое содержание эфирных масел позволяет использовать его и для поздних добавок в котел или для сухого охмеления, чтобы достичь более яркого аромата. экуанот (ekuanot), также известен как эквинокс (equinox) - это захватывающий новый сорт американского хмеля, который был разработан селекционерами ранчо якима в штате вашингтон. это же селекционное хозяйство ранее порадовало нас такими известными сортами хмеля, как цитра, мозаика и симкое. экуанот - это их последнее творение, и оно действительно заслуживает внимания. когда весна приходит в штат вашингтон, почва начинает дарить нам ярко-желтые шишки хмеля экуанот, которые к середине осени превращаются в глубоко-зеленые шишки с высоким содержанием эфирных масел и привлекательным ароматом. аромат экуанота можно описать как смесь дыни, ягод, цитрусовых, лимона, яблока, папайи и зеленого перца. это дает пиву неповторимый и яркий характер. однако, не только аромат делает экуанот таким уникальным. этот сорт хмеля также обладает высоким содержанием альфа-кислот и средним количеством когумулона, что делает его отличным выбором для ранних добавок в котел, чтобы придать пиву характерную хмелевую горечь. кроме того высокое содержание эфирных масел позволяет использовать его и для поздних добавок в котел или для сухого охмеления, чтобы достичь более яркого аромата. экуанот имеет множество применений в пивоварении. он может быть использован для создания различных стилей пива, от светлых эль до смелых ipa. благодаря своим ароматическим свойствам и хорошо сбалансированному профилю альфа-кислот, экуанот предлагает пивовару широкий спектр возможностей для экспериментов и создания уникальных вкусовых комбинаций.	https://бир.рф/shop/181/desc/khmel-ehkuanot-ekuanot-aka-ehkvinoks-equinox-ssha-500-g	14.5-15.5 %	4.5-5.5 %	32.0-38.0 %	2.5-4.5
145	hop	шпальтер селект / spalter select	ign	германия	хмель в гранулах ароматный	beer.rf	500.0	г	1133.0	rub	ароматный хмель с мягкими, слегка пряными нотками. он также сопоставим с жатецким хмелем и идеально подходит для лагеров, пильзнеров, и других сортов пива в немецком стиле. урожай 2024 | альфа кислота 6 % ароматный хмель с мягкими, слегка пряными нотками. он также сопоставим с жатецким хмелем и идеально подходит для лагеров, пильзнеров, и других сортов пива в немецком стиле. урожай 2024 | альфа кислота 6 %	хмель шпальтер селект (spalter select) - это замечательный сорт хмеля, который был разработан в нии хмеля в халле путем скрещивания хмелей шпальт и халлертаур мителльфрю. его появление пришлось на конец 1980-х годов, когда было решено создать новый сорт, который мог бы заменить популярный шпальт и обладал бы более высокими характеристиками. шпальтер селект относится к благородным сортам хмеля, так как содержит низкое количество когумулона. его уровень альфа-кислоты составляет примерно от 3,5% до 5,5%, при это обладает мягким ароматом, который напоминает шпальт, но с некоторой специфичностью. это делает его идеальным выбором для различных немецких стилей пива, таких как лагеры, пильзнеры и другие. хмель шпальтер селект (spalter select) - это замечательный сорт хмеля, который был разработан в нии хмеля в халле путем скрещивания хмелей шпальт и халлертаур мителльфрю. его появление пришлось на конец 1980-х годов, когда было решено создать новый сорт, который мог бы заменить популярный шпальт и обладал бы более высокими характеристиками. шпальтер селект относится к благородным сортам хмеля, так как содержит низкое количество когумулона. его уровень альфа-кислоты составляет примерно от 3,5% до 5,5%, при это обладает мягким ароматом, который напоминает шпальт, но с некоторой специфичностью. это делает его идеальным выбором для различных немецких стилей пива, таких как лагеры, пильзнеры и другие. хмель шпальтер селект также сравнивают с другим популярным немецким сортом хмеля - жатецким. оба сорта обладают схожими характеристиками и широко используются в немецком стиле пивоварения. это открывает возможности для экспериментов и создания новых вкусовых комбинаций.	https://бир.рф/shop/147/desc/khmel-shpalter-selekt-spalter-select-germanija-500-g	3.0-6.5 %	2.5-5.0 %	21.0-27.0 %	0.6-0.9
147	hop	циндао флауэр / tsingtao flower		хмель в гранулах универсальный	100 г	beer.rf	100.0	г	180.0	rub	самый востребованный и популярный универсальный сорт хмеля из поднебесной. по характеристикам похож на американский хмель каскад. урожай 2024 | альфа кислота 6,5 % самый востребованный и популярный универсальный сорт хмеля из поднебесной. по характеристикам похож на американский хмель каскад. урожай 2024 | альфа кислота 6,5 %	хмель циндао флауэр (tsingtao flower) - является гордостью народной республики китай и главным хмелевым сортом, представленным на рынке. этот сорт занимает до 90% общего производства хмеля в регионе и привлекает внимание своим уникальным ароматом и вкусом. в аромате циндао флауэр преобладают ягодные ноты, особенно черная смородина, которая придает пиву освежающий и фруктовый оттенок. но это только начало - в этом хмеле также можно обнаружить древесно-пряные нюансы табака, нотки чая и даже аромат жасмина. это сочетание создает уникальный ароматный букет, который привлекает пиволюбов со всего мира. однако аромат - это только одна сторона циндао флауэр. вкусовой профиль этого сорта характеризуется яркими цитрусовыми нотами грейпфрута и апельсина, которые придают пиву освежающую кислинку и легкость. дополнительно, в этом хмеле можно найти ароматы зеленого чая улун, который придает напитку некую глубину и сложность во вкусе, а сладкая дыня и сочная клубника придадут ощущения нежности и легкой сладости.	https://бир.рф/shop/1566/desc/khmel-cindao-flauehr-tsingtao-flower-kitaj-100-g	6.0-8.0 %	3.0-4.5 %		0.4-0.8
149	hop	премиант / premiant	barth haas group	чехия	хмель в гранулах горький	beer.rf	500.0	г	1307.0	rub	популярный чешский хмель двойного назначения, который на 50% произошел от хмеля жатецкий. отличный выбор для создания гладкой горечи в чешских пильзнерах и других сортах пива низового брожения. урожай 2025 | альфа 9 % популярный чешский хмель двойного назначения, который на 50% произошел от хмеля жатецкий. отличный выбор для создания гладкой горечи в чешских пильзнерах и других сортах пива низового брожения. урожай 2025 | альфа 9 %	хмель премиант (premiant) - это уникальный сорт чешского хмеля, известный своей мягкой горечью и двойным назначением, то есть способностью придавать пиву и горечь, и аромат. этот сорт получен путем скрещивания горьких сортов с благородным жатецким полуранним червеняком, что делает его поистине уникальным. одной из главных особенностей хмеля премиант является его высокое содержание альфа-кислот, что придает пиву хорошую горечь. однако, в отличие от других сортов с высоким содержанием альфа-кислот, премиант имеет низкое содержание когумулона. это означает, что горечь, получаемая с использованием этого сорта хмеля, является чистой и четкой, без грубости и острых нот. хмель премиант (premiant) - это уникальный сорт чешского хмеля, известный своей мягкой горечью и двойным назначением, то есть способностью придавать пиву и горечь, и аромат. этот сорт получен путем скрещивания горьких сортов с благородным жатецким полуранним червеняком, что делает его поистине уникальным. одной из главных особенностей хмеля премиант является его высокое содержание альфа-кислот, что придает пиву хорошую горечь. однако, в отличие от других сортов с высоким содержанием альфа-кислот, премиант имеет низкое содержание когумулона. это означает, что горечь, получаемая с использованием этого сорта хмеля, является чистой и четкой, без грубости и острых нот. аромат хмеля премиант сдержанный, пряный и землистый. хотя его ароматические компоненты не так сильны, как у некоторых других сортов чешского хмеля ароматического направления, премиант все равно завоевал свое место в пивоварении. это произошло благодаря сочетанию низкого содержания когумулона и других типичных характеристик этого сорта. охмеленное премиантом пиво не обладает грубой обескураживающей горечью, а наоборот, оно обладает изысканной благородно-пикантной горчинкой. это делает его идеальным выбором для тех, кто ценит гармонию вкуса и аромата в пиве.	https://бир.рф/shop/3425/desc/khmel-premiant-premiant-chekhija-500-g	7.0-11.0 %	3.5-6.0 %	18.0-23.0 %	0.9-1.3
151	hop	каскад / cascade	john i. haas	сша	99999999999999999999999999999999	beer.rf	50.0	г	175.0	rub	этот хмель является основоположником крафтовой революции зародившейся в сша в начале 1970-х годов. очень популярный хмель во всем мире, который можно использовать как для горечи, так и для аромата с нотками цитруса и грейпфрута. урожай 2025 | альфа 6,2 % этот хмель является основоположником крафтовой революции зародившейся в сша в начале 1970-х годов. очень популярный хмель во всем мире, который можно использовать как для горечи, так и для аромата с нотками цитруса и грейпфрута. урожай 2025 | альфа 6,2 %	хмель каскад (cascade) - это настоящая находка для пивоваров, особенно тех, кто предпочитает стиль американский пэйл эль (apa). этот хмель, с отличным вкусом и ароматом, завоевал популярность в пивоваренной промышленности и стал неотъемлемой частью многих коммерческих сортов пива в сша. история каскадного хмеля началась в 1972 году, и с тех пор он стал одним из самых популярных и доступных для изготовления домашнего и коммерческого пива хмелей в сша. его рассады легко доступны, что делает его привлекательным выбором для пивоваров всех уровней. каскад выращивается в различных частях света, включая новую зеландию, аргентину, германию и украину. но его название связано с каскадным хребтом гор, простирающимся от северной калифорнии до британской колумбии в канаде. этот хребет вдохновил создателей хмеля на его название, и оно стало символом его уникальности и качества. каскад обладает умеренным содержанием альфа-кислот, в диапазоне от 4,5% до 7%. но его настоящая сила проявляется в аромате. американская версия этого хмеля источает специфический аромат зеленого ботанического сада, который некоторые сравнивают с цитрусовыми или грейпфрутовыми нотками. это связано с высоким содержанием мирцена, который придает пиву особый характер. кроме того, хмель содержит фарнезен, используемый в парфюмерной и пищевой промышленности, что добавляет еще больше интересных ароматических нюансов.	https://бир.рф/shop/225/desc/khmel-kaskad-cascade-ssha-50-g	4.5-7.0 %	4.5-7.0 %	33.0-40.0 %	0.7-1.5
153	hop	истринский	агроресурсы	россия	хмель в гранулах ароматный	beer.rf	500.0	г	905.22	rub	ароматный сорт хмеля, который обладает нежным хмелевым привкусом и ярко выраженным сложным ароматом. урожай 2023 г | альфа-кислота 4,2 % ароматный сорт хмеля, который обладает нежным хмелевым привкусом и ярко выраженным сложным ароматом. урожай 2023 г | альфа-кислота 4,2 %	хмель истринский - это ароматный сорт хмеля обладающий нежным хмелевым привкусом и ароматом, которые добавляют особый шарм и характер пиву. в составе истринского хмеля содержится множество горьких веществ и ароматических компонентов, что делает его востребованным в пивоварении. этот сорт хмеля является универсальным и подходит для охмеления различных сортов пива. благодаря своей многогранности и богатому ароматическому профилю, истринский хмель может использоваться как для производства легких светлых сортов пива, так и для создания более насыщенных и крепких сортов, таких как бельгийские эли или стауты. альфа-кислота, которая является мерой горечи в хмеле, составляет 4,5%. это означает, что истринский хмель обладает низкой горечью, что делает его более привлекательным для пивоваров, как ароматический компонент пива.	https://бир.рф/shop/1173/desc/khmel-istrinskij-rossija-500-g	4.0-4.5 %			
245	hop	callista	hvg	германия		grainrus	100.0	г	275.0	rub	хмель гранулированный callista (каллиста)		https://malt.ru/catalog/khmel/kalista/				
247	hop	spalter selec	hvg	германия		grainrus	100.0	г	216.0	rub	хмель гранулированный shpalter select (шпальтер селект)		https://malt.ru/catalog/khmel/shpalter-selekt/				
250	hop	mandarina bavaria	hvg	германия		grainrus	100.0	г	259.0	rub	хмель гранулированный mandarina bavaria (мандарина бавария)		https://malt.ru/catalog/khmel/mandarina-bavariya/				
251	hop	hallertau blanc	hvg	германия		grainrus	100.0	г	250.0	rub	хмель гранулированный hallertau blanc (hhc) (халлертауер бланк (hhc))		https://malt.ru/catalog/khmel/khallertau-blank/				
253	hop	nugget	hvg	германия		grainrus	100.0	г	112.0	rub	хмель гранулированный nagget (наггет)		https://malt.ru/catalog/khmel/nagget/				
255	hop	northern brewer	hvg	германия		grainrus	100.0	г	274.0	rub	хмель гранулированный northern brewer (норсерн бревер)		https://malt.ru/catalog/khmel/nosen-brever/				
257	hop	saaz	mm-invest	чехия		grainrus	100.0	г	350.0	rub	хмель гранулированный saaz (жатецкий)		https://malt.ru/catalog/khmel/zhatetskiy/				
259	hop	magnum	barthhaas	германия		grainrus	100.0	г	200.0	rub	хмель гранулированный magnum (магнум)		https://malt.ru/catalog/khmel/magnum-shishka/				
261	hop	taurus	hvg	германия		grainrus	0.0	г		rub	хмель гранулированный taurus (htu) (таурус (htu))		https://malt.ru/catalog/khmel/taurus/				
263	hop	east kent golding	joh.barth&sohn			grainrus	0.0	г		rub	хмель гранулированный east kent golding (йест кент голдинг)		https://malt.ru/catalog/khmel/ist-kent-golding/				
265	hop	saaz special	mm-invest	чехия		grainrus	0.0	г		rub	хмель гранулированный saaz special (жатецкий специальный)		https://malt.ru/catalog/khmel/zhatetskiy-cpetsialnyy/				
266	hop	грейнрус геркулес	грейнрус хмель			grainrus	0.0	г		rub	хмель гранулированный геркулес		https://malt.ru/catalog/khmel/khmel-granulirovannyy-gerkules-gr/				
268	hop	грейнрус традиционный	грейнрус хмель			grainrus	0.0	г		rub	хмель гранулированный халлертауэр традишн		https://malt.ru/catalog/khmel/khmel-granulirovannyy-khallertauer-tradishn-gr/				
270	hop	грейнрус сапфир	грейнрус хмель			grainrus	0.0	г		rub	хмель гранулированный сапфир		https://malt.ru/catalog/khmel/khmel-granulirovannyy-sapfir-gr/				
272	hop	east kent golding	barthhaas	германия		grainrus	0.0	г		rub	хмель гранулированный east kent golding, great britain (йест кент голдинг, великобритания)		https://malt.ru/catalog/khmel/khmel-granulirovannyy-east-kent-golding-great-britain-yest-kent-golding-velikobritaniya/				
274	hop	sapfir	hvg	германия		grainrus	100.0	г	110.0	rub	хмель гранулированный sapfir (сапфир)		https://malt.ru/catalog/khmel/sapfir/				
277	hop	tradition	hvg	германия		grainrus	100.0	г	208.0	rub	хмель гранулированный tradition (традицион)		https://malt.ru/catalog/khmel/traditsion/				
279	hop	perle	hvg	германия		grainrus	100.0	г	204.0	rub	хмель гранулированный perle (перле)		https://malt.ru/catalog/khmel/perle/				
280	hop	hercules	hvg	германия		grainrus	100.0	г	238.0	rub	хмель гранулированный hercules (геркулес)		https://malt.ru/catalog/khmel/gerkules/				
283	hop	hallertau hersbruker	hvg	германия		grainrus	100.0	г	322.0	rub	хмель гранулированный hallertau hersbrucker (hhe) (халлертауер херсбруккер (нне))		https://malt.ru/catalog/khmel/khersbrukker/				
285	hop	hallertau mittelfruh	hvg	германия		grainrus	100.0	г	312.0	rub	хмель гранулированный hallertau mittelfruh (халлертауер миттелфрю)		https://malt.ru/catalog/khmel/khallertau-mittelfryu/				
287	hop	huell melon	hvg	германия		grainrus	100.0	г	280.0	rub	хмель гранулированный huell melon (hhn) (хюлл мелон (ннn))		https://malt.ru/catalog/khmel/khyuell-melon/				
289	hop	cascade	hvg	германия		grainrus	100.0	г	209.0	rub	хмель гранулированный cascade (каскад)		https://malt.ru/catalog/khmel/kaskad_1/				
290	hop	chinook	joh.barth&sohn			grainrus	100.0	г	343.0	rub	хмель гранулированный chinook (чинук)		https://malt.ru/catalog/khmel/chinuk/				
292	hop	columbus	joh.barth&sohn			grainrus	100.0	г	301.0	rub	хмель гранулированный columbus ctz (коламбус)		https://malt.ru/catalog/khmel/kolambus/				
295	hop	citra	joh.barth&sohn			grainrus	100.0	г	405.0	rub	хмель гранулированный citra (цитра)		https://malt.ru/catalog/khmel/tsitra/				
296	hop	tettnanger	barthhaas	германия		grainrus	100.0	г	342.0	rub	хмель гранулированный tettnanger (теттнангер)		https://malt.ru/catalog/khmel/khmel-granulirovannyy-tettnanger-tettnanger/				
299	hop	mosaic	joh.barth&sohn			grainrus	100.0	г	485.0	rub	хмель гранулированный mosaic (мозаик)		https://malt.ru/catalog/khmel/khmel-granulirovannyy-mosaic-mozaik/				
301	hop	грейнрус каскад	грейнрус хмель			grainrus	100.0	г	189.0	rub	хмель гранулированный каскад		https://malt.ru/catalog/khmel/khmel-granulirovannyy-kaskad-gr/				
303	hop	грейнрус мандарина бавария	грейнрус хмель			grainrus	100.0	г	189.0	rub	хмель гранулированный мандарина бавария		https://malt.ru/catalog/khmel/khmel-granulirovannyy-mandarina-bavariya-gr/				
305	hop	грейнрус наггет	грейнрус хмель			grainrus	100.0	г	189.0	rub	хмель гранулированный наггет		https://malt.ru/catalog/khmel/khmel-granulirovannyy-nagget-gr/				
307	hop	грейнрус магнум	грейнрус хмель			grainrus	100.0	г	189.0	rub	хмель гранулированный халлертауэр магнум		https://malt.ru/catalog/khmel/khmel-granulirovannyy-khallertauer-magnum-gr/				
309	hop	грейнрус перле	грейнрус хмель			grainrus	100.0	г	189.0	rub	хмель гранулированный перле		https://malt.ru/catalog/khmel/khmel-granulirovannyy-perle/				
311	hop	aurora	barthhaas	германия		grainrus	100.0	г	100.0	rub	хмель гранулированный aurora (аврора)		https://malt.ru/catalog/khmel/khmel-granulirovannyy-aurora-avrora/				
313	hop	lupomax citra	john i.haas, inc., usa			grainrus	100.0	г	680.0	rub	хмель гранулированный lupomax citra (лупомакс цитра)		https://malt.ru/catalog/khmel/khmel-granulirovannyy-lupomax-citra-lupomaks-tsitra/				
315	hop	lupomax mosaic	john i.haas, inc., usa			grainrus	100.0	г	680.0	rub	хмель гранулированный lupomax mosaic (лупомакс мозаик)		https://malt.ru/catalog/khmel/khmel-granulirovannyy-lupomax-mosaic-lupomaks-mozaik/				
316	hop	pekko	47 hops	сша		grainrus	100.0	г	256.0	rub	хмель гранулированный pekko (пекко)		https://malt.ru/catalog/khmel/khmel-granulirovannyy-pekko-pekko/				
410	hop	варриор / warrior	charles faram	сша	хмель в гранулах горький	beer.rf	500.0	г	1705.0	rub	суперальфовый и, пожалуй, самый горький американский сорт хмеля, который рекомендуется использовать для придания базовой горечи в пиве. урожай 2024 г. содержание альфа кислоты 13,1 % суперальфовый и, пожалуй, самый горький американский сорт хмеля, который рекомендуется использовать для придания базовой горечи в пиве. урожай 2024 г. содержание альфа кислоты 13,1 %	хмель варриор (warrior) - это настоящий воин среди сортов хмеля. производимый на главной ферме якима в штате вашингтон, на северо-западе сша, этот сорт хмеля обладает непревзойденными характеристиками и пользуется огромным спросом. хотя родословная и дата его появления остаются конфиденциальными, его качества и уникальность говорят сами за себя. варриор - это горький сорт хмеля, который зарекомендовал себя проверенным временем. в нем содержится многообразие горечи, которая придает пиву отличный привкус. содержание альфа-кислоты варьируется в диапазоне от 14,5% до 17,0%, что делает его идеальным для тех, кто ищет сильную горечь в своем пиве. одновременно с этим, содержание когумулона варьируется от 22,0% до 26,0%, что является относительно низким показателем для сорта с такой выразительной горечью. одной из особенностей варриора является его высокое содержание масла мирцена. это придает ему уникальный мягкий аромат, который делает его идеальным выбором для крепких эль-пив. хотя он широко используется в американском крафтовом пивоварении, варриор также может быть найден в коммерческих рецептах. его умеренное содержание других масел делает его более сбалансированным и позволяет ему вписаться в различные стили пива.	https://бир.рф/shop/208/desc/khmel-varrior-warrior-ssha-500-g	15.8-18.2 %	4.4-5.4 %	25.0-27.0 %	1.3-3.2
412	hop	варриор / warrior	charles faram	сша	хмель в гранулах горький	beer.rf	50.0	г	232.0	rub	суперальфовый и, пожалуй, самый горький американский сорт хмеля, который рекомендуется использовать для придания базовой горечи в пиве. урожай 2025 г. содержание альфа кислоты 16,8 % суперальфовый и, пожалуй, самый горький американский сорт хмеля, который рекомендуется использовать для придания базовой горечи в пиве. урожай 2025 г. содержание альфа кислоты 16,8 %	хмель варриор (warrior) - это настоящий воин среди сортов хмеля. производимый на главной ферме якима в штате вашингтон, на северо-западе сша, этот сорт хмеля обладает непревзойденными характеристиками и пользуется огромным спросом. хотя родословная и дата его появления остаются конфиденциальными, его качества и уникальность говорят сами за себя. варриор - это горький сорт хмеля, который зарекомендовал себя проверенным временем. в нем содержится многообразие горечи, которая придает пиву отличный привкус. содержание альфа-кислоты варьируется в диапазоне от 14,5% до 17,0%, что делает его идеальным для тех, кто ищет сильную горечь в своем пиве. одновременно с этим, содержание когумулона варьируется от 22,0% до 26,0%, что является относительно низким показателем для сорта с такой выразительной горечью. одной из особенностей варриора является его высокое содержание масла мирцена. это придает ему уникальный мягкий аромат, который делает его идеальным выбором для крепких эль-пив. хотя он широко используется в американском крафтовом пивоварении, варриор также может быть найден в коммерческих рецептах. его умеренное содержание других масел делает его более сбалансированным и позволяет ему вписаться в различные стили пива.	https://бир.рф/shop/210/desc/khmel-varrior-warrior-ssha-50-g	15.8-18.2 %	4.4-5.4 %	25.0-27.0 %	1.3-3.2
414	hop	варриор / warrior	charles faram	сша	хмель в гранулах горький	beer.rf	100.0	г	399.0	rub	суперальфовый и, пожалуй, самый горький американский сорт хмеля, который рекомендуется использовать для придания базовой горечи в пиве. урожай 2025 г. содержание альфа кислоты 16,8 % суперальфовый и, пожалуй, самый горький американский сорт хмеля, который рекомендуется использовать для придания базовой горечи в пиве. урожай 2025 г. содержание альфа кислоты 16,8 %	хмель варриор (warrior) - это настоящий воин среди сортов хмеля. производимый на главной ферме якима в штате вашингтон, на северо-западе сша, этот сорт хмеля обладает непревзойденными характеристиками и пользуется огромным спросом. хотя родословная и дата его появления остаются конфиденциальными, его качества и уникальность говорят сами за себя. варриор - это горький сорт хмеля, который зарекомендовал себя проверенным временем. в нем содержится многообразие горечи, которая придает пиву отличный привкус. содержание альфа-кислоты варьируется в диапазоне от 14,5% до 17,0%, что делает его идеальным для тех, кто ищет сильную горечь в своем пиве. одновременно с этим, содержание когумулона варьируется от 22,0% до 26,0%, что является относительно низким показателем для сорта с такой выразительной горечью. одной из особенностей варриора является его высокое содержание масла мирцена. это придает ему уникальный мягкий аромат, который делает его идеальным выбором для крепких эль-пив. хотя он широко используется в американском крафтовом пивоварении, варриор также может быть найден в коммерческих рецептах. его умеренное содержание других масел делает его более сбалансированным и позволяет ему вписаться в различные стили пива.	https://бир.рф/shop/209/desc/khmel-varrior-warrior-ssha-100-g	15.8-18.2 %	4.4-5.4 %	25.0-27.0 %	1.3-3.2
416	hop	халлертаур миттельфрю / hallertauer mittelfrüh	powisle	германия	хмель в гранулах универсальный	beer.rf	50.0	г	211.0	rub	классический немецкий хмель подходит для пива в баварском стиле. хмель hallertau mittelfruh отличается интенсивной гармоничной горечью и мягким пряным ароматом с цветочными и цитрусовыми нотками. урожай 2025 | альфа: 3,8 % классический немецкий хмель подходит для пива в баварском стиле. хмель hallertau mittelfruh отличается интенсивной гармоничной горечью и мягким пряным ароматом с цветочными и цитрусовыми нотками. урожай 2025 | альфа: 3,8 %	халлертаур миттельфрю (hallertauer mittelfrüh) - благородный сорт хмеля с богатой историей, происходящей из германии. несмотря на то, что он находится на спаде в производстве, этот сорт все еще остается важным элементом для создания пива в немецком стиле. производство халлертаура миттельфрю сосредоточено в баварии, южном регионе германии, где идеальные климатические условия и плодородные почвы обеспечивают оптимальный рост и развитие хмеля. этот сорт известен своим ароматом и характером, которые придают пиву неповторимый вкус. халлертаур миттельфрю обладает альфа-кислотой в диапазоне от 3,5% до 5,5%. он также содержит высокие концентрации мирцена и кариофиллена, которые отвечают за его пряный аромат и характер. эти масла придают пиву особенную глубину и богатство вкуса, что делает его идеальным для использования в лагерном пиве. хотя халлертаур миттельфрю может быть заменен другими сортами хмеля с аналогичными пивоваренными качествами, его уникальный профиль аромата и характера продолжают привлекать пивоваров и ценителей пива. его использование в пивоварении добавляет особый оттенок и неповторимость в каждый глоток.	https://бир.рф/shop/133/desc/khmel-khallertaur-mittelfrju-hallertauer-mittelfruh-germanija-50-g	3.0-5.5 %	3.0-5.0 %	18.0-28.0 %	0.7-1.3
418	hop	уилламетт / willamette	yakima chief hops	сша	хмель в гранулах ароматный	beer.rf	50.0	г	291.0	rub	английский хмель выращенный в сша, который используют обычно для вкуса и аромата в английских и американских пивоваренных рецептах. известен своим мягким, нежно-пряным и цитрусовым ароматом. урожай 2024 г | альфа кислота 5,2 % английский хмель выращенный в сша, который используют обычно для вкуса и аромата в английских и американских пивоваренных рецептах. известен своим мягким, нежно-пряным и цитрусовым ароматом. урожай 2024 г | альфа кислота 5,2 %	хмель уилламетт (willamette) - это уникальный сорт хмеля, который заслуженно пользуется популярностью среди американских пивоваров. названный в честь реки уилламетт, этот сорт был выведен и выпущен в 1976 году министерством сельского хозяйства сша. река уилламетт, протекающая в долине уилламетт, является одной из известных достопримечательностей штатов вашингтон и орегон. уилламетт является триплоидным саженцем хмеля фаггл, считается типичным английским сортом, который формировался десятилетиями в пивоварение. этот сорт хмеля отличается своим ароматом и вкусом, а его низкое содержание альфа-кислот делает его идеальным для добавления в пиво с целью придания ароматических нот, а не горчинки. одной из особенностей уилламетта является его богатое содержание эфирных масел. в нем присутствуют мирцен, гумулен и фарнезен в выше среднего количестве, что придает этому сорту хмеля уникальный травянистый аромат с фруктовыми и цветочными нотами. эта тонкая пряность делает уилламетт идеальным выбором для пивоваров, желающих добавить в свое пиво особый аромат и вкус.	https://бир.рф/shop/228/desc/khmel-uillamett-willamette-ssha-50-g	4.6-6.0 %	3.6-4.2 %	29.0-32.0 %	0.6-1.6
420	hop	сапфир / saphir	грейнруc	россия	хмель в гранулах ароматный	beer.rf	50.0	г	119.0	rub	ароматный сорт хмеля для придания пряно-цитрусового букета с цветочными нотами. урожай: 2025 г | альфа: 2,6 % ароматный сорт хмеля для придания пряно-цитрусового букета с цветочными нотами. урожай: 2025 г | альфа: 2,6 %	хмель сапфир от грейнрус является ароматным сортом и характеризуется минимальным показателем альфа-кислот. это определяет его основное применение в качестве ароматической добавки. сорт также подходит для придания лёгкой горькости в не горьких стилях пива, например, в пшеничном вайцене или мюнхенском хеллесе, где не требуются высокие значения ibu. краснодарский регион представляет собой самый южный и современный центр хмелеводства в стране, где этот сорт хмеля обрёл вторую родину. краснодар немного южнее по широте знаменитой баварии - родоначальницы сорта, но его географическое положение также позволяет формировать уникальный микроклимат для роста растения. обилие солнечного света и тепла благоприятно влияет на формирование его вкусовых и ароматических качеств. сапфир относится к категории благородных ароматных хмелей. он обладает пониженным уровнем когумулона (в пределах 12-17% от альфа-кислот) и обеспечивает мягкую горчинку. его профиль представляет собой сбалансированное сочетание пряных, цветочных и фруктовых нот. данный хмель преимущественно вносят на поздних стадиях варки, в том числе применяя метод сухого охмеления.	https://бир.рф/shop/3415/desc/khmel-sapfir-saphir-rossija-50-g	2.2-2.6 %		12.0-17.0 %	
422	hop	подвязный	чувашхмельпром оао	россия	хмель в гранулах универсальный	beer.rf	100.0	г	147.0	rub	самый горький сорт чувашского хмеля, что делает его универсальным сортом, который можно добавлять как на горечь в начале кипячения, так и на аромат в конце. урожай 2025 г. | альфа-кислота 4.8 % самый горький сорт чувашского хмеля, что делает его универсальным сортом, который можно добавлять как на горечь в начале кипячения, так и на аромат в конце. урожай 2025 г. | альфа-кислота 4.8 %	хмель подвязный (россии) является одним из самых горьких сортов чувашского хмеля, и его уникальные свойства делают его универсальным для использования как на стадии горечи в начале кипячения, так и на стадии аромата в конце. этот сорт хмеля является настоящим сокровищем для производителей пива, поскольку его использование придает пиву ненавязчивую, но приятную горечь и тонкий аромат хмеля. это открывает возможности для создания разнообразных вкусовых профилей и обеспечивает высокое качество пива. хмель подвязный обладает хорошей стабильностью в процессе хранения, что позволяет сохранять его качество на протяжении длительного времени. кроме того, этот сорт хмеля характеризуется высокой эффективностью экстрагирования ароматических и горьких компонентов, что способствует более эффективному использованию его в пивоварении. одним из ключевых факторов, влияющих на качество пива, является выбор правильного сорта хмеля. хмель подвязный предлагает пивовару идеальный баланс горечи и аромата, позволяя создавать пиво с уникальным вкусом и приятным послевкусием. благодаря этому сорту, пивовары могут удовлетворить вкусы самых требовательных пивных гурманов.	https://бир.рф/shop/46/desc/khmel-podvjaznyj-rossija-100-g	5.0-6.5 %	5.5 %	44.0 %	
424	hop	мандарина бавария / mandarina bavaria	грейнруc	россия	хмель в гранулах универсальный	beer.rf	100.0	г	199.0	rub	универсальный сорт хмеля подходящий как для придания мягкой горечи, так и приятного аромата с нотами мандарина, грейпфрута, лайма и бабл гам. урожай: 2025 г | альфа: 3,6 % универсальный сорт хмеля подходящий как для придания мягкой горечи, так и приятного аромата с нотами мандарина, грейпфрута, лайма и бабл гам. урожай: 2025 г | альфа: 3,6 %	мандарина бавария / mandarina bavaria - это немецкий сорт хмеля, культивируемый на юге россии в краснодарском крае. он используется как для создания горькости, так и для придания аромата в пивоварении, обладая ярким и запоминающимся букетом. краснодарский регион представляет собой самый южный и современный центр хмелеводства в стране, где этот сорт обрёл вторую родину. краснодар немного южнее по широте знаменитой баварии, его географическое положение позволяет сформировать уникальный микроклимат для роста растения. обилие солнечного света и тепла благоприятно влияет на формирование его вкусовых и ароматических качеств. хмель мандарина бавария привносит в пиво приятный фруктовый оттенок с едва уловимой нотой жевательной резинки (бабл гам), а также выраженный цитрусовый характер. в аромате ведущую роль играет сладковатый тон мандарина, который дополняют оттенки грейпфрута и лайма. сорт отличается высокой универсальностью и отлично сочетается с различными пивными стилями, от элей до лагеров. мандарину баварию можно применять на всех стадиях варки, и она проявляет свои лучшие качества особенно при сухом охмелении.	https://бир.рф/shop/3419/desc/khmel-mandarina-bavarija-mandarina-bavaria-rossija-100-g	3.6-5.4 %			
426	hop	каскад / cascade	грейнруc	россия	хмель в гранулах универсальный	beer.rf	500.0	г	849.0	rub	американская легенда выращенная на юге россии, демонстрирует удивительно сбалансированные ароматы цветочных и пряноцитрусовых оттенков. альфа 6,3 % | урожай 2025 г американская легенда выращенная на юге россии, демонстрирует удивительно сбалансированные ароматы цветочных и пряноцитрусовых оттенков. альфа 6,3 % | урожай 2025 г		https://бир.рф/shop/1790/desc/khmel-kaskad-cascade-rossija-500-g	6.3 %			
428	hop	каскад / cascade	грейнруc	россия	хмель в гранулах универсальный	beer.rf	50.0	г	119.0	rub	американская легенда выращенная на юге россии, демонстрирует удивительно сбалансированные ароматы цветочных и пряноцитрусовых оттенков. альфа 6,3 % | урожай 2025 г американская легенда выращенная на юге россии, демонстрирует удивительно сбалансированные ароматы цветочных и пряноцитрусовых оттенков. альфа 6,3 % | урожай 2025 г		https://бир.рф/shop/1788/desc/khmel-kaskad-cascade-rossija-50-g	6.3 %			
430	hop	каскад / cascade	грейнруc	россия	хмель в гранулах универсальный	beer.rf	100.0	г	199.0	rub	американская легенда выращенная на юге россии, демонстрирует удивительно сбалансированные ароматы цветочных и пряноцитрусовых оттенков. альфа 6,3 % | урожай 2025 г американская легенда выращенная на юге россии, демонстрирует удивительно сбалансированные ароматы цветочных и пряноцитрусовых оттенков. альфа 6,3 % | урожай 2025 г		https://бир.рф/shop/1789/desc/khmel-kaskad-cascade-rossija-100-g	6.3 %			
432	hop	ист кент голдинг / east kent golding	barth haas group	великобритания	хмель в гранулах универсальный	beer.rf	500.0	г	1499.0	rub	премиальный английский сорт хмеля, который подойдет больше для придания аромата с нотками цитруса и цветов. урожай 2025 | альфа-кислота 2.5 %. премиальный английский сорт хмеля, который подойдет больше для придания аромата с нотками цитруса и цветов. урожай 2025 | альфа-кислота 2.5 %.	ист кент голдинг (east kent golding) - премиальный сорт хмеля, принадлежащий семейству голдинг. он был создан в 1790 году в городе кентербери, в английском регионе кент. этот сорт хмеля является универсальным и может быть добавлен в пиво в любое время - во время кипячения или во время сухого охмеления. ист кент голдинг отлично сочетается с английскими пэйл элями и типичными английскими региональными элями. уровень альфа-кислот в ист кент голдинг находится в диапазоне от 2,5% до 5,5%, что является относительно низким показателем для хмеля, отвечающего за горечь в пиве. часто этот сорт хмеля добавляют вместе с хмелем фаггл в английских пивоваренных рецептах, чтобы достичь желаемого аромата и горечи. ист кент голдинг обладает сладкими цитрусовыми ароматами и нежными цветочными нотками. он содержит больше всего масла гумулена, что делает его идеальным для добавления на поздних стадиях кипячения пива. это позволяет достичь более насыщенного аромата и вкус	https://бир.рф/shop/160/desc/khmel-ist-kent-golding-east-kent-golding-velikobritanija-500-g	2.5-5.5 %	1.9-3.0 %	25.0-30.0 %	0.4-0.8
435	hop	ист кент голдинг / east kent golding	barth haas group	великобритания	хмель в гранулах универсальный	beer.rf	50.0	г	210.0	rub	премиальный английский сорт хмеля, который подойдет для придания аромата с нотками цитруса и цветов. урожай 2025 | альфа-кислота 2.5 %. премиальный английский сорт хмеля, который подойдет для придания аромата с нотками цитруса и цветов. урожай 2025 | альфа-кислота 2.5 %.	ист кент голдинг (east kent golding) - премиальный сорт хмеля, принадлежащий семейству голдинг. он был создан в 1790 году в городе кентербери, в английском регионе кент. этот сорт хмеля является универсальным и может быть добавлен в пиво в любое время - во время кипячения или во время сухого охмеления. ист кент голдинг отлично сочетается с английскими пэйл элями и типичными английскими региональными элями. уровень альфа-кислот в ист кент голдинг находится в диапазоне от 2,5% до 5,5%, что является относительно низким показателем для хмеля, отвечающего за горечь в пиве. часто этот сорт хмеля добавляют вместе с хмелем фаггл в английских пивоваренных рецептах, чтобы достичь желаемого аромата и горечи. ист кент голдинг обладает сладкими цитрусовыми ароматами и нежными цветочными нотками. он содержит больше всего масла гумулена, что делает его идеальным для добавления на поздних стадиях кипячения пива. это позволяет достичь более насыщенного аромата и вкус	https://бир.рф/shop/162/desc/khmel-ist-kent-golding-east-kent-golding-velikobritanija-50-g	2.5-5.5 %	1.9-3.0 %	25.0-30.0 %	0.4-0.8
437	hop	ист кент голдинг / east kent golding	barth haas group	великобритания	хмель в гранулах универсальный	beer.rf	100.0	г	354.0	rub	премиальный английский сорт хмеля, который подойдет для придания аромата с нотками цитруса и цветов. урожай 2025 | альфа-кислота 2.5 %. премиальный английский сорт хмеля, который подойдет для придания аромата с нотками цитруса и цветов. урожай 2025 | альфа-кислота 2.5 %.	ист кент голдинг (east kent golding) - премиальный сорт хмеля, принадлежащий семейству голдинг. он был создан в 1790 году в городе кентербери, в английском регионе кент. этот сорт хмеля является универсальным и может быть добавлен в пиво в любое время - во время кипячения или во время сухого охмеления. ист кент голдинг отлично сочетается с английскими пэйл элями и типичными английскими региональными элями. уровень альфа-кислот в ист кент голдинг находится в диапазоне от 2,5% до 5,5%, что является относительно низким показателем для хмеля, отвечающего за горечь в пиве. часто этот сорт хмеля добавляют вместе с хмелем фаггл в английских пивоваренных рецептах, чтобы достичь желаемого аромата и горечи. ист кент голдинг обладает сладкими цитрусовыми ароматами и нежными цветочными нотками. он содержит больше всего масла гумулена, что делает его идеальным для добавления на поздних стадиях кипячения пива. это позволяет достичь более насыщенного аромата и вкус	https://бир.рф/shop/161/desc/khmel-ist-kent-golding-east-kent-golding-velikobritanija-100-g	2.5-5.5 %	1.9-3.0 %	25.0-30.0 %	0.4-0.8
439	hop	жатецкий / saaz	powisle	чехия	хмель в гранулах ароматный	beer.rf	500.0	г	1367.0	rub	легендарный чешский сорт хмеля, который в большей степени пользуется спросом в чешских (богемских) пильзнерах, лагерах, европейских и бельгийских стилях пива. имеет очень мягкий травянистый аромат. урожай 2025 | альфа кислота 4.6 % легендарный чешский сорт хмеля, который в большей степени пользуется спросом в чешских (богемских) пильзнерах, лагерах, европейских и бельгийских стилях пива. имеет очень мягкий травянистый аромат. урожай 2025 | альфа кислота 4.6 %	хмель жатецкий (saaz) - является одним из самых уважаемых и заслуженных сортов хмеля в мире пивоварения. его влияние на различные стили пива, такие как лагер и богемский пильзнер, нельзя недооценивать. он имеет свои корни в жатецкой области чехии, где процветает уже множество лет. однако, не только чехия славится производством этого прекрасного хмеля. бельгия и сша также выращивают жатецкий хмель, а его потомки даже появились в новой зеландии. это говорит о его популярности и значимости в мировом пивоварении. хмель жатецкий (saaz) - является одним из самых уважаемых и заслуженных сортов хмеля в мире пивоварения. его влияние на различные стили пива, такие как лагер и богемский пильзнер, нельзя недооценивать. он имеет свои корни в жатецкой области чехии, где процветает уже множество лет. однако, не только чехия славится производством этого прекрасного хмеля. бельгия и сша также выращивают жатецкий хмель, а его потомки даже появились в новой зеландии. это говорит о его популярности и значимости в мировом пивоварении. жатецкий хмель отличается от других сортов своим низким содержанием альфа-кислот, которое составляет всего 2,0% - 6,0%. это делает его идеальным для тонких ароматических пивных сортов. более высокое соотношение альфа- и бета-кислот (1:1,5) придает пиву более терпкую горечь, что является одной из характеристик жатецкого хмеля. его богатый и сбалансированный состав эфирных масел, особенно фарнезена, придает пиву травянистый характер. это делает его идеальным выбором для чешских (богемских) пильзнеров, лагеров и других европейских и бельгийских стилей пива. кроме того, жатецкий хмель богат полифенолами, которые помогают снизить окисление и процессы старения в пиве. благодаря этому, пиво с жатецким хмелем имеет более длительный срок хранения, что очень ценится пивоварами и любителями пива.	https://бир.рф/shop/154/desc/khmel-zhateckij-saaz-chekhija-500-g	2.0-5.0 %	7.0-8.0 %	23.0-28.0 %	0.4-1.0
441	hop	жатецкий / saaz	powisle	чехия	хмель в гранулах ароматный	beer.rf	50.0	г	190.0	rub	легендарный чешский сорт хмеля, который в большей степени пользуется спросом в чешских (богемских) пильзнерах, лагерах, европейских и бельгийских стилях пива. имеет очень мягкий травянистый аромат. урожай 2025 | альфа кислота 4.6 % легендарный чешский сорт хмеля, который в большей степени пользуется спросом в чешских (богемских) пильзнерах, лагерах, европейских и бельгийских стилях пива. имеет очень мягкий травянистый аромат. урожай 2025 | альфа кислота 4.6 %	хмель жатецкий (saaz) - является одним из самых уважаемых и заслуженных сортов хмеля в мире пивоварения. его влияние на различные стили пива, такие как лагер и богемский пильзнер, нельзя недооценивать. он имеет свои корни в жатецкой области чехии, где процветает уже множество лет. однако, не только чехия славится производством этого прекрасного хмеля. бельгия и сша также выращивают жатецкий хмель, а его потомки даже появились в новой зеландии. это говорит о его популярности и значимости в мировом пивоварении. хмель жатецкий (saaz) - является одним из самых уважаемых и заслуженных сортов хмеля в мире пивоварения. его влияние на различные стили пива, такие как лагер и богемский пильзнер, нельзя недооценивать. он имеет свои корни в жатецкой области чехии, где процветает уже множество лет. однако, не только чехия славится производством этого прекрасного хмеля. бельгия и сша также выращивают жатецкий хмель, а его потомки даже появились в новой зеландии. это говорит о его популярности и значимости в мировом пивоварении. жатецкий хмель отличается от других сортов своим низким содержанием альфа-кислот, которое составляет всего 2,0% - 6,0%. это делает его идеальным для тонких ароматических пивных сортов. более высокое соотношение альфа- и бета-кислот (1:1,5) придает пиву более терпкую горечь, что является одной из характеристик жатецкого хмеля. его богатый и сбалансированный состав эфирных масел, особенно фарнезена, придает пиву травянистый характер. это делает его идеальным выбором для чешских (богемских) пильзнеров, лагеров и других европейских и бельгийских стилей пива. кроме того, жатецкий хмель богат полифенолами, которые помогают снизить окисление и процессы старения в пиве. благодаря этому, пиво с жатецким хмелем имеет более длительный срок хранения, что очень ценится пивоварами и любителями пива.	https://бир.рф/shop/155/desc/khmel-zhateckij-saaz-chekhija-50-g	2.0-5.0 %	7.0-8.0 %	23.0-28.0 %	0.4-1.0
443	hop	жатецкий / saaz	powisle	чехия	хмель в гранулах ароматный	beer.rf	100.0	г	320.0	rub	легендарный чешский сорт хмеля, который в большей степени пользуется спросом в чешских (богемских) пильзнерах, лагерах, европейских и бельгийских стилях пива. имеет очень мягкий травянистый аромат. урожай 2025 | альфа кислота 4.6 % легендарный чешский сорт хмеля, который в большей степени пользуется спросом в чешских (богемских) пильзнерах, лагерах, европейских и бельгийских стилях пива. имеет очень мягкий травянистый аромат. урожай 2025 | альфа кислота 4.6 %	хмель жатецкий (saaz) - является одним из самых уважаемых и заслуженных сортов хмеля в мире пивоварения. его влияние на различные стили пива, такие как лагер и богемский пильзнер, нельзя недооценивать. он имеет свои корни в жатецкой области чехии, где процветает уже множество лет. однако, не только чехия славится производством этого прекрасного хмеля. бельгия и сша также выращивают жатецкий хмель, а его потомки даже появились в новой зеландии. это говорит о его популярности и значимости в мировом пивоварении. хмель жатецкий (saaz) - является одним из самых уважаемых и заслуженных сортов хмеля в мире пивоварения. его влияние на различные стили пива, такие как лагер и богемский пильзнер, нельзя недооценивать. он имеет свои корни в жатецкой области чехии, где процветает уже множество лет. однако, не только чехия славится производством этого прекрасного хмеля. бельгия и сша также выращивают жатецкий хмель, а его потомки даже появились в новой зеландии. это говорит о его популярности и значимости в мировом пивоварении. жатецкий хмель отличается от других сортов своим низким содержанием альфа-кислот, которое составляет всего 2,0% - 6,0%. это делает его идеальным для тонких ароматических пивных сортов. более высокое соотношение альфа- и бета-кислот (1:1,5) придает пиву более терпкую горечь, что является одной из характеристик жатецкого хмеля. его богатый и сбалансированный состав эфирных масел, особенно фарнезена, придает пиву травянистый характер. это делает его идеальным выбором для чешских (богемских) пильзнеров, лагеров и других европейских и бельгийских стилей пива. кроме того, жатецкий хмель богат полифенолами, которые помогают снизить окисление и процессы старения в пиве. благодаря этому, пиво с жатецким хмелем имеет более длительный срок хранения, что очень ценится пивоварами и любителями пива.	https://бир.рф/shop/156/desc/khmel-zhateckij-saaz-chekhija-100-g	2.0-5.0 %	7.0-8.0 %	23.0-28.0 %	0.4-1.0
445	hop	гэлэкси / galaxy	barth haas group	австралия	хмель в гранулах универсальный	beer.rf	500.0	г	2736.0	rub	"один из самых ""эфирных"" хмелей в мире, что сделало его признанным сортом. во вкусе и аромате маракуйя с нотами цитрусовых и персика. практически не имеет цветочных, сосновых или пряных ноток. урожай 2025 г | альфа кислота 16,6 % один из самых ""эфирных"" хмелей в мире, что сделало его признанным сортом. во вкусе и аромате маракуйя с нотами цитрусовых и персика. практически не имеет цветочных, сосновых или пряных ноток. урожай 2025 г | альфа кислота 16,6 %"	хмель гэлэкси (galaxy) - является универсальным и может использоваться практически во всех сортах пива. его истинный потенциал только начал раскрываться с выпуском различных крафтовых сортов пива, которые обладают характерным ароматом, придавая им неповторимый вкус и запах. гэлэкси отличается яркими ароматами, которые привносит в пиво. он может варьироваться от маракуйи и персика до чистых цитрусовых нот. кроме того, эти ароматы становятся более интенсивными при позднем использовании хмеля в процессе варки пива. хмель гэлэкси (galaxy) - является универсальным и может использоваться практически во всех сортах пива. его истинный потенциал только начал раскрываться с выпуском различных крафтовых сортов пива, которые обладают характерным ароматом, придавая им неповторимый вкус и запах. гэлэкси отличается яркими ароматами, которые привносит в пиво. он может варьироваться от маракуйи и персика до чистых цитрусовых нот. кроме того, эти ароматы становятся более интенсивными при позднем использовании хмеля в процессе варки пива. гэлэкси стал одним из самых известных австралийских ароматных хмелей, разработанных компанией национальной исследовательской ассоциацией по пивоварению (нра). его высокое качество и уникальные ароматические свойства привлекают пивоваров со всего мира, и он стал неотъемлемой частью многих популярных пивных рецептов.	https://бир.рф/shop/229/desc/khmel-gehlehksi-galaxy-avstralija-500-g	11.0-16.5 %	5.0-9.0 %	32.0-42.0 %	3.0-5.0
447	hop	гэлэкси / galaxy	barth haas group	австралия	хмель в гранулах универсальный	beer.rf	50.0	г	369.0	rub	"один из самых ""эфирных"" хмелей в мире, что сделало его признанным сортом. во вкусе и аромате маракуйя с нотами цитрусовых и персика. практически не имеет цветочных, сосновых или пряных ноток. урожай 2025 г | альфа кислота 16,6 % один из самых ""эфирных"" хмелей в мире, что сделало его признанным сортом. во вкусе и аромате маракуйя с нотами цитрусовых и персика. практически не имеет цветочных, сосновых или пряных ноток. урожай 2025 г | альфа кислота 16,6 %"	хмель гэлэкси (galaxy) - является универсальным и может использоваться практически во всех сортах пива. его истинный потенциал только начал раскрываться с выпуском различных крафтовых сортов пива, которые обладают характерным ароматом, придавая им неповторимый вкус и запах. гэлэкси отличается яркими ароматами, которые привносит в пиво. он может варьироваться от маракуйи и персика до чистых цитрусовых нот. кроме того, эти ароматы становятся более интенсивными при позднем использовании хмеля в процессе варки пива. хмель гэлэкси (galaxy) - является универсальным и может использоваться практически во всех сортах пива. его истинный потенциал только начал раскрываться с выпуском различных крафтовых сортов пива, которые обладают характерным ароматом, придавая им неповторимый вкус и запах. гэлэкси отличается яркими ароматами, которые привносит в пиво. он может варьироваться от маракуйи и персика до чистых цитрусовых нот. кроме того, эти ароматы становятся более интенсивными при позднем использовании хмеля в процессе варки пива. гэлэкси стал одним из самых известных австралийских ароматных хмелей, разработанных компанией национальной исследовательской ассоциацией по пивоварению (нра). его высокое качество и уникальные ароматические свойства привлекают пивоваров со всего мира, и он стал неотъемлемой частью многих популярных пивных рецептов.	https://бир.рф/shop/231/desc/khmel-gehlehksi-galaxy-avstralija-50-g	11.0-16.5 %	5.0-9.0 %	32.0-42.0 %	3.0-5.0
449	hop	гэлэкси / galaxy	barth haas group	австралия	хмель в гранулах универсальный	beer.rf	100.0	г	636.0	rub	"один из самых ""эфирных"" хмелей в мире, что сделало его признанным сортом. во вкусе и аромате маракуйя с нотами цитрусовых и персика. практически не имеет цветочных, сосновых или пряных ноток. урожай 2024 г | альфа кислота 16,8 % один из самых ""эфирных"" хмелей в мире, что сделало его признанным сортом. во вкусе и аромате маракуйя с нотами цитрусовых и персика. практически не имеет цветочных, сосновых или пряных ноток. урожай 2024 г | альфа кислота 16,8 %"	хмель гэлэкси (galaxy) - является универсальным и может использоваться практически во всех сортах пива. его истинный потенциал только начал раскрываться с выпуском различных крафтовых сортов пива, которые обладают характерным ароматом, придавая им неповторимый вкус и запах. гэлэкси отличается яркими ароматами, которые привносит в пиво. он может варьироваться от маракуйи и персика до чистых цитрусовых нот. кроме того, эти ароматы становятся более интенсивными при позднем использовании хмеля в процессе варки пива. хмель гэлэкси (galaxy) - является универсальным и может использоваться практически во всех сортах пива. его истинный потенциал только начал раскрываться с выпуском различных крафтовых сортов пива, которые обладают характерным ароматом, придавая им неповторимый вкус и запах. гэлэкси отличается яркими ароматами, которые привносит в пиво. он может варьироваться от маракуйи и персика до чистых цитрусовых нот. кроме того, эти ароматы становятся более интенсивными при позднем использовании хмеля в процессе варки пива. гэлэкси стал одним из самых известных австралийских ароматных хмелей, разработанных компанией национальной исследовательской ассоциацией по пивоварению (нра). его высокое качество и уникальные ароматические свойства привлекают пивоваров со всего мира, и он стал неотъемлемой частью многих популярных пивных рецептов.	https://бир.рф/shop/230/desc/khmel-gehlehksi-galaxy-avstralija-100-g	11.0-16.5 %	5.0-9.0 %	32.0-42.0 %	3.0-5.0
451	hop	геркулес / herkules	barth haas group	германия	хмель в гранулах горький	beer.rf	500.0	г	990.0	rub	достоин своего названия благодаря сильному, порой терпкому хмелевому вкусу и аромату. также в его букете присутствуют ноты цитруса, дыни, а также намек на сосновый аромат. урожай 2024 г | альфа 15,6 % достоин своего названия благодаря сильному, порой терпкому хмелевому вкусу и аромату. также в его букете присутствуют ноты цитруса, дыни, а также намек на сосновый аромат. урожай 2024 г | альфа 15,6 %	хмель геркулес (herkules) разработанный исследовательским институтом хмеля в халле, германия и выпущенный в 2005 году, является одним из наиболее интересных сортов хмеля на современном рынке. этот сорт был создан путем скрещивания хмеля халлертау таурус и мужского соцветия неизвестного экотипа, и его особенности делают его незаменимым для придания горечи пиву. помимо высокого содержания альфа-кислоты, хмель геркулес обладает также пряными, цветочными и хмелевыми нотами, которые добавляют особый аромат и вкус пиву. в нем можно обнаружить оттенки сосны, черного перца и дыни, что делает его уникальным и привлекательным для пивоваров и любителей хорошего пива. хмель геркулес пользуется широким спросом в пивоваренной индустрии и применяется в различных стилях пива, особенно в тех, где требуется выраженная горечь и аромат хмеля. его уникальный профиль вкуса и аромата делает его идеальным для создания пива с характером и индивидуальностью.	https://бир.рф/shop/142/desc/khmel-gerkules-herkules-germanija-500-g	12.0-17.0 %	4.0-5.5 %	32.0-38.0 %	1.6-2.4
453	hop	геркулес / herkules	barth haas group	германия	хмель в гранулах горький	beer.rf	50.0	г	134.0	rub	достоин своего названия благодаря сильному, порой терпкому хмелевому вкусу и аромату. также в его букете присутствуют ноты цитруса, дыни, а также намек на сосновый аромат. урожай 2024 г | альфа 15,6 % достоин своего названия благодаря сильному, порой терпкому хмелевому вкусу и аромату. также в его букете присутствуют ноты цитруса, дыни, а также намек на сосновый аромат. урожай 2024 г | альфа 15,6 %	хмель геркулес (herkules) разработанный исследовательским институтом хмеля в халле, германия и выпущенный в 2005 году, является одним из наиболее интересных сортов хмеля на современном рынке. этот сорт был создан путем скрещивания хмеля халлертау таурус и мужского соцветия неизвестного экотипа, и его особенности делают его незаменимым для придания горечи пиву. помимо высокого содержания альфа-кислоты, хмель геркулес обладает также пряными, цветочными и хмелевыми нотами, которые добавляют особый аромат и вкус пиву. в нем можно обнаружить оттенки сосны, черного перца и дыни, что делает его уникальным и привлекательным для пивоваров и любителей хорошего пива. хмель геркулес пользуется широким спросом в пивоваренной индустрии и применяется в различных стилях пива, особенно в тех, где требуется выраженная горечь и аромат хмеля. его уникальный профиль вкуса и аромата делает его идеальным для создания пива с характером и индивидуальностью.	https://бир.рф/shop/144/desc/khmel-gerkules-herkules-germanija-50-g	12.0-17.0 %	4.0-5.5 %	32.0-38.0 %	1.6-2.4
455	hop	геркулес / herkules	barth haas group	германия	хмель в гранулах горький	beer.rf	100.0	г	232.0	rub	достоин своего названия благодаря сильному, порой терпкому хмелевому вкусу и аромату. также в его букете присутствуют ноты цитруса, дыни, а также намек на сосновый аромат. урожай 2024 г | альфа 15,6 % достоин своего названия благодаря сильному, порой терпкому хмелевому вкусу и аромату. также в его букете присутствуют ноты цитруса, дыни, а также намек на сосновый аромат. урожай 2024 г | альфа 15,6 %	хмель геркулес (herkules) разработанный исследовательским институтом хмеля в халле, германия и выпущенный в 2005 году, является одним из наиболее интересных сортов хмеля на современном рынке. этот сорт был создан путем скрещивания хмеля халлертау таурус и мужского соцветия неизвестного экотипа, и его особенности делают его незаменимым для придания горечи пиву. помимо высокого содержания альфа-кислоты, хмель геркулес обладает также пряными, цветочными и хмелевыми нотами, которые добавляют особый аромат и вкус пиву. в нем можно обнаружить оттенки сосны, черного перца и дыни, что делает его уникальным и привлекательным для пивоваров и любителей хорошего пива. хмель геркулес пользуется широким спросом в пивоваренной индустрии и применяется в различных стилях пива, особенно в тех, где требуется выраженная горечь и аромат хмеля. его уникальный профиль вкуса и аромата делает его идеальным для создания пива с характером и индивидуальностью.	https://бир.рф/shop/143/desc/khmel-gerkules-herkules-germanija-100-g	12.0-17.0 %	4.0-5.5 %	32.0-38.0 %	1.6-2.4
458	hop	вик сикрет / vic secret	hpa	австралия	хмель в гранулах универсальный	beer.rf	500.0	г	2686.0	rub	современный универсальный хмель с высоким содержанием горечи и при этом с яркими и чистыми фруктовыми и сосновыми характеристиками. урожай 2024 | альфа кислота: 18,4% современный универсальный хмель с высоким содержанием горечи и при этом с яркими и чистыми фруктовыми и сосновыми характеристиками. урожай 2024 | альфа кислота: 18,4%	"вик сикрет (vic secret) - это захватывающий австралийский сорт хмеля, который стал настоящим открытием для пивоваров по всему миру. в отличие от своего более доминирующего собрата, хмеля гэлэкси (galaxy), вик сикрет обладает более легким и ненавязчивым характером. однако его уникальные характеристики способны придать пиву неповторимый вкус и аромат. он проявляет чистые и отчетливые фруктовые и сосновые ноты, особенно хорошо раскрываясь при сухом охмелении или добавлении в вирпул. история создания вик сикрет началась в штате виктория в 2000 году, когда он был выведен из рассады, схожей с рассадой его ""брата"" - хмеля топаз. за время селекционной программы вик сикрет показал быстрый рост и высокую урожайность, и с 2010 года начались первые пивоваренные испытания этого сорта. был впервые отмечен в экспериментальной варке пива в 2011 году и наконец поступил на рынок в 2013 году. один из интересных фактов о вик сикрет заключается в его способности придавать пиву землистый характер при позднем добавлении в котел. хотя это может уменьшить фруктовость, оно добавляет пиву приятную ноту и уникальность. также отметим, что вик сикрет имеет очень высокий уровень альфа-кислоты, что делает его идеальным для достижения правильного баланса в пиве."	https://бир.рф/shop/1277/desc/khmel-vik-sikret-vic-secret-avstralija-500-g	15.0-21.8 %	6.1-7.8 %	51.0-56.0 %	2.1-2.8
459	hop	вик сикрет / vic secret	hpa	австралия	хмель в гранулах универсальный	beer.rf	50.0	г	355.0	rub	современный универсальный хмель с высоким содержанием горечи и при этом с яркими и чистыми фруктовыми и сосновыми характеристиками. урожай 2024| альфа кислота: 18,4% современный универсальный хмель с высоким содержанием горечи и при этом с яркими и чистыми фруктовыми и сосновыми характеристиками. урожай 2024| альфа кислота: 18,4%	"вик сикрет (vic secret) - это захватывающий австралийский сорт хмеля, который стал настоящим открытием для пивоваров по всему миру. в отличие от своего более доминирующего собрата, хмеля гэлэкси (galaxy), вик сикрет обладает более легким и ненавязчивым характером. однако его уникальные характеристики способны придать пиву неповторимый вкус и аромат. он проявляет чистые и отчетливые фруктовые и сосновые ноты, особенно хорошо раскрываясь при сухом охмелении или добавлении в вирпул. история создания вик сикрет началась в штате виктория в 2000 году, когда он был выведен из рассады, схожей с рассадой его ""брата"" - хмеля топаз. за время селекционной программы вик сикрет показал быстрый рост и высокую урожайность, и с 2010 года начались первые пивоваренные испытания этого сорта. был впервые отмечен в экспериментальной варке пива в 2011 году и наконец поступил на рынок в 2013 году. один из интересных фактов о вик сикрет заключается в его способности придавать пиву землистый характер при позднем добавлении в котел. хотя это может уменьшить фруктовость, оно добавляет пиву приятную ноту и уникальность. также отметим, что вик сикрет имеет очень высокий уровень альфа-кислоты, что делает его идеальным для достижения правильного баланса в пиве."	https://бир.рф/shop/1275/desc/khmel-vik-sikret-vic-secret-avstralija-50-g	15.0-21.8 %	6.1-7.8 %	51.0-56.0 %	2.1-2.8
461	hop	вик сикрет / vic secret	hpa	австралия	хмель в гранулах универсальный	beer.rf	100.0	г	623.0	rub	современный универсальный хмель с высоким содержанием горечи и при этом с яркими и чистыми фруктовыми и сосновыми характеристиками. урожай 2024 | альфа кислота: 18,4% современный универсальный хмель с высоким содержанием горечи и при этом с яркими и чистыми фруктовыми и сосновыми характеристиками. урожай 2024 | альфа кислота: 18,4%	"вик сикрет (vic secret) - это захватывающий австралийский сорт хмеля, который стал настоящим открытием для пивоваров по всему миру. в отличие от своего более доминирующего собрата, хмеля гэлэкси (galaxy), вик сикрет обладает более легким и ненавязчивым характером. однако его уникальные характеристики способны придать пиву неповторимый вкус и аромат. он проявляет чистые и отчетливые фруктовые и сосновые ноты, особенно хорошо раскрываясь при сухом охмелении или добавлении в вирпул. история создания вик сикрет началась в штате виктория в 2000 году, когда он был выведен из рассады, схожей с рассадой его ""брата"" - хмеля топаз. за время селекционной программы вик сикрет показал быстрый рост и высокую урожайность, и с 2010 года начались первые пивоваренные испытания этого сорта. был впервые отмечен в экспериментальной варке пива в 2011 году и наконец поступил на рынок в 2013 году. один из интересных фактов о вик сикрет заключается в его способности придавать пиву землистый характер при позднем добавлении в котел. хотя это может уменьшить фруктовость, оно добавляет пиву приятную ноту и уникальность. также отметим, что вик сикрет имеет очень высокий уровень альфа-кислоты, что делает его идеальным для достижения правильного баланса в пиве."	https://бир.рф/shop/1276/desc/khmel-vik-sikret-vic-secret-avstralija-100-g	15.0-21.8 %	6.1-7.8 %	51.0-56.0 %	2.1-2.8
463	hop	мандарина бавария / mandarina bavaria	ign	германия	хмель в гранулах универсальный	beer.rf	500.0	г	843.0	rub	относительно новый сорт немецкого хмеля, который привнесет в ваше пиво ноты мандарина с немного сладковатой подоплекой. урожай 2025г | альфа кислота 8,6 % относительно новый сорт немецкого хмеля, который привнесет в ваше пиво ноты мандарина с немного сладковатой подоплекой. урожай 2025г | альфа кислота 8,6 %	"мандарина бавария (mandarina bavaria) - это новый сорт хмеля, который был представлен на рынке в 2012 году. его особенности и ароматические качества позволяют отнести его к группе ""ароматных хмелей"". мандарина бавария отличается приятным фруктовым ароматом, в котором преобладают ноты мандарина с легкой сладостью. этот сорт хмеля является универсальным и может использоваться как при верховом, так и при низовом брожении пива, таких как эль и лагер. одной из уникальных особенностей мандарина бавария является его способность значительно изменить ароматический профиль пива. при использовании этого хмеля можно достичь высокого качества горечи и, главное, изменить вкусовой профиль пива. это особенно заметно, когда применяется техника сухого охмеления, которая позволяет передать специфические ароматические ноты мандарина бавария в пиво. добавление мандарина бавария в рецепт пива может придать ему особый характер и уникальность. аромат мандарина, сочетающийся с другими ингредиентами, создает неповторимый вкусовой букет, который может удивить и порадовать пивных гурманов. этот сорт хмеля отлично сочетается с различными сортами солода и дрожжей, что позволяет пивовару экспериментировать и создавать новые интересные рецепты. также популярен среди пивоваров благодаря своей устойчивости к болезням и хорошей урожайности. это облегчает его выращивание и обеспечивает постоянное наличие на рынке. мандарина бавария (mandarina bavaria) - это новый сорт хмеля, который был представлен на рынке в 2012 году. его особенности и ароматические качества позволяют отнести его к группе ""ароматных хмелей"". мандарина бавария отличается приятным фруктовым ароматом, в котором преобладают ноты мандарина с легкой сладостью. этот сорт хмеля является универсальным и может использоваться как при верховом, так и при низовом брожении пива, таких как эль и лагер. одной из уникальных особенностей мандарина бавария является его способность значительно изменить ароматический профиль пива. при использовании этого хмеля можно достичь высокого качества горечи и, главное, изменить вкусовой профиль пива. это особенно заметно, когда применяется техника сухого охмеления, которая позволяет передать специфические ароматические ноты мандарина бавария в пиво. добавление мандарина бавария в рецепт пива может придать ему особый характер и уникальность. аромат мандарина, сочетающийся с другими ингредиентами, создает неповторимый вкусовой букет, который может удивить и порадовать пивных гурманов. этот сорт хмеля отлично сочетается с различными сортами солода и дрожжей, что позволяет пивовару экспериментировать и создавать новые интересные рецепты. также популярен среди пивоваров благодаря своей устойчивости к болезням и хорошей урожайности. это облегчает его выращивание и обеспечивает постоянное наличие на рынке. состав эфирных масел:"	https://бир.рф/shop/120/desc/khmel-mandarina-bavarija-mandarina-bavaria-germanija-500-g	7.0-10.0 %	5.0-6.5 %	31.0-35.0 %	2.2
465	hop	мандарина бавария / mandarina bavaria	ign	германия	хмель в гранулах универсальный	beer.rf	50.0	г	124.0	rub	относительно новый сорт немецкого хмеля, который привнесет в ваше пиво ноты мандарина с немного сладковатой подоплекой. урожай 2025г | альфа кислота 9,5 % относительно новый сорт немецкого хмеля, который привнесет в ваше пиво ноты мандарина с немного сладковатой подоплекой. урожай 2025г | альфа кислота 9,5 %	"мандарина бавария (mandarina bavaria) - это новый сорт хмеля, который был представлен на рынке в 2012 году. его особенности и ароматические качества позволяют отнести его к группе ""ароматных хмелей"". мандарина бавария отличается приятным фруктовым ароматом, в котором преобладают ноты мандарина с легкой сладостью. этот сорт хмеля является универсальным и может использоваться как при верховом, так и при низовом брожении пива, таких как эль и лагер. одной из уникальных особенностей мандарина бавария является его способность значительно изменить ароматический профиль пива. при использовании этого хмеля можно достичь высокого качества горечи и, главное, изменить вкусовой профиль пива. это особенно заметно, когда применяется техника сухого охмеления, которая позволяет передать специфические ароматические ноты мандарина бавария в пиво. добавление мандарина бавария в рецепт пива может придать ему особый характер и уникальность. аромат мандарина, сочетающийся с другими ингредиентами, создает неповторимый вкусовой букет, который может удивить и порадовать пивных гурманов. этот сорт хмеля отлично сочетается с различными сортами солода и дрожжей, что позволяет пивовару экспериментировать и создавать новые интересные рецепты. также популярен среди пивоваров благодаря своей устойчивости к болезням и хорошей урожайности. это облегчает его выращивание и обеспечивает постоянное наличие на рынке. мандарина бавария (mandarina bavaria) - это новый сорт хмеля, который был представлен на рынке в 2012 году. его особенности и ароматические качества позволяют отнести его к группе ""ароматных хмелей"". мандарина бавария отличается приятным фруктовым ароматом, в котором преобладают ноты мандарина с легкой сладостью. этот сорт хмеля является универсальным и может использоваться как при верховом, так и при низовом брожении пива, таких как эль и лагер. одной из уникальных особенностей мандарина бавария является его способность значительно изменить ароматический профиль пива. при использовании этого хмеля можно достичь высокого качества горечи и, главное, изменить вкусовой профиль пива. это особенно заметно, когда применяется техника сухого охмеления, которая позволяет передать специфические ароматические ноты мандарина бавария в пиво. добавление мандарина бавария в рецепт пива может придать ему особый характер и уникальность. аромат мандарина, сочетающийся с другими ингредиентами, создает неповторимый вкусовой букет, который может удивить и порадовать пивных гурманов. этот сорт хмеля отлично сочетается с различными сортами солода и дрожжей, что позволяет пивовару экспериментировать и создавать новые интересные рецепты. также популярен среди пивоваров благодаря своей устойчивости к болезням и хорошей урожайности. это облегчает его выращивание и обеспечивает постоянное наличие на рынке. состав эфирных масел:"	https://бир.рф/shop/118/desc/khmel-mandarina-bavarija-mandarina-bavaria-germanija-50-g	7.0-10.0 %	5.0-6.5 %	31.0-35.0 %	2.2
467	hop	мандарина бавария / mandarina bavaria	ign	германия	хмель в гранулах универсальный	beer.rf	100.0	г	202.0	rub	относительно новый сорт немецкого хмеля, который привнесет в ваше пиво ноты мандарина с немного сладковатой подоплекой. урожай 2025г | альфа кислота 8,6 % относительно новый сорт немецкого хмеля, который привнесет в ваше пиво ноты мандарина с немного сладковатой подоплекой. урожай 2025г | альфа кислота 8,6 %	"мандарина бавария (mandarina bavaria) - это новый сорт хмеля, который был представлен на рынке в 2012 году. его особенности и ароматические качества позволяют отнести его к группе ""ароматных хмелей"". мандарина бавария отличается приятным фруктовым ароматом, в котором преобладают ноты мандарина с легкой сладостью. этот сорт хмеля является универсальным и может использоваться как при верховом, так и при низовом брожении пива, таких как эль и лагер. одной из уникальных особенностей мандарина бавария является его способность значительно изменить ароматический профиль пива. при использовании этого хмеля можно достичь высокого качества горечи и, главное, изменить вкусовой профиль пива. это особенно заметно, когда применяется техника сухого охмеления, которая позволяет передать специфические ароматические ноты мандарина бавария в пиво. добавление мандарина бавария в рецепт пива может придать ему особый характер и уникальность. аромат мандарина, сочетающийся с другими ингредиентами, создает неповторимый вкусовой букет, который может удивить и порадовать пивных гурманов. этот сорт хмеля отлично сочетается с различными сортами солода и дрожжей, что позволяет пивовару экспериментировать и создавать новые интересные рецепты. также популярен среди пивоваров благодаря своей устойчивости к болезням и хорошей урожайности. это облегчает его выращивание и обеспечивает постоянное наличие на рынке. мандарина бавария (mandarina bavaria) - это новый сорт хмеля, который был представлен на рынке в 2012 году. его особенности и ароматические качества позволяют отнести его к группе ""ароматных хмелей"". мандарина бавария отличается приятным фруктовым ароматом, в котором преобладают ноты мандарина с легкой сладостью. этот сорт хмеля является универсальным и может использоваться как при верховом, так и при низовом брожении пива, таких как эль и лагер. одной из уникальных особенностей мандарина бавария является его способность значительно изменить ароматический профиль пива. при использовании этого хмеля можно достичь высокого качества горечи и, главное, изменить вкусовой профиль пива. это особенно заметно, когда применяется техника сухого охмеления, которая позволяет передать специфические ароматические ноты мандарина бавария в пиво. добавление мандарина бавария в рецепт пива может придать ему особый характер и уникальность. аромат мандарина, сочетающийся с другими ингредиентами, создает неповторимый вкусовой букет, который может удивить и порадовать пивных гурманов. этот сорт хмеля отлично сочетается с различными сортами солода и дрожжей, что позволяет пивовару экспериментировать и создавать новые интересные рецепты. также популярен среди пивоваров благодаря своей устойчивости к болезням и хорошей урожайности. это облегчает его выращивание и обеспечивает постоянное наличие на рынке. состав эфирных масел:"	https://бир.рф/shop/119/desc/khmel-mandarina-bavarija-mandarina-bavaria-germanija-100-g	7.0-10.0 %	5.0-6.5 %	31.0-35.0 %	2.2
468	hop	магнум / magnum	грейнруc	россия	хмель в гранулах горький	beer.rf	500.0	г	849.0	rub	немецкий гигант выращенный на юге россии, обеспечивающий чистую горечь и тонкий цитрусовый вкус. в аромате также можно услышать яблоко и перец. альфа 11,1 % | урожай 2025 г немецкий гигант выращенный на юге россии, обеспечивающий чистую горечь и тонкий цитрусовый вкус. в аромате также можно услышать яблоко и перец. альфа 11,1 % | урожай 2025 г		https://бир.рф/shop/1791/desc/khmel-magnum-magnum-rossija-500-g	11.1 %			
470	hop	магнум / magnum	грейнруc	россия	хмель в гранулах горький	beer.rf	50.0	г	119.0	rub	немецкий гигант выращенный на юге россии, обеспечивающий чистую горечь и тонкий цитрусовый вкус. в аромате также можно услышать яблоко и перец. альфа 11,1 % | урожай 2025 г немецкий гигант выращенный на юге россии, обеспечивающий чистую горечь и тонкий цитрусовый вкус. в аромате также можно услышать яблоко и перец. альфа 11,1 % | урожай 2025 г		https://бир.рф/shop/1793/desc/khmel-magnum-magnum-rossija-50-g	11.1 %			
472	hop	магнум / magnum	грейнруc	россия	хмель в гранулах горький	beer.rf	100.0	г	199.0	rub	немецкий гигант выращенный на юге россии, обеспечивающий чистую горечь и тонкий цитрусовый вкус. в аромате также можно услышать яблоко и перец. альфа 11,1 % | урожай 2025 г немецкий гигант выращенный на юге россии, обеспечивающий чистую горечь и тонкий цитрусовый вкус. в аромате также можно услышать яблоко и перец. альфа 11,1 % | урожай 2025 г		https://бир.рф/shop/1792/desc/khmel-magnum-magnum-rossija-100-g	11.1 %			
474	hop	магнум / magnum	ign	германия	хмель в гранулах горький	beer.rf	500.0	г	759.0	rub	горький сорт немецкого хмеля, который, как правило используется для придания фундаментальной горечи в немецких стилях пива. урожай: 2025 г | альфа кислота: 13.1 % горький сорт немецкого хмеля, который, как правило используется для придания фундаментальной горечи в немецких стилях пива. урожай: 2025 г | альфа кислота: 13.1 %	халлертаур магнум (hallertaur magnum) - это хмель, который привлекает внимание своими уникальными характеристиками. этот сорт был разработан в научно-исследовательском институте хмеля, расположенном в немецком городе халле, и сегодня он является вторым по величине производства альфа-сортом в своем регионе. халлертаур магнум, также известный просто как магнум, широко используется в качестве основной компоненты для достижения горечи во многих рецептах пива. в отличие от некоторых других сортов, этот хмель не обладает ярким ароматом. некоторые могут считать это его недостатком, но на самом деле это преимущество, которое позволяет использовать его в начале процесса кипячения, благодаря высокому содержанию альфа-кислоты, которое составляет от 12,0% до 14,0%. благодаря своей высокой концентрации альфа-кислоты, халлертаур магнум придает пиву сильную горечь, которая может быть идеально сбалансирована с другими ингредиентами, такими как солод и дрожжи. это делает его популярным выбором для различных стилей пива, включая ipa (india pale ale), apa (american pale ale) и другие, где горечь играет важную роль. хмель магнум обладает хорошей хранящейся стабильностью, что делает его удобным для использования в коммерческих пивоваренных процессах. его способность сохранять свои качества на протяжении длительного времени позволяет пивоварням производить стабильные и качественные пивные напитки.	https://бир.рф/shop/121/desc/khmel-magnum-magnum-germanija-500-g	11.0-16.0 %	5.0-7.0 %	21.0-29.0 %	1.6-2.6
476	hop	магнум / magnum	ign	германия	хмель в гранулах горький	beer.rf	50.0	г	113.0	rub	горький сорт немецкого хмеля, который, как правило используется для придания фундаментальной горечи в немецких стилях пива. урожай: 2025 г | альфа кислота: 13.1 % горький сорт немецкого хмеля, который, как правило используется для придания фундаментальной горечи в немецких стилях пива. урожай: 2025 г | альфа кислота: 13.1 %	халлертаур магнум (hallertaur magnum) - это хмель, который привлекает внимание своими уникальными характеристиками. этот сорт был разработан в научно-исследовательском институте хмеля, расположенном в немецком городе халле, и сегодня он является вторым по величине производства альфа-сортом в своем регионе. халлертаур магнум, также известный просто как магнум, широко используется в качестве основной компоненты для достижения горечи во многих рецептах пива. в отличие от некоторых других сортов, этот хмель не обладает ярким ароматом. некоторые могут считать это его недостатком, но на самом деле это преимущество, которое позволяет использовать его в начале процесса кипячения, благодаря высокому содержанию альфа-кислоты, которое составляет от 12,0% до 14,0%. благодаря своей высокой концентрации альфа-кислоты, халлертаур магнум придает пиву сильную горечь, которая может быть идеально сбалансирована с другими ингредиентами, такими как солод и дрожжи. это делает его популярным выбором для различных стилей пива, включая ipa (india pale ale), apa (american pale ale) и другие, где горечь играет важную роль. хмель магнум обладает хорошей хранящейся стабильностью, что делает его удобным для использования в коммерческих пивоваренных процессах. его способность сохранять свои качества на протяжении длительного времени позволяет пивоварням производить стабильные и качественные пивные напитки.	https://бир.рф/shop/123/desc/khmel-magnum-magnum-germanija-50-g	11.0-16.0 %	5.0-7.0 %	21.0-29.0 %	1.6-2.6
478	hop	магнум / magnum	ign	германия	хмель в гранулах горький	beer.rf	100.0	г	182.0	rub	горький сорт немецкого хмеля, который, как правило используется для придания фундаментальной горечи в немецких стилях пива. урожай: 2025 г | альфа кислота: 13.1 % горький сорт немецкого хмеля, который, как правило используется для придания фундаментальной горечи в немецких стилях пива. урожай: 2025 г | альфа кислота: 13.1 %	халлертаур магнум (hallertaur magnum) - это хмель, который привлекает внимание своими уникальными характеристиками. этот сорт был разработан в научно-исследовательском институте хмеля, расположенном в немецком городе халле, и сегодня он является вторым по величине производства альфа-сортом в своем регионе. халлертаур магнум, также известный просто как магнум, широко используется в качестве основной компоненты для достижения горечи во многих рецептах пива. в отличие от некоторых других сортов, этот хмель не обладает ярким ароматом. некоторые могут считать это его недостатком, но на самом деле это преимущество, которое позволяет использовать его в начале процесса кипячения, благодаря высокому содержанию альфа-кислоты, которое составляет от 12,0% до 14,0%. благодаря своей высокой концентрации альфа-кислоты, халлертаур магнум придает пиву сильную горечь, которая может быть идеально сбалансирована с другими ингредиентами, такими как солод и дрожжи. это делает его популярным выбором для различных стилей пива, включая ipa (india pale ale), apa (american pale ale) и другие, где горечь играет важную роль. хмель магнум обладает хорошей хранящейся стабильностью, что делает его удобным для использования в коммерческих пивоваренных процессах. его способность сохранять свои качества на протяжении длительного времени позволяет пивоварням производить стабильные и качественные пивные напитки.	https://бир.рф/shop/122/desc/khmel-magnum-magnum-germanija-100-g	11.0-16.0 %	5.0-7.0 %	21.0-29.0 %	1.6-2.6
480	hop	коламбус / columbus	cls yakima valley	сша	хмель в гранулах универсальный	beer.rf	500.0	г	1521.45	rub	хмель имеет три названия columbus, tomahawk, zeus. но так как трио хмелей обладает одинаковыми свойствами их объединили в название ctz. хмель используют в основном для придания горечи, и обладает умеренным ароматом специй и трав. урожай 2024 | альфа 14,1% хмель имеет три названия columbus, tomahawk, zeus. но так как трио хмелей обладает одинаковыми свойствами их объединили в название ctz. хмель используют в основном для придания горечи, и обладает умеренным ароматом специй и трав. урожай 2024 | альфа 14,1%	хмель колумбус (columbus) - это уникальный сорт хмеля, который также известен под другими названиями, такими как ctz, томагавк (tomahawk) и зевс (zeus). возникают споры относительно авторских прав и патентов на этот сорт между компанией якима чиф и чарльзом циммерманом, который первым вывел этот сорт. в результате этих споров было создано совместное предприятие под названием husa-cez между чарльзом и hopunion сша. хмель колумбус обладает высоким содержанием альфа-кислот, составляющим от 14% до 16%. благодаря этому он идеально подходит для создания горькой основы в различных стилях пива, таких как пэйл эль, индийский пэйл эль, стауты и имперские стили пива. обычно этот сорт используется для позднего кипячения или сухого охмеления из-за его травянистого и земляного характера. аромат хмеля колумбус приятный, и в свежей партии можно обнаружить нотки цитрусовых. это добавляет особый характер и аромат пиву, делая его более интересным для пивоваров и любителей крафтового пива.	https://бир.рф/shop/214/desc/khmel-kolambus-columbus-ctz-ssha-500-g	15.0-17.8 %	4.9-5.7 %	26.0-28.0 %	1.6-4.6
481	hop	коламбус / columbus	cls yakima valley	сша	хмель в гранулах универсальный	beer.rf	50.0	г	209.72	rub	хмель имеет три названия columbus, tomahawk, zeus. но так как трио хмелей обладает одинаковыми свойствами их объединили в название ctz. хмель используют в основном для придания горечи, и обладает умеренным ароматом специй и трав. урожай 2024 | альфа 14,1% хмель имеет три названия columbus, tomahawk, zeus. но так как трио хмелей обладает одинаковыми свойствами их объединили в название ctz. хмель используют в основном для придания горечи, и обладает умеренным ароматом специй и трав. урожай 2024 | альфа 14,1%	хмель колумбус (columbus) - это уникальный сорт хмеля, который также известен под другими названиями, такими как ctz, томагавк (tomahawk) и зевс (zeus). возникают споры относительно авторских прав и патентов на этот сорт между компанией якима чиф и чарльзом циммерманом, который первым вывел этот сорт. в результате этих споров было создано совместное предприятие под названием husa-cez между чарльзом и hopunion сша. хмель колумбус обладает высоким содержанием альфа-кислот, составляющим от 14% до 16%. благодаря этому он идеально подходит для создания горькой основы в различных стилях пива, таких как пэйл эль, индийский пэйл эль, стауты и имперские стили пива. обычно этот сорт используется для позднего кипячения или сухого охмеления из-за его травянистого и земляного характера. аромат хмеля колумбус приятный, и в свежей партии можно обнаружить нотки цитрусовых. это добавляет особый характер и аромат пиву, делая его более интересным для пивоваров и любителей крафтового пива.	https://бир.рф/shop/216/desc/khmel-kolambus-columbus-ctz-ssha-50-g	15.0-17.8 %	4.9-5.7 %	26.0-28.0 %	1.6-4.6
484	hop	коламбус / columbus	cls yakima valley	сша	хмель в гранулах универсальный	beer.rf	100.0	г	363.8	rub	хмель имеет три названия columbus, tomahawk, zeus. но так как трио хмелей обладает одинаковыми свойствами их объединили в название ctz. хмель используют в основном для придания горечи, и обладает умеренным ароматом специй и трав. урожай 2024 | альфа 14,1% хмель имеет три названия columbus, tomahawk, zeus. но так как трио хмелей обладает одинаковыми свойствами их объединили в название ctz. хмель используют в основном для придания горечи, и обладает умеренным ароматом специй и трав. урожай 2024 | альфа 14,1%	хмель колумбус (columbus) - это уникальный сорт хмеля, который также известен под другими названиями, такими как ctz, томагавк (tomahawk) и зевс (zeus). возникают споры относительно авторских прав и патентов на этот сорт между компанией якима чиф и чарльзом циммерманом, который первым вывел этот сорт. в результате этих споров было создано совместное предприятие под названием husa-cez между чарльзом и hopunion сша. хмель колумбус обладает высоким содержанием альфа-кислот, составляющим от 14% до 16%. благодаря этому он идеально подходит для создания горькой основы в различных стилях пива, таких как пэйл эль, индийский пэйл эль, стауты и имперские стили пива. обычно этот сорт используется для позднего кипячения или сухого охмеления из-за его травянистого и земляного характера. аромат хмеля колумбус приятный, и в свежей партии можно обнаружить нотки цитрусовых. это добавляет особый характер и аромат пиву, делая его более интересным для пивоваров и любителей крафтового пива.	https://бир.рф/shop/215/desc/khmel-kolambus-columbus-ctz-ssha-100-g	15.0-17.8 %	4.9-5.7 %	26.0-28.0 %	1.6-4.6
485	hop	кашемир / cashmere	cls yakima valley	сша	хмель в гранулах универсальный	beer.rf	500.0	г	1634.0	rub	отличный универсальный хмель, демонстрирующий ароматы лимона, лайма и дыни, а также гладкую горечь с тонким травяным букетом. урожай 2024 | альфа кислота 8,2% отличный универсальный хмель, демонстрирующий ароматы лимона, лайма и дыни, а также гладкую горечь с тонким травяным букетом. урожай 2024 | альфа кислота 8,2%	хмель кашемир (cashmere) - это настоящее сокровище мира пивоварения, разработанное университетом вашингтонского штата и представленное в 2013 году. этот универсальный хмель обладает уникальным букетом ароматов, включающим лимон, лайм и дыню, а также гладкую горечь с тонким травяным оттенком. хмель кашемир (cashmere) - это настоящее сокровище мира пивоварения, разработанное университетом вашингтонского штата и представленное в 2013 году. этот универсальный хмель обладает уникальным букетом ароматов, включающим лимон, лайм и дыню, а также гладкую горечь с тонким травяным оттенком. кашемир является результатом скрещивания двух популярных сортов хмеля - каскада и нортен бревера. благодаря этому комбинированному генетическому наследию, хмель кашемир обладает выше среднего содержанием альфа-кислот, чем его предшественники. это делает его отличным выбором для пивоваров, которые стремятся достичь более выраженной горечи и ароматических характеристик в своих пивных напитках. кашемир может быть использован в различных стилях пива благодаря своей универсальности. он идеально подходит для американских эль и ipa, придавая им освежающий цитрусовый аромат и нотки тропических фруктов. благодаря своей гладкой горечи, этот хмель также может быть использован в пивах с более низким содержанием алкоголя, чтобы добавить баланс и аромат.	https://бир.рф/shop/1284/desc/khmel-kashemir-cashmere-ssha-500-g	7.7-9.2 %	3.3-7.1 %	22.0-24.0 %	1.2-1.4
487	hop	кашемир / cashmere	cls yakima valley	сша	хмель в гранулах универсальный	beer.rf	50.0	г	227.0	rub	отличный универсальный хмель, демонстрирующий ароматы лимона, лайма и дыни, а также гладкую горечь с тонким травяным букетом. урожай 2025 | альфа кислота 8% отличный универсальный хмель, демонстрирующий ароматы лимона, лайма и дыни, а также гладкую горечь с тонким травяным букетом. урожай 2025 | альфа кислота 8%	хмель кашемир (cashmere) - это настоящее сокровище мира пивоварения, разработанное университетом вашингтонского штата и представленное в 2013 году. этот универсальный хмель обладает уникальным букетом ароматов, включающим лимон, лайм и дыню, а также гладкую горечь с тонким травяным оттенком. хмель кашемир (cashmere) - это настоящее сокровище мира пивоварения, разработанное университетом вашингтонского штата и представленное в 2013 году. этот универсальный хмель обладает уникальным букетом ароматов, включающим лимон, лайм и дыню, а также гладкую горечь с тонким травяным оттенком. кашемир является результатом скрещивания двух популярных сортов хмеля - каскада и нортен бревера. благодаря этому комбинированному генетическому наследию, хмель кашемир обладает выше среднего содержанием альфа-кислот, чем его предшественники. это делает его отличным выбором для пивоваров, которые стремятся достичь более выраженной горечи и ароматических характеристик в своих пивных напитках. кашемир может быть использован в различных стилях пива благодаря своей универсальности. он идеально подходит для американских эль и ipa, придавая им освежающий цитрусовый аромат и нотки тропических фруктов. благодаря своей гладкой горечи, этот хмель также может быть использован в пивах с более низким содержанием алкоголя, чтобы добавить баланс и аромат.	https://бир.рф/shop/195/desc/khmel-kashemir-cashmere-ssha-50-g	7.7-9.2 %	3.3-7.1 %	22.0-24.0 %	1.2-1.4
490	hop	кашемир / cashmere	cls yakima valley	сша	хмель в гранулах универсальный	beer.rf	100.0	г	385.0	rub	отличный универсальный хмель, демонстрирующий ароматы лимона, лайма и дыни, а также гладкую горечь с тонким травяным букетом. урожай 2025 | альфа кислота 8% отличный универсальный хмель, демонстрирующий ароматы лимона, лайма и дыни, а также гладкую горечь с тонким травяным букетом. урожай 2025 | альфа кислота 8%	хмель кашемир (cashmere) - это настоящее сокровище мира пивоварения, разработанное университетом вашингтонского штата и представленное в 2013 году. этот универсальный хмель обладает уникальным букетом ароматов, включающим лимон, лайм и дыню, а также гладкую горечь с тонким травяным оттенком. хмель кашемир (cashmere) - это настоящее сокровище мира пивоварения, разработанное университетом вашингтонского штата и представленное в 2013 году. этот универсальный хмель обладает уникальным букетом ароматов, включающим лимон, лайм и дыню, а также гладкую горечь с тонким травяным оттенком. кашемир является результатом скрещивания двух популярных сортов хмеля - каскада и нортен бревера. благодаря этому комбинированному генетическому наследию, хмель кашемир обладает выше среднего содержанием альфа-кислот, чем его предшественники. это делает его отличным выбором для пивоваров, которые стремятся достичь более выраженной горечи и ароматических характеристик в своих пивных напитках. кашемир может быть использован в различных стилях пива благодаря своей универсальности. он идеально подходит для американских эль и ipa, придавая им освежающий цитрусовый аромат и нотки тропических фруктов. благодаря своей гладкой горечи, этот хмель также может быть использован в пиве с более низким содержанием алкоголя, чтобы добавить баланс и аромат.	https://бир.рф/shop/194/desc/khmel-kashemir-cashmere-ssha-100-g	7.7-9.2 %	3.3-7.1 %	22.0-24.0 %	1.2-1.4
492	hop	каскад / cascade	john i. haas	сша	хмель в гранулах универсальный	beer.rf	500.0	г	1231.0	rub	этот хмель является основоположником крафтовой революции зародившейся в сша в начале 1970-х годов. очень популярный хмель во всем мире, который можно использовать как для горечи, так и для аромата с нотками цитруса и грейпфрута. урожай 2025 | альфа 6,2 % этот хмель является основоположником крафтовой революции зародившейся в сша в начале 1970-х годов. очень популярный хмель во всем мире, который можно использовать как для горечи, так и для аромата с нотками цитруса и грейпфрута. урожай 2025 | альфа 6,2 %	хмель каскад (cascade) - это настоящая находка для пивоваров, особенно тех, кто предпочитает стиль американский пэйл эль (apa). этот хмель, с отличным вкусом и ароматом, завоевал популярность в пивоваренной промышленности и стал неотъемлемой частью многих коммерческих сортов пива в сша. история каскадного хмеля началась в 1972 году, и с тех пор он стал одним из самых популярных и доступных для изготовления домашнего и коммерческого пива хмелей в сша. важно отметить, что хмель каскад появился на свет в сша благодаря скрещиванию английского хмеля фаггл с российской серебрянкой. это делает его поистине интернациональным сортом хмеля, а его рассады легко доступны, что делает его привлекательным выбором для пивоваров всех уровней. каскад выращивается в различных частях света, включая новую зеландию, аргентину, германию и украину. но его название связано с каскадным хребтом гор, простирающимся от северной калифорнии до британской колумбии в канаде. этот хребет вдохновил создателей хмеля на его название, и оно стало символом его уникальности и качества. каскад обладает умеренным содержанием альфа-кислот, в диапазоне от 4,5% до 7%. но его настоящая сила проявляется в аромате. американская версия этого хмеля источает специфический аромат зеленого ботанического сада, который некоторые сравнивают с цитрусовыми или грейпфрутовыми нотками. это связано с высоким содержанием мирцена, который придает пиву особый характер. кроме того, хмель содержит фарнезен, используемый в парфюмерной и пищевой промышленности, что добавляет еще больше интересных ароматических нюансов.	https://бир.рф/shop/223/desc/khmel-kaskad-cascade-ssha-500-g	4.5-7.0 %	4.5-7.0 %	33.0-40.0 %	0.7-1.5
494	hop	каскад / cascade	john i. haas	сша	хмель в гранулах универсальный	beer.rf	100.0	г	292.0	rub	этот хмель является основоположником крафтовой революции зародившейся в сша в начале 1970-х годов. очень популярный хмель во всем мире, который можно использовать как для горечи, так и для аромата с нотками цитруса и грейпфрута. урожай 2025 | альфа 6,2 % этот хмель является основоположником крафтовой революции зародившейся в сша в начале 1970-х годов. очень популярный хмель во всем мире, который можно использовать как для горечи, так и для аромата с нотками цитруса и грейпфрута. урожай 2025 | альфа 6,2 %	хмель каскад (cascade) - это настоящая находка для пивоваров, особенно тех, кто предпочитает стиль американский пэйл эль (apa). этот хмель, с отличным вкусом и ароматом, завоевал популярность в пивоваренной промышленности и стал неотъемлемой частью многих коммерческих сортов пива в сша. история каскадного хмеля началась в 1972 году, и с тех пор он стал одним из самых популярных и доступных для изготовления домашнего и коммерческого пива хмелей в сша. важно отметить, что хмель каскад появился на свет в сша благодаря скрещиванию английского хмеля фаггл с российской серебрянкой. это делает его поистине интернациональным сортом хмеля, а его рассады легко доступны, что делает его привлекательным выбором для пивоваров всех уровней. каскад выращивается в различных частях света, включая новую зеландию, аргентину, германию и украину. но его название связано с каскадным хребтом гор, простирающимся от северной калифорнии до британской колумбии в канаде. этот хребет вдохновил создателей хмеля на его название, и оно стало символом его уникальности и качества. каскад обладает умеренным содержанием альфа-кислот, в диапазоне от 4,5% до 7%. но его настоящая сила проявляется в аромате. американская версия этого хмеля источает специфический аромат зеленого ботанического сада, который некоторые сравнивают с цитрусовыми или грейпфрутовыми нотками. это связано с высоким содержанием мирцена, который придает пиву особый характер. кроме того, хмель содержит фарнезен, используемый в парфюмерной и пищевой промышленности, что добавляет еще больше интересных ароматических нюансов.	https://бир.рф/shop/224/desc/khmel-kaskad-cascade-ssha-100-g	4.5-7.0 %	4.5-7.0 %	33.0-40.0 %	0.7-1.5
496	hop	перле / perle	грейнруc	россия	хмель в гранулах универсальный	beer.rf	500.0	г	699.0	rub	легендарная немецкая классика выращенная на юге россии, включающая в себя пряный аромат с нежными цветочными нотами. хмель отлично сочетается с различными немецкими сортами пива - от легких лагеров до насыщенных элей. альфа 6 % | урожай 2024 г легендарная немецкая классика выращенная на юге россии, включающая в себя пряный аромат с нежными цветочными нотами. хмель отлично сочетается с различными немецкими сортами пива - от легких лагеров до насыщенных элей. альфа 6 % | урожай 2024 г		https://бир.рф/shop/1796/desc/khmel-perle-perle-rossija-500-g	6.0 %			
498	hop	перле / perle	грейнруc	россия	хмель в гранулах универсальный	beer.rf	50.0	г	99.0	rub	легендарная немецкая классика выращенная на юге россии, включающая в себя пряный аромат с нежными цветочными нотами. хмель отлично сочетается с различными немецкими сортами пива - от легких лагеров до насыщенных элей. альфа 6 % | урожай 2024 г легендарная немецкая классика выращенная на юге россии, включающая в себя пряный аромат с нежными цветочными нотами. хмель отлично сочетается с различными немецкими сортами пива - от легких лагеров до насыщенных элей. альфа 6 % | урожай 2024 г		https://бир.рф/shop/1794/desc/khmel-perle-perle-rossija-50-g	6.0 %			
500	hop	перле / perle	грейнруc	россия	хмель в гранулах универсальный	beer.rf	100.0	г	169.0	rub	легендарная немецкая классика выращенная на юге россии, включающая в себя пряный аромат с нежными цветочными нотами. хмель отлично сочетается с различными немецкими сортами пива - от легких лагеров до насыщенных элей. альфа 6 % | урожай 2024 г легендарная немецкая классика выращенная на юге россии, включающая в себя пряный аромат с нежными цветочными нотами. хмель отлично сочетается с различными немецкими сортами пива - от легких лагеров до насыщенных элей. альфа 6 % | урожай 2024 г		https://бир.рф/shop/1795/desc/khmel-perle-perle-rossija-100-g	6.0 %			
501	hop	перле / perle	ign	германия	хмель в гранулах универсальный	beer.rf	500.0	г	835.0	rub	горько-ароматический хмель с высоким содержанием альфа кислоты и высоким содержанием ароматических составляющих, придающих пиву чистый, тонкий и благородный хмелевой аромат. урожай 2025 г | альфа-кислота 6,2 % горько-ароматический хмель с высоким содержанием альфа кислоты и высоким содержанием ароматических составляющих, придающих пиву чистый, тонкий и благородный хмелевой аромат. урожай 2025 г | альфа-кислота 6,2 %	хмель перле (perle) - это уникальный сорт хмеля, выведенный в халле нии хмеля в германии в 1978 году. он стал одним из самых популярных сортов, выращиваемых в этой стране, и широко используется в коммерческом пивоварении по всему региону. однако, несмотря на свою популярность в германии, хмель перле также выращивается в соединенных штатах. основное преимущество этого сорта хмеля заключается в его универсальности и устойчивости к различным болезням, мучнистой росе и увяданию. это делает его привлекательным для пивоваров, которые ищут надежный и качественный ингредиент для своего пива. хмель перле обладает альфа-кислотами в диапазоне от 5,9% до 9,5%, что является достаточно высоким показателем для этого региона. вкус и аромат хмеля перле можно описать как пряный и умеренный, что придает пиву особый характер. многие пивовары сравнивают его с другим популярным сортом хмеля - халлертаур миттельфрю. однако, стоит отметить, что содержание когумулона в хмеле перле относительно низкое, что является типичным для большинства сортов хмеля из этого региона.	https://бир.рф/shop/141/desc/khmel-perle-perle-germanija-500-g	6.0-10.0 %	2.5-5.0 %	28.0-32.0 %	0.8-1.3
503	hop	перле / perle	ign	германия	хмель в гранулах универсальный	beer.rf	50.0	г	123.0	rub	горько-ароматический хмель с высоким содержанием альфа кислоты и высоким содержанием ароматических составляющих, придающих пиву чистый, тонкий и благородный хмелевой аромат. урожай 2025 г | альфа-кислота 7,3 % горько-ароматический хмель с высоким содержанием альфа кислоты и высоким содержанием ароматических составляющих, придающих пиву чистый, тонкий и благородный хмелевой аромат. урожай 2025 г | альфа-кислота 7,3 %	хмель перле (perle) - это уникальный сорт хмеля, выведенный в халле нии хмеля в германии в 1978 году. он стал одним из самых популярных сортов, выращиваемых в этой стране, и широко используется в коммерческом пивоварении по всему региону. однако, несмотря на свою популярность в германии, хмель перле также выращивается в соединенных штатах. основное преимущество этого сорта хмеля заключается в его универсальности и устойчивости к различным болезням, мучнистой росе и увяданию. это делает его привлекательным для пивоваров, которые ищут надежный и качественный ингредиент для своего пива. хмель перле обладает альфа-кислотами в диапазоне от 5,9% до 9,5%, что является достаточно высоким показателем для этого региона. вкус и аромат хмеля перле можно описать как пряный и умеренный, что придает пиву особый характер. многие пивовары сравнивают его с другим популярным сортом хмеля - халлертаур миттельфрю. однако, стоит отметить, что содержание когумулона в хмеле перле относительно низкое, что является типичным для большинства сортов хмеля из этого региона.	https://бир.рф/shop/139/desc/khmel-perle-perle-germanija-50-g	6.0-10.0 %	2.5-5.0 %	28.0-32.0 %	0.8-1.3
505	hop	перле / perle	ign	германия	хмель в гранулах универсальный	beer.rf	100.0	г	199.0	rub	горько-ароматический хмель с высоким содержанием альфа кислоты и высоким содержанием ароматических составляющих, придающих пиву чистый, тонкий и благородный хмелевой аромат. урожай 2025 г | альфа-кислота 6,2 % горько-ароматический хмель с высоким содержанием альфа кислоты и высоким содержанием ароматических составляющих, придающих пиву чистый, тонкий и благородный хмелевой аромат. урожай 2025 г | альфа-кислота 6,2 %	хмель перле (perle) - это уникальный сорт хмеля, выведенный в халле нии хмеля в германии в 1978 году. он стал одним из самых популярных сортов, выращиваемых в этой стране, и широко используется в коммерческом пивоварении по всему региону. однако, несмотря на свою популярность в германии, хмель перле также выращивается в соединенных штатах. основное преимущество этого сорта хмеля заключается в его универсальности и устойчивости к различным болезням, мучнистой росе и увяданию. это делает его привлекательным для пивоваров, которые ищут надежный и качественный ингредиент для своего пива. хмель перле обладает альфа-кислотами в диапазоне от 5,9% до 9,5%, что является достаточно высоким показателем для этого региона. вкус и аромат хмеля перле можно описать как пряный и умеренный, что придает пиву особый характер. многие пивовары сравнивают его с другим популярным сортом хмеля - халлертаур миттельфрю. однако, стоит отметить, что содержание когумулона в хмеле перле относительно низкое, что является типичным для большинства сортов хмеля из этого региона.	https://бир.рф/shop/140/desc/khmel-perle-perle-germanija-100-g	6.0-10.0 %	2.5-5.0 %	28.0-32.0 %	0.8-1.3
507	hop	нортен бревер / northern brewer	spalter hopfen	германия	хмель в гранулах универсальный	beer.rf	500.0	г	1183.0	rub	сорт изначально был выведен в англии, обладает высоким уровнем содержания альфа-кислот. теперь выращивается в германии и является одним из самых популярных сортов среди немецких пивоваров. урожай 2024| альфа 10 % сорт изначально был выведен в англии, обладает высоким уровнем содержания альфа-кислот. теперь выращивается в германии и является одним из самых популярных сортов среди немецких пивоваров. урожай 2024| альфа 10 %	хмель нортен бревер (northern brewer) - это сорт хмеля, который впервые был выведен в англии, но в настоящее время он в основном произрастает в германии. однако в сша также существует американская разновидность этого хмеля, которая обладает схожими характеристиками. иногда этот хмель, выращенный в германии, называют халлертау нортен бревер, так как он произрастает в регионе халлертау, что сделало его известным и широко используемым в различных стилях пива, включая европейские эли, лагеры и пилзнеры. он также часто используется в калифорнийском паровом пиве. хмель нортен бревер применяется для придания горечи и аромата во время кипячения пива. он содержит около 7,0% - 10,0% альфа-кислот, что придает пиву умеренную горечь и насыщенный аромат. будучи одним из основных сортов хмеля в германии с высоким содержанием альфа-кислот, нортен бревер является универсальным и в то же время изысканным выбором для пивоваров. он обладает средней урожайностью, а его шишки собирают в начале и середине сезона. хмель нортен бревер (northern brewer) - это сорт хмеля, который впервые был выведен в англии, но в настоящее время он в основном произрастает в германии. однако в сша также существует американская разновидность этого хмеля, которая обладает схожими характеристиками. иногда этот хмель, выращенный в германии, называют халлертау нортен бревер, так как он произрастает в регионе халлертау, что сделало его известным и широко используемым в различных стилях пива, включая европейские эли, лагеры и пилзнеры. он также часто используется в калифорнийском паровом пиве. хмель нортен бревер применяется для придания горечи и аромата во время кипячения пива. он содержит около 7,0% - 10,0% альфа-кислот, что придает пиву умеренную горечь и насыщенный аромат. будучи одним из основных сортов хмеля в германии с высоким содержанием альфа-кислот, нортен бревер является универсальным и в то же время изысканным выбором для пивоваров. он обладает средней урожайностью, а его шишки собирают в начале и середине сезона. так же широко применяется в различных стилях пива благодаря своим уникальным свойствам. его горечь и аромат делают его идеальным компонентом для элей, лагеров и пилзнеров, придавая им богатый и насыщенный вкус. он также является основоположником характера в паровом пиве (steem beer), делая его более интересным и привлекательным для пиволюбов.	https://бир.рф/shop/153/desc/khmel-norten-brever-northern-brewer-germanija-500-g	7.0-10.0 %	3.5-5.0 %	27.0-33.0 %	1.6-2.1
509	hop	нортен бревер / northern brewer	spalter hopfen	германия	хмель в гранулах универсальный	beer.rf	50.0	г	159.0	rub	сорт изначально был выведен в англии, обладает высоким уровнем содержания альфа-кислот. теперь выращивается в германии и является одним из самых популярных сортов среди немецких пивоваров. урожай 2025 | альфа 7,7 % сорт изначально был выведен в англии, обладает высоким уровнем содержания альфа-кислот. теперь выращивается в германии и является одним из самых популярных сортов среди немецких пивоваров. урожай 2025 | альфа 7,7 %	хмель нортен бревер (northern brewer) - это сорт хмеля, который впервые был выведен в англии, но в настоящее время он в основном произрастает в германии. однако в сша также существует американская разновидность этого хмеля, которая обладает схожими характеристиками. иногда этот хмель, выращенный в германии, называют халлертау нортен бревер, так как он произрастает в регионе халлертау, что сделало его известным и широко используемым в различных стилях пива, включая европейские эли, лагеры и пилзнеры. он также часто используется в калифорнийском паровом пиве. хмель нортен бревер применяется для придания горечи и аромата во время кипячения пива. он содержит около 7,0% - 10,0% альфа-кислот, что придает пиву умеренную горечь и насыщенный аромат. будучи одним из основных сортов хмеля в германии с высоким содержанием альфа-кислот, нортен бревер является универсальным и в то же время изысканным выбором для пивоваров. он обладает средней урожайностью, а его шишки собирают в начале и середине сезона. хмель нортен бревер (northern brewer) - это сорт хмеля, который впервые был выведен в англии, но в настоящее время он в основном произрастает в германии. однако в сша также существует американская разновидность этого хмеля, которая обладает схожими характеристиками. иногда этот хмель, выращенный в германии, называют халлертау нортен бревер, так как он произрастает в регионе халлертау, что сделало его известным и широко используемым в различных стилях пива, включая европейские эли, лагеры и пилзнеры. он также часто используется в калифорнийском паровом пиве. хмель нортен бревер применяется для придания горечи и аромата во время кипячения пива. он содержит около 7,0% - 10,0% альфа-кислот, что придает пиву умеренную горечь и насыщенный аромат. будучи одним из основных сортов хмеля в германии с высоким содержанием альфа-кислот, нортен бревер является универсальным и в то же время изысканным выбором для пивоваров. он обладает средней урожайностью, а его шишки собирают в начале и середине сезона. так же широко применяется в различных стилях пива благодаря своим уникальным свойствам. его горечь и аромат делают его идеальным компонентом для элей, лагеров и пилзнеров, придавая им богатый и насыщенный вкус. он также является основоположником характера в паровом пиве (steem beer), делая его более интересным и привлекательным для пиволюбов.	https://бир.рф/shop/151/desc/khmel-norten-brever-northern-brewer-germanija-50-g	7.0-10.0 %	3.5-5.0 %	27.0-33.0 %	1.6-2.1
510	hop	нортен бревер / northern brewer	spalter hopfen	германия	хмель в гранулах универсальный	beer.rf	100.0	г	275.0	rub	сорт изначально был выведен в англии, обладает высоким уровнем содержания альфа-кислот. теперь выращивается в германии и является одним из самых популярных сортов среди немецких пивоваров. урожай 2024| альфа 10 % сорт изначально был выведен в англии, обладает высоким уровнем содержания альфа-кислот. теперь выращивается в германии и является одним из самых популярных сортов среди немецких пивоваров. урожай 2024| альфа 10 %	хмель нортен бревер (northern brewer) - это сорт хмеля, который впервые был выведен в англии, но в настоящее время он в основном произрастает в германии. однако в сша также существует американская разновидность этого хмеля, которая обладает схожими характеристиками. иногда этот хмель, выращенный в германии, называют халлертау нортен бревер, так как он произрастает в регионе халлертау, что сделало его известным и широко используемым в различных стилях пива, включая европейские эли, лагеры и пилзнеры. он также часто используется в калифорнийском паровом пиве. хмель нортен бревер применяется для придания горечи и аромата во время кипячения пива. он содержит около 7,0% - 10,0% альфа-кислот, что придает пиву умеренную горечь и насыщенный аромат. будучи одним из основных сортов хмеля в германии с высоким содержанием альфа-кислот, нортен бревер является универсальным и в то же время изысканным выбором для пивоваров. он обладает средней урожайностью, а его шишки собирают в начале и середине сезона. хмель нортен бревер (northern brewer) - это сорт хмеля, который впервые был выведен в англии, но в настоящее время он в основном произрастает в германии. однако в сша также существует американская разновидность этого хмеля, которая обладает схожими характеристиками. иногда этот хмель, выращенный в германии, называют халлертау нортен бревер, так как он произрастает в регионе халлертау, что сделало его известным и широко используемым в различных стилях пива, включая европейские эли, лагеры и пилзнеры. он также часто используется в калифорнийском паровом пиве. хмель нортен бревер применяется для придания горечи и аромата во время кипячения пива. он содержит около 7,0% - 10,0% альфа-кислот, что придает пиву умеренную горечь и насыщенный аромат. будучи одним из основных сортов хмеля в германии с высоким содержанием альфа-кислот, нортен бревер является универсальным и в то же время изысканным выбором для пивоваров. он обладает средней урожайностью, а его шишки собирают в начале и середине сезона. так же широко применяется в различных стилях пива благодаря своим уникальным свойствам. его горечь и аромат делают его идеальным компонентом для элей, лагеров и пилзнеров, придавая им богатый и насыщенный вкус. он также является основоположником характера в паровом пиве (steem beer), делая его более интересным и привлекательным для пиволюбов.	https://бир.рф/shop/152/desc/khmel-norten-brever-northern-brewer-germanija-100-g	7.0-10.0 %	3.5-5.0 %	27.0-33.0 %	1.6-2.1
512	hop	нельсон совиньон / nelson sauvin	nz hops	новая зеландия	хмель в гранулах универсальный	beer.rf	500.0	г	2587.0	rub	поистине уникальный сорт хмеля двойного назначения, который можно использовать для производства сочных и ярких элей, а также лагеров с легким ароматом. отображает черты крыжовника и винограда совиньон блан. урожай 2025 | альфа 11,9 % поистине уникальный сорт хмеля двойного назначения, который можно использовать для производства сочных и ярких элей, а также лагеров с легким ароматом. отображает черты крыжовника и винограда совиньон блан. урожай 2025 | альфа 11,9 %	нельсон совиньон (nelson sauvin) - это удивительный сорт хмеля, который был разработан в новой зеландии и представлен на рынке в 2000 году. этот триплоидный сорт был создан путем скрещивания хмеля смутчкон (smoothcone) и новозеландского мужского образца в рамках программы разведения hortresearch. одной из самых примечательных особенностей нельсон совиньона является его уникальный фруктовый аромат, который напоминает свежий измельченный крыжовник. этот аромат также ассоциируется с виноградным сортом совиньон блан, что и послужило основанием для его названия. нельсон совиньон обладает способностью придавать отличительный фруктовый аромат белого вина, что делает его идеальным ингредиентом для создания пива с винными нотками. этот сорт хмеля обладает сложным составом эфирных масел, что отмечается селекционерами в документах этого уникального нового сорта мирового масштаба. использование нельсон совиньона требует определенного опыта и знаний в варочном цехе. однако, если правильно применить этот хмель, можно получить сильно ароматные эли и тонкие, но горькие лагеры. некоторые могут быть немного обескуражены фруктовостью этого хмеля, но для тех, кто любит смелые эксперименты, нельсон совиньон открывает множество возможностей в пивоварении. его уникальный аромат и вкус могут добавить новые нюансы и глубину пиву, делая его поистине неповторимым.	https://бир.рф/shop/1185/desc/khmel-nelson-sovinon-nelson-sauvin-novaja-zelandija-500-g	12.0-13.0 %	6.0-8.0 %	24.0 %	1.1
514	hop	нельсон совиньон / nelson sauvin	nz hops	новая зеландия	хмель в гранулах универсальный	beer.rf	50.0	г	349.0	rub	поистине уникальный сорт хмеля двойного назначения, который можно использовать для производства сочных и ярких элей, а также лагеров с легким ароматом. отображает черты крыжовника и винограда совиньон блан. урожай 2025 | альфа 11,9 % поистине уникальный сорт хмеля двойного назначения, который можно использовать для производства сочных и ярких элей, а также лагеров с легким ароматом. отображает черты крыжовника и винограда совиньон блан. урожай 2025 | альфа 11,9 %	нельсон совиньон (nelson sauvin) - это удивительный сорт хмеля, который был разработан в новой зеландии и представлен на рынке в 2000 году. этот триплоидный сорт был создан путем скрещивания хмеля смутчкон (smoothcone) и новозеландского мужского образца в рамках программы разведения hortresearch. одной из самых примечательных особенностей нельсон совиньона является его уникальный фруктовый аромат, который напоминает свежий измельченный крыжовник. этот аромат также ассоциируется с виноградным сортом совиньон блан, что и послужило основанием для его названия. нельсон совиньон обладает способностью придавать отличительный фруктовый аромат белого вина, что делает его идеальным ингредиентом для создания пива с винными нотками. этот сорт хмеля обладает сложным составом эфирных масел, что отмечается селекционерами в документах этого уникального нового сорта мирового масштаба. использование нельсон совиньона требует определенного опыта и знаний в варочном цехе. однако, если правильно применить этот хмель, можно получить сильно ароматные эли и тонкие, но горькие лагеры. некоторые могут быть немного обескуражены фруктовостью этого хмеля, но для тех, кто любит смелые эксперименты, нельсон совиньон открывает множество возможностей в пивоварении. его уникальный аромат и вкус могут добавить новые нюансы и глубину пиву, делая его поистине неповторимым.	https://бир.рф/shop/248/desc/khmel-nelson-sovinon-nelson-sauvin-novaja-zelandija-50-g	12.0-13.0 %	6.0-8.0 %	24.0 %	1.1
516	hop	нельсон совиньон / nelson sauvin	nz hops	новая зеландия	хмель в гранулах универсальный	beer.rf	100.0	г	601.0	rub	поистине уникальный сорт хмеля двойного назначения, который можно использовать для производства сочных и ярких элей, а также лагеров с легким ароматом. отображает черты крыжовника и винограда совиньон блан. урожай 2025 | альфа 11,9 % поистине уникальный сорт хмеля двойного назначения, который можно использовать для производства сочных и ярких элей, а также лагеров с легким ароматом. отображает черты крыжовника и винограда совиньон блан. урожай 2025 | альфа 11,9 %	нельсон совиньон (nelson sauvin) - это удивительный сорт хмеля, который был разработан в новой зеландии и представлен на рынке в 2000 году. этот триплоидный сорт был создан путем скрещивания хмеля смутчкон (smoothcone) и новозеландского мужского образца в рамках программы разведения hortresearch. одной из самых примечательных особенностей нельсон совиньона является его уникальный фруктовый аромат, который напоминает свежий измельченный крыжовник. этот аромат также ассоциируется с виноградным сортом совиньон блан, что и послужило основанием для его названия. нельсон совиньон обладает способностью придавать отличительный фруктовый аромат белому вину, что делает его идеальным ингредиентом для создания пива с винными нотками. этот сорт хмеля обладает сложным составом эфирных масел, что отмечается селекционерами в документах этого уникального нового сорта мирового масштаба. использование нельсон совиньона требует определенного опыта и знаний в варочном цехе. однако, если правильно применить этот хмель, можно получить сильно ароматные эли и тонкие, но горькие лагеры. некоторые могут быть немного обескуражены фруктовостью этого хмеля, но для тех, кто любит смелые эксперименты, нельсон совиньон открывает множество возможностей в пивоварении. его уникальный аромат и вкус могут добавить новые нюансы и глубину пиву, делая его поистине неповторимым.	https://бир.рф/shop/247/desc/khmel-nelson-sovinon-nelson-sauvin-novaja-zelandija-100-g	12.0-13.0 %	6.0-8.0 %	24.0 %	1.1
518	hop	мозаика / mosaic	barth haas group	сша	хмель в гранулах универсальный	beer.rf	500.0	г	2055.0	rub	универсальный хмель с высоким содержанием альфа-кислоты, имеет тропический, черничный, мандариновый, цветочный и землистый ароматы. урожай 2025 | альфа кислота 13,1 % универсальный хмель с высоким содержанием альфа-кислоты, имеет тропический, черничный, мандариновый, цветочный и землистый ароматы. урожай 2025 | альфа кислота 13,1 %	мозаика (mosaic) - это один из самых уникальных сортов хмеля, который был создан в результате перекрещивания двух замечательных сортов: симко (simcoe) ycr 14 cv. и наггет (nugget). этот сорт был впервые представлен публике в 2012 году благодаря усилиям компании hop breeding company, которая является совместным предприятием двух крупных компаний john i haas и select botanicals group, llc. одной из самых примечательных особенностей мозаики является ее высокое содержание альфа-кислоты, что делает этот сорт идеальным для использования в производстве пива. альфа-кислота является одним из ключевых компонентов хмеля, отвечающим за горечь в пиве. благодаря высокому содержанию альфа-кислоты, мозаика придает пиву насыщенную и приятную горечь, которую ценят многие пивовары и пивные ценители. мозаика не только обладает высоким содержанием альфа-кислоты, она также обладает уникальным ароматом. ее аромат можно описать как тропический, с нотами черники и цветов. это делает мозаику идеальным выбором для пивоваров, которые хотят придать своему пиву экзотический и свежий аромат.	https://бир.рф/shop/165/desc/khmel-mozaika-mosaic-ssha-500-g	10.0-12.0 %	3.0-3.6 %	21.0-24.0 %	0.6-1.5
520	hop	мозаика / mosaic	barth haas group	сша	хмель в гранулах универсальный	beer.rf	50.0	г	283.0	rub	универсальный хмель с высоким содержанием альфа-кислоты, имеет тропический, черничный, мандариновый, цветочный и землистый ароматы. урожай 2025 | альфа кислота 13,1 % универсальный хмель с высоким содержанием альфа-кислоты, имеет тропический, черничный, мандариновый, цветочный и землистый ароматы. урожай 2025 | альфа кислота 13,1 %	мозаика (mosaic) - это один из самых уникальных сортов хмеля, который был создан в результате перекрещивания двух замечательных сортов: симко (simcoe) ycr 14 cv. и наггет (nugget). этот сорт был впервые представлен публике в 2012 году благодаря усилиям компании hop breeding company, которая является совместным предприятием двух крупных компаний john i haas и select botanicals group, llc. одно из самых примечательных особенностей мозаики является высокое содержание альфа-кислоты, что делает этот сорт идеальным для использования в производстве пива. альфа-кислота является одним из ключевых компонентов хмеля, отвечающим за горечь в пиве. благодаря высокому содержанию альфа-кислоты, мозаика придает пиву насыщенную и приятную горечь, которую ценят многие пивовары и пивные ценители. мозаика не только обладает высоким содержанием альфа-кислоты, он также обладает уникальным ароматом. его аромат можно описать как тропический, с нотами черники и цветов. это делает мозаика идеальным выбором для пивоваров, которые хотят придать своему пиву экзотический и свежий аромат.	https://бир.рф/shop/163/desc/khmel-mozaika-mosaic-ssha-50-g	10.0-12.0 %	3.0-3.6 %	21.0-24.0 %	0.6-1.5
522	hop	мозаика / mosaic	barth haas group	сша	хмель в гранулах универсальный	beer.rf	100.0	г	476.0	rub	универсальный хмель с высоким содержанием альфа-кислоты, имеет тропический, черничный, мандариновый, цветочный и землистый ароматы. урожай 2025 | альфа кислота 13,1 % универсальный хмель с высоким содержанием альфа-кислоты, имеет тропический, черничный, мандариновый, цветочный и землистый ароматы. урожай 2025 | альфа кислота 13,1 %	мозаика (mosaic) - это один из самых уникальных сортов хмеля, который был создан в результате перекрещивания двух замечательных сортов: симко (simcoe) ycr 14 cv. и наггет (nugget). этот сорт был впервые представлен публике в 2012 году благодаря усилиям компании hop breeding company, которая является совместным предприятием двух крупных компаний john i haas и select botanicals group, llc. одной из самых примечательных особенностей мозаики является ее высокое содержание альфа-кислоты, что делает этот сорт идеальным для использования в производстве пива. альфа-кислота является одним из ключевых компонентов хмеля, отвечающим за горечь в пиве. благодаря высокому содержанию альфа-кислоты, мозаика придает пиву насыщенную и приятную горечь, которую ценят многие пивовары и пивные ценители. мозаика не только обладает высоким содержанием альфа-кислоты, она также обладает уникальным ароматом. ее аромат можно описать как тропический, с нотами черники и цветов. это делает мозаику идеальным выбором для пивоваров, которые хотят придать своему пиву экзотический и свежий аромат.	https://бир.рф/shop/164/desc/khmel-mozaika-mosaic-ssha-100-g	10.0-12.0 %	3.0-3.6 %	21.0-24.0 %	0.6-1.5
524	hop	мандарина бавария / mandarina bavaria	грейнруc	россия	хмель в гранулах универсальный	beer.rf	500.0	г	849.0	rub	универсальный сорт хмеля подходящий как для придания мягкой горечи, так и приятного аромата с нотами мандарина, грейпфрута, лайма и бабл гам. урожай: 2025 г | альфа: 3,6 % универсальный сорт хмеля подходящий как для придания мягкой горечи, так и приятного аромата с нотами мандарина, грейпфрута, лайма и бабл гам. урожай: 2025 г | альфа: 3,6 %	мандарина бавария / mandarina bavaria - это немецкий сорт хмеля, культивируемый на юге россии в краснодарском крае. он используется как для создания горькости, так и для придания аромата в пивоварении, обладая ярким и запоминающимся букетом. краснодарский регион представляет собой самый южный и современный центр хмелеводства в стране, где этот сорт обрёл вторую родину. краснодар немного южнее по широте знаменитой баварии, его географическое положение позволяет сформировать уникальный микроклимат для роста растения. обилие солнечного света и тепла благоприятно влияет на формирование его вкусовых и ароматических качеств. хмель мандарина бавария привносит в пиво приятный фруктовый оттенок с едва уловимой нотой жевательной резинки (бабл гам), а также выраженный цитрусовый характер. в аромате ведущую роль играет сладковатый тон мандарина, который дополняют оттенки грейпфрута и лайма. сорт отличается высокой универсальностью и отлично сочетается с различными пивными стилями, от элей до лагеров. мандарину баварию можно применять на всех стадиях варки, и она проявляет свои лучшие качества особенно при сухом охмелении.	https://бир.рф/shop/3420/desc/khmel-mandarina-bavarija-mandarina-bavaria-rossija-500-g	3.6-5.4 %			
525	hop	мандарина бавария / mandarina bavaria	грейнруc	россия	хмель в гранулах универсальный	beer.rf	50.0	г	119.0	rub	универсальный сорт хмеля подходящий как для придания мягкой горечи, так и приятного аромата с нотами мандарина, грейпфрута, лайма и бабл гам. урожай: 2025 г | альфа: 3,6 % универсальный сорт хмеля подходящий как для придания мягкой горечи, так и приятного аромата с нотами мандарина, грейпфрута, лайма и бабл гам. урожай: 2025 г | альфа: 3,6 %	мандарина бавария / mandarina bavaria - это немецкий сорт хмеля, культивируемый на юге россии в краснодарском крае. он используется как для создания горькости, так и для придания аромата в пивоварении, обладая ярким и запоминающимся букетом. краснодарский регион представляет собой самый южный и современный центр хмелеводства в стране, где этот сорт обрёл вторую родину. краснодар немного южнее по широте знаменитой баварии, его географическое положение позволяет сформировать уникальный микроклимат для роста растения. обилие солнечного света и тепла благоприятно влияет на формирование его вкусовых и ароматических качеств. хмель мандарина бавария привносит в пиво приятный фруктовый оттенок с едва уловимой нотой жевательной резинки (бабл гам), а также выраженный цитрусовый характер. в аромате ведущую роль играет сладковатый тон мандарина, который дополняют оттенки грейпфрута и лайма. сорт отличается высокой универсальностью и отлично сочетается с различными пивными стилями, от элей до лагеров. мандарину баварию можно применять на всех стадиях варки, и она проявляет свои лучшие качества особенно при сухом охмелении.	https://бир.рф/shop/3418/desc/khmel-mandarina-bavarija-mandarina-bavaria-rossija-50-g	3.6-5.4 %			
526	hop	сапфир / saphir	грейнруc	россия	хмель в гранулах ароматный	beer.rf	100.0	г	199.0	rub	ароматный сорт хмеля для придания пряно-цитрусового букета с цветочными нотами. урожай: 2025 г | альфа: 2,6 % ароматный сорт хмеля для придания пряно-цитрусового букета с цветочными нотами. урожай: 2025 г | альфа: 2,6 %	хмель сапфир от грейнрус является ароматным сортом и характеризуется минимальным показателем альфа-кислот. это определяет его основное применение в качестве ароматической добавки. сорт также подходит для придания лёгкой горькости в не горьких стилях пива, например, в пшеничном вайцене или мюнхенском хеллесе, где не требуются высокие значения ibu. краснодарский регион представляет собой самый южный и современный центр хмелеводства в стране, где этот сорт хмеля обрёл вторую родину. краснодар немного южнее по широте знаменитой баварии - родоначальницы сорта, но его географическое положение также позволяет формировать уникальный микроклимат для роста растения. обилие солнечного света и тепла благоприятно влияет на формирование его вкусовых и ароматических качеств. сапфир относится к категории благородных ароматных хмелей. он обладает пониженным уровнем когумулона (в пределах 12-17% от альфа-кислот) и обеспечивает мягкую горчинку. его профиль представляет собой сбалансированное сочетание пряных, цветочных и фруктовых нот. данный хмель преимущественно вносят на поздних стадиях варки, в том числе применяя метод сухого охмеления.	https://бир.рф/shop/3416/desc/khmel-sapfir-saphir-rossija-100-g	2.2-2.6 %		12.0-17.0 %	
527	hop	сапфир / saphir	ign	германия	хмель в гранулах ароматный	beer.rf	500.0	г	1485.0	rub	тонко-ароматный сорт хмеля с отчетливой, средней интенсивности, гармоничной горечью. в запахе чувствуются ароматы цветов и фруктов, во вкусе проявляется горчинка с сильным хмелевым ароматом. урожай 2025| альфа 3,6 % тонко-ароматный сорт хмеля с отчетливой, средней интенсивности, гармоничной горечью. в запахе чувствуются ароматы цветов и фруктов, во вкусе проявляется горчинка с сильным хмелевым ароматом. урожай 2025| альфа 3,6 %	хмель сапфир (saphir) также известный как халлертау сапфир, является одним из наиболее интересных сортов хмеля, выведенных в научно-исследовательском институте хмеля в халле, германия. он отличается очень низким содержанием альфа-кислоты и когомулона, всего 2 - 5% и 12 -17% соответственно, что делает его одним из самых мягких и не горьких хмелей в мире. хмель сапфир (saphir) также известный как халлертау сапфир, является одним из наиболее интересных сортов хмеля, выведенных в научно-исследовательском институте хмеля в халле, германия. он отличается очень низким содержанием альфа-кислоты и когомулона, всего 2 - 5% и 12 -17% соответственно, что делает его одним из самых мягких и не горьких хмелей в мире. однако, несмотря на низкое содержание альфа-кислоты, халлертау сапфир обладает почти в два раза большим содержанием бета-кислоты. состав масел в сапфире сбалансирован, за исключением небольшого количества фарнезена. все это делает его идеальным выбором для добавления ароматических свойств в пиво. сапфир сравнивают с другим немецким сортом хмеля - халлертау миттельфрю, который широко используется в немецких стилях пива, особенно лагерах. однако, в отличие от миттельфрю, сапфир имеет очень низкую горечь, что делает его предпочтительным для сухого охмеления во время брожения, чтобы подчеркнуть сладкий цитрусовый букет в пиве. еще одним из преимуществ сапфира является его устойчивость к различным заболеваниям, включая ложномучнистую и мучнистую росу.	https://бир.рф/shop/148/desc/khmel-sapfir-saphir-germanija-500-g	2.0-5.0 %	4.0-7.0 %	12.0-17.0 %	0.8-1.4
528	hop	сапфир / saphir	ign	германия	хмель в гранулах ароматный	beer.rf	50.0	г	205.0	rub	тонко-ароматный сорт хмеля с отчетливой, средней интенсивности, гармоничной горечью. в запахе чувствуются ароматы цветов и фруктов, во вкусе проявляется горчинка с сильным хмелевым ароматом. урожай 2025| альфа 3,6 % тонко-ароматный сорт хмеля с отчетливой, средней интенсивности, гармоничной горечью. в запахе чувствуются ароматы цветов и фруктов, во вкусе проявляется горчинка с сильным хмелевым ароматом. урожай 2025| альфа 3,6 %	хмель сапфир (saphir) также известный как халлертау сапфир, является одним из наиболее интересных сортов хмеля, выведенных в научно-исследовательском институте хмеля в халле, германия. он отличается очень низким содержанием альфа-кислоты и когомулона, всего 2 - 5% и 12 -17% соответственно, что делает его одним из самых мягких и не горьких хмелей в мире. хмель сапфир (saphir) также известный как халлертау сапфир, является одним из наиболее интересных сортов хмеля, выведенных в научно-исследовательском институте хмеля в халле, германия. он отличается очень низким содержанием альфа-кислоты и когомулона, всего 2 - 5% и 12 -17% соответственно, что делает его одним из самых мягких и не горьких хмелей в мире. однако, несмотря на низкое содержание альфа-кислоты, халлертау сапфир обладает почти в два раза большим содержанием бета-кислоты. состав масел в сапфире сбалансирован, за исключением небольшого количества фарнезена. все это делает его идеальным выбором для добавления ароматических свойств в пиво. сапфир сравнивают с другим немецким сортом хмеля - халлертау миттельфрю, который широко используется в немецких стилях пива, особенно лагерах. однако, в отличие от миттельфрю, сапфир имеет очень низкую горечь, что делает его предпочтительным для сухого охмеления во время брожения, чтобы подчеркнуть сладкий цитрусовый букет в пиве. еще одним из преимуществ сапфира является его устойчивость к различным заболеваниям, включая ложномучнистую и мучнистую росу.	https://бир.рф/shop/150/desc/khmel-sapfir-saphir-germanija-50-g	2.0-5.0 %	4.0-7.0 %	12.0-17.0 %	0.8-1.4
529	hop	сапфир / saphir	ign	германия	хмель в гранулах ароматный	beer.rf	100.0	г	347.0	rub	тонко-ароматный сорт хмеля с отчетливой, средней интенсивности, гармоничной горечью. в запахе чувствуются ароматы цветов и фруктов, во вкусе проявляется горчинка с сильным хмелевым ароматом. урожай 2025| альфа 3,6 % тонко-ароматный сорт хмеля с отчетливой, средней интенсивности, гармоничной горечью. в запахе чувствуются ароматы цветов и фруктов, во вкусе проявляется горчинка с сильным хмелевым ароматом. урожай 2025| альфа 3,6 %	хмель сапфир (saphir) также известный как халлертау сапфир, является одним из наиболее интересных сортов хмеля, выведенных в научно-исследовательском институте хмеля в халле, германия. он отличается очень низким содержанием альфа-кислоты и когомулона, всего 2 - 5% и 12 -17% соответственно, что делает его одним из самых мягких и не горьких хмелей в мире. хмель сапфир (saphir) также известный как халлертау сапфир, является одним из наиболее интересных сортов хмеля, выведенных в научно-исследовательском институте хмеля в халле, германия. он отличается очень низким содержанием альфа-кислоты и когомулона, всего 2 - 5% и 12 -17% соответственно, что делает его одним из самых мягких и не горьких хмелей в мире. однако, несмотря на низкое содержание альфа-кислоты, халлертау сапфир обладает почти в два раза большим содержанием бета-кислоты. состав масел в сапфире сбалансирован, за исключением небольшого количества фарнезена. все это делает его идеальным выбором для добавления ароматических свойств в пиво. сапфир сравнивают с другим немецким сортом хмеля - халлертау миттельфрю, который широко используется в немецких стилях пива, особенно лагерах. однако, в отличие от миттельфрю, сапфир имеет очень низкую горечь, что делает его предпочтительным для сухого охмеления во время брожения, чтобы подчеркнуть сладкий цитрусовый букет в пиве. еще одним из преимуществ сапфира является его устойчивость к различным заболеваниям, включая ложномучнистую и мучнистую росу.	https://бир.рф/shop/149/desc/khmel-sapfir-saphir-germanija-100-g	2.0-5.0 %	4.0-7.0 %	12.0-17.0 %	0.8-1.4
530	hop	сабро / sabro	john i. haas	сша	хмель в гранулах универсальный	beer.rf	500.0	г	2257.0	rub	очень выразительный хмель, который подойдет для предания горечи и аромата с нотками мандарина, кокоса, тропических и косточковых фруктов. урожай 2024. альфа кислота 17,3 %. очень выразительный хмель, который подойдет для предания горечи и аромата с нотками мандарина, кокоса, тропических и косточковых фруктов. урожай 2024. альфа кислота 17,3 %.	хмель сабро (sabro) - это настоящая находка для всех пивоваров, и вот почему. этот уникальный хмель был создан в результате перекрестного опыления самки хмеля neomexicanus и появился на рынке в 2018 году. с самого начала он завоевал сердца многих пивоваров своей универсальностью и потрясающим вкусом. одной из главных особенностей сабро является его способность придавать пиву заметную, но мягкую горечь. это связано с его высоким уровнем альфа кислоты и низким содержанием когумулона. в результате получается идеальный баланс, который позволяет пиву иметь яркую горечь без ощущения перебора. но вкус сабро не ограничивается только горечью. он обладает сложным и отчетливым фруктовым и цитрусовым ароматом, который невозможно не заметить. мандарин, кокос, тропические и косточковые фрукты - все эти ноты присутствуют в аромате сабро. он также дополнен оттенками кедра и мяты, которые придают ему особую глубину и сложность. одна из величайших достоинств сабро - его способность передавать свой вкус пиву. благодаря этому хмелю пиво приобретает новое измерение и становится незабываемым. будь то ipa, пэйл эль или любой другой стиль пива, сабро добавит ему неповторимый характер и привлекательность.	https://бир.рф/shop/1093/desc/khmel-sabro-sabro-ssha-500-g	12.0-17.0 %	4.0-7.0 %	20.0-24.0 %	1.8-3.5
531	hop	сабро / sabro	john i. haas	сша	хмель в гранулах универсальный	beer.rf	50.0	г	299.0	rub	очень выразительный хмель, который подойдет для предания горечи и аромата с нотками мандарина, кокоса, тропических и косточковых фруктов. урожай 2025. альфа кислота 15,7 %. очень выразительный хмель, который подойдет для предания горечи и аромата с нотками мандарина, кокоса, тропических и косточковых фруктов. урожай 2025. альфа кислота 15,7 %.	хмель сабро (sabro) - это настоящая находка для всех пивоваров, и вот почему. этот уникальный хмель был создан в результате перекрестного опыления самки хмеля neomexicanus и появился на рынке в 2018 году. с самого начала он завоевал сердца многих пивоваров своей универсальностью и потрясающим вкусом. одной из главных особенностей сабро является его способность придавать пиву заметную, но мягкую горечь. это связано с его высоким уровнем альфа кислоты и низким содержанием когумулона. в результате получается идеальный баланс, который позволяет пиву иметь яркую горечь без ощущения перебора. но вкус сабро не ограничивается только горечью. он обладает сложным и отчетливым фруктовым и цитрусовым ароматом, который невозможно не заметить. мандарин, кокос, тропические и косточковые фрукты - все эти ноты присутствуют в аромате сабро. он также дополнен оттенками кедра и мяты, которые придают ему особую глубину и сложность. одна из величайших достоинств сабро - его способность передавать свой вкус пиву. благодаря этому хмелю пиво приобретает новое измерение и становится незабываемым. будь то ipa, пэйл эль или любой другой стиль пива, сабро добавит ему неповторимый характер и привлекательность.	https://бир.рф/shop/203/desc/khmel-sabro-sabro-ssha-50-g	12.0-17.0 %	4.0-7.0 %	20.0-24.0 %	1.8-3.5
532	hop	сабро / sabro	john i. haas	сша	хмель в гранулах универсальный	beer.rf	100.0	г	522.0	rub	очень выразительный хмель, который подойдет для предания горечи и аромата с нотками мандарина, кокоса, тропических и косточковых фруктов. урожай 2025. альфа кислота 15,7 %. очень выразительный хмель, который подойдет для предания горечи и аромата с нотками мандарина, кокоса, тропических и косточковых фруктов. урожай 2025. альфа кислота 15,7 %.	хмель сабро (sabro) - это настоящая находка для всех пивоваров, и вот почему. этот уникальный хмель был создан в результате перекрестного опыления самки хмеля neomexicanus и появился на рынке в 2018 году. с самого начала он завоевал сердца многих пивоваров своей универсальностью и потрясающим вкусом. одной из главных особенностей сабро является его способность придавать пиву заметную, но мягкую горечь. это связано с его высоким уровнем альфа кислоты и низким содержанием когумулона. в результате получается идеальный баланс, который позволяет пиву иметь яркую горечь без ощущения перебора. но вкус сабро не ограничивается только горечью. он обладает сложным и отчетливым фруктовым и цитрусовым ароматом, который невозможно не заметить. мандарин, кокос, тропические и косточковые фрукты - все эти ноты присутствуют в аромате сабро. он также дополнен оттенками кедра и мяты, которые придают ему особую глубину и сложность. одна из величайших достоинств сабро - его способность передавать свой вкус пиву. благодаря этому хмелю пиво приобретает новое измерение и становится незабываемым. будь то ipa, пэйл эль или любой другой стиль пива, сабро добавит ему неповторимый характер и привлекательность.	https://бир.рф/shop/202/desc/khmel-sabro-sabro-ssha-100-g	12.0-17.0 %	4.0-7.0 %	20.0-24.0 %	1.8-3.5
533	hop	ранний московский	чувашхмельпром оао	россия	хмель в гранулах ароматный	beer.rf	500.0	г	1046.0	rub	этот хмель обладает приятным пряным ароматом, напоминающий чешский хмель жатецкий, а низкое содержание альфа-кислот, делает его поистине ароматным сортом хмеля. урожай 2025 г | альфа-кислота 4,1 % этот хмель обладает приятным пряным ароматом, напоминающий чешский хмель жатецкий, а низкое содержание альфа-кислот, делает его поистине ароматным сортом хмеля. урожай 2025 г | альфа-кислота 4,1 %	"ранний московский - это чувашский сорт хмеля, который является аналогом популярного чешского хмеля «жатецкий». хмель ранний московский является благородным, так как обладает нежным ароматом и низким содержанием когумулона, что приводит к более мягкой горчинке в пиве. содержание ароматических составляющих, таких как кариофиллен и фернезен, придающие пиву нежно-пряный аромат, в раннем московском высоко. он содержит около 3,5% альфа-кислот, что является оптимальным показателем для ароматического сорта хмеля. поэтому его рекомендуется использовать в поздних закладках в котел при кипячение или во время брожения на сухое охмеление. хмель ранний московский подходит для различных стилей пива. особенно хорошо он сочетается со светлыми лагерами и легкими элями, придавая им дополнительный ароматный акцент. ранний московский - это чувашский сорт хмеля, который является аналогом популярного чешского хмеля «жатецкий». хмель ранний московский является благородным, так как обладает нежным ароматом и низким содержанием когумулона, что приводит к более мягкой горчинке в пиве. содержание ароматических составляющих, таких как кариофиллен и фернезен, придающие пиву нежно-пряный аромат, в раннем московском высоко. он содержит около 3,5% альфа-кислот, что является оптимальным показателем для ароматического сорта хмеля. поэтому его рекомендуется использовать в поздних закладках в котел при кипячение или во время брожения на сухое охмеление. хмель ранний московский подходит для различных стилей пива. особенно хорошо он сочетается со светлыми лагерами и легкими элями, придавая им дополнительный ароматный акцент. пивовары ценят ""зеленое золото"" за его уникальные свойства. он придаёт пиву тончайший аромат и нежную горечь, которые делают каждый глоток поистине незабываемым. благодаря этому сорту хмеля пиво приобретает особый характер и становится настоящим произведением искусства."	https://бир.рф/shop/48/desc/khmel-rannij-moskovskij-rossija-500-g	3.0-3.5 %	3.0 %	25.0 %	0.7
534	hop	ранний московский	чувашхмельпром оао	россия	хмель в гранулах ароматный	beer.rf	50.0	г	141.0	rub	этот хмель обладает приятным пряным ароматом, напоминающий чешский хмель жатецкий, а низкое содержание альфа-кислот, делает его поистине ароматным сортом хмеля. урожай 2025 г | альфа-кислота 4,1 % этот хмель обладает приятным пряным ароматом, напоминающий чешский хмель жатецкий, а низкое содержание альфа-кислот, делает его поистине ароматным сортом хмеля. урожай 2025 г | альфа-кислота 4,1 %	"ранний московский - это чувашский сорт хмеля, который является аналогом популярного чешского хмеля «жатецкий». хмель ранний московский является благородным, так как обладает нежным ароматом и низким содержанием когумулона, что приводит к более мягкой горчинке в пиве. содержание ароматических составляющих, таких как кариофиллен и фернезен, придающие пиву нежно-пряный аромат, в раннем московском высоко. он содержит около 3,5% альфа-кислот, что является оптимальным показателем для ароматического сорта хмеля. поэтому его рекомендуется использовать в поздних закладках в котел при кипячение или во время брожения на сухое охмеление. хмель ранний московский подходит для различных стилей пива. особенно хорошо он сочетается со светлыми лагерами и легкими элями, придавая им дополнительный ароматный акцент. ранний московский - это чувашский сорт хмеля, который является аналогом популярного чешского хмеля «жатецкий». хмель ранний московский является благородным, так как обладает нежным ароматом и низким содержанием когумулона, что приводит к более мягкой горчинке в пиве. содержание ароматических составляющих, таких как кариофиллен и фернезен, придающие пиву нежно-пряный аромат, в раннем московском высоко. он содержит около 3,5% альфа-кислот, что является оптимальным показателем для ароматического сорта хмеля. поэтому его рекомендуется использовать в поздних закладках в котел при кипячение или во время брожения на сухое охмеление. хмель ранний московский подходит для различных стилей пива. особенно хорошо он сочетается со светлыми лагерами и легкими элями, придавая им дополнительный ароматный акцент. пивовары ценят ""зеленое золото"" за его уникальные свойства. он придаёт пиву тончайший аромат и нежную горечь, которые делают каждый глоток поистине незабываемым. благодаря этому сорту хмеля пиво приобретает особый характер и становится настоящим произведением искусства."	https://бир.рф/shop/50/desc/khmel-rannij-moskovskij-rossija-50-g	3.0-3.5 %	3.0 %	25.0 %	0.7
535	hop	ранний московский	чувашхмельпром оао	россия	хмель в гранулах ароматный	beer.rf	100.0	г	258.0	rub	этот хмель обладает приятным пряным ароматом, напоминающий чешский хмель жатецкий, а низкое содержание альфа-кислот, делает его поистине ароматным сортом хмеля. урожай 2025 г | альфа-кислота 4,1 % этот хмель обладает приятным пряным ароматом, напоминающий чешский хмель жатецкий, а низкое содержание альфа-кислот, делает его поистине ароматным сортом хмеля. урожай 2025 г | альфа-кислота 4,1 %	"ранний московский - это чувашский сорт хмеля, который является аналогом популярного чешского хмеля «жатецкий». хмель ранний московский является благородным, так как обладает нежным ароматом и низким содержанием когумулона, что приводит к более мягкой горчинке в пиве. содержание ароматических составляющих, таких как кариофиллен и фернезен, придающие пиву нежно-пряный аромат, в раннем московском высоко. он содержит около 3,5% альфа-кислот, что является оптимальным показателем для ароматического сорта хмеля. поэтому его рекомендуется использовать в поздних закладках в котел при кипячение или во время брожения на сухое охмеление. хмель ранний московский подходит для различных стилей пива. особенно хорошо он сочетается со светлыми лагерами и легкими элями, придавая им дополнительный ароматный акцент. ранний московский - это чувашский сорт хмеля, который является аналогом популярного чешского хмеля «жатецкий». хмель ранний московский является благородным, так как обладает нежным ароматом и низким содержанием когумулона, что приводит к более мягкой горчинке в пиве. содержание ароматических составляющих, таких как кариофиллен и фернезен, придающие пиву нежно-пряный аромат, в раннем московском высоко. он содержит около 3,5% альфа-кислот, что является оптимальным показателем для ароматического сорта хмеля. поэтому его рекомендуется использовать в поздних закладках в котел при кипячение или во время брожения на сухое охмеление. хмель ранний московский подходит для различных стилей пива. особенно хорошо он сочетается со светлыми лагерами и легкими элями, придавая им дополнительный ароматный акцент. пивовары ценят ""зеленое золото"" за его уникальные свойства. он придаёт пиву тончайший аромат и нежную горечь, которые делают каждый глоток поистине незабываемым. благодаря этому сорту хмеля пиво приобретает особый характер и становится настоящим произведением искусства."	https://бир.рф/shop/49/desc/khmel-rannij-moskovskij-rossija-100-g	3.0-3.5 %	3.0 %	25.0 %	0.7
536	hop	премиант / premiant	barth haas group	чехия	хмель в гранулах горький	beer.rf	50.0	г	173.0	rub	популярный чешский хмель двойного назначения, который на 50% произошел от хмеля жатецкий. отличный выбор для создания гладкой горечи в чешских пильзнерах и других сортах пива низового брожения. урожай 2025 | альфа 9 % популярный чешский хмель двойного назначения, который на 50% произошел от хмеля жатецкий. отличный выбор для создания гладкой горечи в чешских пильзнерах и других сортах пива низового брожения. урожай 2025 | альфа 9 %	хмель премиант (premiant) - это уникальный сорт чешского хмеля, известный своей мягкой горечью и двойным назначением, то есть способностью придавать пиву и горечь, и аромат. этот сорт получен путем скрещивания горьких сортов с благородным жатецким полуранним червеняком, что делает его поистине уникальным. одной из главных особенностей хмеля премиант является его высокое содержание альфа-кислот, что придает пиву хорошую горечь. однако, в отличие от других сортов с высоким содержанием альфа-кислот, премиант имеет низкое содержание когумулона. это означает, что горечь, получаемая с использованием этого сорта хмеля, является чистой и четкой, без грубости и острых нот. хмель премиант (premiant) - это уникальный сорт чешского хмеля, известный своей мягкой горечью и двойным назначением, то есть способностью придавать пиву и горечь, и аромат. этот сорт получен путем скрещивания горьких сортов с благородным жатецким полуранним червеняком, что делает его поистине уникальным. одной из главных особенностей хмеля премиант является его высокое содержание альфа-кислот, что придает пиву хорошую горечь. однако, в отличие от других сортов с высоким содержанием альфа-кислот, премиант имеет низкое содержание когумулона. это означает, что горечь, получаемая с использованием этого сорта хмеля, является чистой и четкой, без грубости и острых нот. аромат хмеля премиант сдержанный, пряный и землистый. хотя его ароматические компоненты не так сильны, как у некоторых других сортов чешского хмеля ароматического направления, премиант все равно завоевал свое место в пивоварении. это произошло благодаря сочетанию низкого содержания когумулона и других типичных характеристик этого сорта. охмеленное премиантом пиво не обладает грубой обескураживающей горечью, а наоборот, оно обладает изысканной благородно-пикантной горчинкой. это делает его идеальным выбором для тех, кто ценит гармонию вкуса и аромата в пиве.	https://бир.рф/shop/971/desc/khmel-premiant-premiant-chekhija-50-g	7.0-11.0 %	3.5-6.0 %	18.0-23.0 %	0.9-1.3
537	hop	премиант / premiant	barth haas group	чехия	хмель в гранулах горький	beer.rf	100.0	г	300.0	rub	популярный чешский хмель двойного назначения, который на 50% произошел от хмеля жатецкий. отличный выбор для создания гладкой горечи в чешских пильзнерах и других сортах пива низового брожения. урожай 2025 | альфа 9 % популярный чешский хмель двойного назначения, который на 50% произошел от хмеля жатецкий. отличный выбор для создания гладкой горечи в чешских пильзнерах и других сортах пива низового брожения. урожай 2025 | альфа 9 %	хмель премиант (premiant) - это уникальный сорт чешского хмеля, известный своей мягкой горечью и двойным назначением, то есть способностью придавать пиву и горечь, и аромат. этот сорт получен путем скрещивания горьких сортов с благородным жатецким полуранним червеняком, что делает его поистине уникальным. одной из главных особенностей хмеля премиант является его высокое содержание альфа-кислот, что придает пиву хорошую горечь. однако, в отличие от других сортов с высоким содержанием альфа-кислот, премиант имеет низкое содержание когумулона. это означает, что горечь, получаемая с использованием этого сорта хмеля, является чистой и четкой, без грубости и острых нот. хмель премиант (premiant) - это уникальный сорт чешского хмеля, известный своей мягкой горечью и двойным назначением, то есть способностью придавать пиву и горечь, и аромат. этот сорт получен путем скрещивания горьких сортов с благородным жатецким полуранним червеняком, что делает его поистине уникальным. одной из главных особенностей хмеля премиант является его высокое содержание альфа-кислот, что придает пиву хорошую горечь. однако, в отличие от других сортов с высоким содержанием альфа-кислот, премиант имеет низкое содержание когумулона. это означает, что горечь, получаемая с использованием этого сорта хмеля, является чистой и четкой, без грубости и острых нот. аромат хмеля премиант сдержанный, пряный и землистый. хотя его ароматические компоненты не так сильны, как у некоторых других сортов чешского хмеля ароматического направления, премиант все равно завоевал свое место в пивоварении. это произошло благодаря сочетанию низкого содержания когумулона и других типичных характеристик этого сорта. охмеленное премиантом пиво не обладает грубой обескураживающей горечью, а наоборот, оно обладает изысканной благородно-пикантной горчинкой. это делает его идеальным выбором для тех, кто ценит гармонию вкуса и аромата в пиве.	https://бир.рф/shop/3424/desc/khmel-premiant-premiant-chekhija-100-g	7.0-11.0 %	3.5-6.0 %	18.0-23.0 %	0.9-1.3
538	hop	поларис / polaris		хмель в гранулах универсальный	500 г	beer.rf	500.0	г	1656.9	rub	самый мощный универсальный немецкий хмель, как по количеству эфирных масел, так и по содержанию горьких веществ. обладает ароматом эвкалипта, мяты, и цитрусовых фруктов. урожай 2023г. альфа-кислота: 18.4 % самый мощный универсальный немецкий хмель, как по количеству эфирных масел, так и по содержанию горьких веществ. обладает ароматом эвкалипта, мяты, и цитрусовых фруктов. урожай 2023г. альфа-кислота: 18.4 %	хмель поларис (polaris) был впервые представлен в 2000 году и с тех пор завоевал сердца пивоваров и любителей пива по всему миру. этот хмель является гибридом халлертау и одного из потомков хмеля опал. его уникальная комбинация генетических свойств придает ему неповторимый аромат и характеристики. одной из ключевых особенностей хмеля поларис является высокое содержание масла, что обеспечивает интенсивный аромат с нюансами эвкалипта, мяты и цитрусовых фруктов. эти особенности делают его идеальным для использования в различных стилях пива, включая верховое и низовое брожение. хмеля поларис придает пиву высокую горечь и усиленный аромат. это делает его идеальным для использования в сухом охмелении, когда хмель добавляется в пиво в конце процесса варки для придания более интенсивного аромата и горечи. хмель поларис (polaris) был впервые представлен в 2000 году и с тех пор завоевал сердца пивоваров и любителей пива по всему миру. этот хмель является гибридом халлертау и одного из потомков хмеля опал. его уникальная комбинация генетических свойств придает ему неповторимый аромат и характеристики. одной из ключевых особенностей хмеля поларис является высокое содержание масла, что обеспечивает интенсивный аромат с нюансами эвкалипта, мяты и цитрусовых фруктов. эти особенности делают его идеальным для использования в различных стилях пива, включая верховое и низовое брожение. хмеля поларис придает пиву высокую горечь и усиленный аромат. это делает его идеальным для использования в сухом охмелении, когда хмель добавляется в пиво в конце процесса варки для придания более интенсивного аромата и горечи. хмель поларис также имеет способность адаптироваться к различным вкусовым профилям пива. его фруктовые характеристики могут быть индивидуально скорректированы, чтобы соответствовать предпочтениям и требованиям пивовара. благодаря этому, хмель поларис нашел применение в различных стилях пива, включая лагер, эль, пэйл эль и ипэ.	https://бир.рф/shop/1947/desc/khmel-polaris-polaris-germanija-500-g	18.0-23.0 %	4.5-6.0 %	22.0-28.0 %	4.0-5.0
539	hop	поларис / polaris		хмель в гранулах универсальный	50 г	beer.rf	50.0	г	223.63	rub	самый мощный универсальный немецкий хмель, как по количеству эфирных масел, так и по содержанию горьких веществ. обладает ароматом эвкалипта, мяты, и цитрусовых фруктов. урожай 2023г. альфа-кислота: 18.4 % самый мощный универсальный немецкий хмель, как по количеству эфирных масел, так и по содержанию горьких веществ. обладает ароматом эвкалипта, мяты, и цитрусовых фруктов. урожай 2023г. альфа-кислота: 18.4 %	хмель поларис (polaris) был впервые представлен в 2000 году и с тех пор завоевал сердца пивоваров и любителей пива по всему миру. этот хмель является гибридом халлертау и одного из потомков хмеля опал. его уникальная комбинация генетических свойств придает ему неповторимый аромат и характеристики. одной из ключевых особенностей хмеля поларис является высокое содержание масла, что обеспечивает интенсивный аромат с нюансами эвкалипта, мяты и цитрусовых фруктов. эти особенности делают его идеальным для использования в различных стилях пива, включая верховое и низовое брожение. хмеля поларис придает пиву высокую горечь и усиленный аромат. это делает его идеальным для использования в сухом охмелении, когда хмель добавляется в пиво в конце процесса варки для придания более интенсивного аромата и горечи. хмель поларис (polaris) был впервые представлен в 2000 году и с тех пор завоевал сердца пивоваров и любителей пива по всему миру. этот хмель является гибридом халлертау и одного из потомков хмеля опал. его уникальная комбинация генетических свойств придает ему неповторимый аромат и характеристики. одной из ключевых особенностей хмеля поларис является высокое содержание масла, что обеспечивает интенсивный аромат с нюансами эвкалипта, мяты и цитрусовых фруктов. эти особенности делают его идеальным для использования в различных стилях пива, включая верховое и низовое брожение. хмеля поларис придает пиву высокую горечь и усиленный аромат. это делает его идеальным для использования в сухом охмелении, когда хмель добавляется в пиво в конце процесса варки для придания более интенсивного аромата и горечи. хмель поларис также имеет способность адаптироваться к различным вкусовым профилям пива. его фруктовые характеристики могут быть индивидуально скорректированы, чтобы соответствовать предпочтениям и требованиям пивовара. благодаря этому, хмель поларис нашел применение в различных стилях пива, включая лагер, эль, пэйл эль и ипэ.	https://бир.рф/shop/974/desc/khmel-polaris-polaris-germanija-50-g	18.0-23.0 %	4.5-6.0 %	22.0-28.0 %	4.0-5.0
540	hop	поларис / polaris		хмель в гранулах универсальный	100 г	beer.rf	100.0	г	394.83	rub	самый мощный универсальный немецкий хмель, как по количеству эфирных масел, так и по содержанию горьких веществ. обладает ароматом эвкалипта, мяты, и цитрусовых фруктов. урожай 2023г. альфа-кислота: 18.4 % самый мощный универсальный немецкий хмель, как по количеству эфирных масел, так и по содержанию горьких веществ. обладает ароматом эвкалипта, мяты, и цитрусовых фруктов. урожай 2023г. альфа-кислота: 18.4 %	хмель поларис (polaris) был впервые представлен в 2000 году и с тех пор завоевал сердца пивоваров и любителей пива по всему миру. этот хмель является гибридом халлертау и одного из потомков хмеля опал. его уникальная комбинация генетических свойств придает ему неповторимый аромат и характеристики. одной из ключевых особенностей хмеля поларис является высокое содержание масла, что обеспечивает интенсивный аромат с нюансами эвкалипта, мяты и цитрусовых фруктов. эти особенности делают его идеальным для использования в различных стилях пива, включая верховое и низовое брожение. хмеля поларис придает пиву высокую горечь и усиленный аромат. это делает его идеальным для использования в сухом охмелении, когда хмель добавляется в пиво в конце процесса варки для придания более интенсивного аромата и горечи. хмель поларис (polaris) был впервые представлен в 2000 году и с тех пор завоевал сердца пивоваров и любителей пива по всему миру. этот хмель является гибридом халлертау и одного из потомков хмеля опал. его уникальная комбинация генетических свойств придает ему неповторимый аромат и характеристики. одной из ключевых особенностей хмеля поларис является высокое содержание масла, что обеспечивает интенсивный аромат с нюансами эвкалипта, мяты и цитрусовых фруктов. эти особенности делают его идеальным для использования в различных стилях пива, включая верховое и низовое брожение. хмеля поларис придает пиву высокую горечь и усиленный аромат. это делает его идеальным для использования в сухом охмелении, когда хмель добавляется в пиво в конце процесса варки для придания более интенсивного аромата и горечи. хмель поларис также имеет способность адаптироваться к различным вкусовым профилям пива. его фруктовые характеристики могут быть индивидуально скорректированы, чтобы соответствовать предпочтениям и требованиям пивовара. благодаря этому, хмель поларис нашел применение в различных стилях пива, включая лагер, эль, пэйл эль и ипэ.	https://бир.рф/shop/1946/desc/khmel-polaris-polaris-germanija-100-g	18.0-23.0 %	4.5-6.0 %	22.0-28.0 %	4.0-5.0
541	hop	подвязный	чувашхмельпром оао	россия	хмель в гранулах универсальный	beer.rf	500.0	г	598.0	rub	самый горький сорт чувашского хмеля, что делает его универсальным сортом, который можно добавлять как на горечь в начале кипячения, так и на аромат в конце. урожай 2025 г. | альфа-кислота 4.8 % самый горький сорт чувашского хмеля, что делает его универсальным сортом, который можно добавлять как на горечь в начале кипячения, так и на аромат в конце. урожай 2025 г. | альфа-кислота 4.8 %	хмель подвязный (россии) является одним из самых горьких сортов чувашского хмеля, и его уникальные свойства делают его универсальным для использования как на стадии горечи в начале кипячения, так и на стадии аромата в конце. этот сорт хмеля является настоящим сокровищем для производителей пива, поскольку его использование придает пиву ненавязчивую, но приятную горечь и тонкий аромат хмеля. это открывает возможности для создания разнообразных вкусовых профилей и обеспечивает высокое качество пива. хмель подвязный обладает хорошей стабильностью в процессе хранения, что позволяет сохранять его качество на протяжении длительного времени. кроме того, этот сорт хмеля характеризуется высокой эффективностью экстрагирования ароматических и горьких компонентов, что способствует более эффективному использованию его в пивоварении. одним из ключевых факторов, влияющих на качество пива, является выбор правильного сорта хмеля. хмель подвязный предлагает пивовару идеальный баланс горечи и аромата, позволяя создавать пиво с уникальным вкусом и приятным послевкусием. благодаря этому сорту, пивовары могут удовлетворить вкусы самых требовательных пивных гурманов.	https://бир.рф/shop/47/desc/khmel-podvjaznyj-rossija-500-g	5.0-6.5 %	5.5 %	44.0 %	
542	hop	подвязный	чувашхмельпром оао	россия	хмель в гранулах универсальный	beer.rf	50.0	г	94.0	rub	самый горький сорт чувашского хмеля, что делает его универсальным сортом, который можно добавлять как на горечь в начале кипячения, так и на аромат в конце. урожай 2025 г. | альфа-кислота 4.8 % самый горький сорт чувашского хмеля, что делает его универсальным сортом, который можно добавлять как на горечь в начале кипячения, так и на аромат в конце. урожай 2025 г. | альфа-кислота 4.8 %	хмель подвязный (россии) является одним из самых горьких сортов чувашского хмеля, и его уникальные свойства делают его универсальным для использования как на стадии горечи в начале кипячения, так и на стадии аромата в конце. этот сорт хмеля является настоящим сокровищем для производителей пива, поскольку его использование придает пиву ненавязчивую, но приятную горечь и тонкий аромат хмеля. это открывает возможности для создания разнообразных вкусовых профилей и обеспечивает высокое качество пива. хмель подвязный обладает хорошей стабильностью в процессе хранения, что позволяет сохранять его качество на протяжении длительного времени. кроме того, этот сорт хмеля характеризуется высокой эффективностью экстрагирования ароматических и горьких компонентов, что способствует более эффективному использованию его в пивоварении. одним из ключевых факторов, влияющих на качество пива, является выбор правильного сорта хмеля. хмель подвязный предлагает пивовару идеальный баланс горечи и аромата, позволяя создавать пиво с уникальным вкусом и приятным послевкусием. благодаря этому сорту, пивовары могут удовлетворить вкусы самых требовательных пивных гурманов.	https://бир.рф/shop/45/desc/khmel-podvjaznyj-rossija-50-g	5.0-6.5 %	5.5 %	44.0 %	
543	hop	уилламетт / willamette	yakima chief hops	сша	хмель в гранулах ароматный	beer.rf	100.0	г	511.0	rub	английский хмель выращенный в сша, который используют обычно для вкуса и аромата в английских и американских пивоваренных рецептах. известен своим мягким, нежно-пряным и цитрусовым ароматом. урожай 2024 г | альфа кислота 5,2 % английский хмель выращенный в сша, который используют обычно для вкуса и аромата в английских и американских пивоваренных рецептах. известен своим мягким, нежно-пряным и цитрусовым ароматом. урожай 2024 г | альфа кислота 5,2 %	хмель уилламетт (willamette) - это уникальный сорт хмеля, который заслуженно пользуется популярностью среди американских пивоваров. названный в честь реки уилламетт, этот сорт был выведен и выпущен в 1976 году министерством сельского хозяйства сша. река уилламетт, протекающая в долине уилламетт, является одной из известных достопримечательностей штатов вашингтон и орегон. уилламетт является триплоидным саженцем хмеля фаггл, считается типичным английским сортом, который формировался десятилетиями в пивоварение. этот сорт хмеля отличается своим ароматом и вкусом, а его низкое содержание альфа-кислот делает его идеальным для добавления в пиво с целью придания ароматических нот, а не горчинки. одной из особенностей уилламетта является его богатое содержание эфирных масел. в нем присутствуют мирцен, гумулен и фарнезен в выше среднего количестве, что придает этому сорту хмеля уникальный травянистый аромат с фруктовыми и цветочными нотами. эта тонкая пряность делает уилламетт идеальным выбором для пивоваров, желающих добавить в свое пиво особый аромат и вкус.	https://бир.рф/shop/227/desc/khmel-uillamett-willamette-ssha-100-g	4.6-6.0 %	3.6-4.2 %	29.0-32.0 %	0.6-1.6
544	hop	традиционный / tradition	ign	германия	хмель в гранулах универсальный	beer.rf	500.0	г	859.0	rub	универсальный сорт немецкого хмеля, который привнесет в ваше пиво земляной и травяной аромт со сладкими тонами фруктов, включая изюма. урожай 2025г. | альфа 5,6 % универсальный сорт немецкого хмеля, который привнесет в ваше пиво земляной и травяной аромт со сладкими тонами фруктов, включая изюма. урожай 2025г. | альфа 5,6 %	"хмель традиционный (tradition) - это сорт хмеля, который был разработан с целью создания устойчивого и стойкого к болезням растения. сочетание трех сортов хмеля - халлертаур миттельфрю, жатецкого и халлертауер голд - создает уникальный профиль этого хмеля, который получил название ""традиционный"". хмель халлертауер традиционный имеет много общих черт с халлертаур миттельфрю. он содержит немного больше альфа-кислот, от 4,6% до 7,0%, что делает его универсальным сортом, подходящим для создания как горечи, так и аромата в пиве. однако, традиционный хмель содержит меньше когумулона и достаточное количество масла гумулена, что придает ему землистый и травянистый аромат, с доминирующими сладкими нотами фруктов, включая изюм. испарение гумулена происходит быстро при кипячении, поэтому для сохранения землистого характера халлертауер традиционный рекомендуется добавлять в конце кипячения или во время сухого охмеления пива. хмель халлертауер традиционный стал популярным среди пивоваров благодаря своей универсальности и уникальному аромату. он добавляет пиву приятную горечь и приятный аромат, который отлично сочетается с различными стилями пива. благодаря его стойкости к болезням, пивовары могут быть уверены в качестве и стабильности своего пива."	https://бир.рф/shop/115/desc/khmel-tradicionnyj-tradition-germanija-500-g	5.0-7.0 %	4.0-5.0 %	26.0-29.0 %	1.0-1.4
545	hop	традиционный / tradition	ign	германия	хмель в гранулах универсальный	beer.rf	50.0	г	126.0	rub	универсальный сорт немецкого хмеля, который привнесет в ваше пиво земляной и травяной аромат со сладкими тонами фруктов, включая изюма. урожай 2025г. | альфа 5,6 % универсальный сорт немецкого хмеля, который привнесет в ваше пиво земляной и травяной аромат со сладкими тонами фруктов, включая изюма. урожай 2025г. | альфа 5,6 %	"хмель традиционный (tradition) - это сорт хмеля, который был разработан с целью создания устойчивого и стойкого к болезням растения. сочетание трех сортов хмеля - халлертаур миттельфрю, жатецкого и халлертауер голд - создает уникальный профиль этого хмеля, который получил название ""традиционный"". хмель халлертауер традиционный имеет много общих черт с халлертаур миттельфрю. он содержит немного больше альфа-кислот, от 4,6% до 7,0%, что делает его универсальным сортом, подходящим для создания как горечи, так и аромата в пиве. однако, традиционный хмель содержит меньше когумулона и достаточное количество масла гумулена, что придает ему землистый и травянистый аромат, с доминирующими сладкими нотами фруктов, включая изюм. испарение гумулена происходит быстро при кипячении, поэтому для сохранения землистого характера халлертауер традиционный рекомендуется добавлять в конце кипячения или во время сухого охмеления пива. хмель халлертауер традиционный стал популярным среди пивоваров благодаря своей универсальности и уникальному аромату. он добавляет пиву приятную горечь и приятный аромат, который отлично сочетается с различными стилями пива. благодаря его стойкости к болезням, пивовары могут быть уверены в качестве и стабильности своего пива."	https://бир.рф/shop/117/desc/khmel-tradicionnyj-tradition-germanija-50-g	5.0-7.0 %	4.0-5.0 %	26.0-29.0 %	1.0-1.4
546	hop	традиционный / tradition	ign	германия	хмель в гранулах универсальный	beer.rf	100.0	г	205.0	rub	универсальный сорт немецкого хмеля, который привнесет в ваше пиво земляной и травяной аромат со сладкими тонами фруктов, включая изюма. урожай 2025г. | альфа 5,6 % универсальный сорт немецкого хмеля, который привнесет в ваше пиво земляной и травяной аромат со сладкими тонами фруктов, включая изюма. урожай 2025г. | альфа 5,6 %	"хмель традиционный (tradition) - это сорт хмеля, который был разработан с целью создания устойчивого и стойкого к болезням растения. сочетание трех сортов хмеля - халлертаур миттельфрю, жатецкого и халлертауер голд - создает уникальный профиль этого хмеля, который получил название ""традиционный"". хмель халлертауер традиционный имеет много общих черт с халлертаур миттельфрю. он содержит немного больше альфа-кислот, от 4,6% до 7,0%, что делает его универсальным сортом, подходящим для создания как горечи, так и аромата в пиве. однако, традиционный хмель содержит меньше когумулона и достаточное количество масла гумулена, что придает ему землистый и травянистый аромат, с доминирующими сладкими нотами фруктов, включая изюм. испарение гумулена происходит быстро при кипячении, поэтому для сохранения землистого характера халлертауер традиционный рекомендуется добавлять в конце кипячения или во время сухого охмеления пива. хмель халлертауер традиционный стал популярным среди пивоваров благодаря своей универсальности и уникальному аромату. он добавляет пиву приятную горечь и приятный аромат, который отлично сочетается с различными стилями пива. благодаря его стойкости к болезням, пивовары могут быть уверены в качестве и стабильности своего пива."	https://бир.рф/shop/116/desc/khmel-tradicionnyj-tradition-germanija-100-g	5.0-7.0 %	4.0-5.0 %	26.0-29.0 %	1.0-1.4
547	hop	теттнангер / tettnanger	ign	германия	хмель в гранулах универсальный	beer.rf	500.0	г	1551.0	rub	традиционный немецкий сорт, который выращивается в районе теттнанг около боденского озера. во вкусе различимы ароматы цитрусовых, травянистые ароматы и аромат хмеля. урожай 2024 г | альфа кислота 3 % традиционный немецкий сорт, который выращивается в районе теттнанг около боденского озера. во вкусе различимы ароматы цитрусовых, травянистые ароматы и аромат хмеля. урожай 2024 г | альфа кислота 3 %	хмель теттнангер (tettnanger) - это один из благородных сортов хмеля, который привлекает внимание своим уникальным ароматом и содержанием когумулона. с низким содержанием альфа-кислот, колеблющимся от 3,0% до 6,0%, этот хмель идеально подходит как для придания горечи, так и для придания аромата пиву. хмель tettnanger похож на жатецкий хмель, который произрастает в основном в чехии; оба сорта имеют схожий состав эфирных масел. в значительных количествах содержатся мирцен, гумулен и кариофиллен, что придает хмелю умеренный аромат. однако особенностью теттнангера является высокое содержание масла фарнезена, которое может достигать 34%. это один из самых высоких показателей среди всех сортов хмеля. благодаря своему уникальному аромату и благородному характеру хмель теттнангер пользуется высокой оценкой пивоваров. его аромат можно описать как пряно-цветочный, что добавляет особый шарм пиву, в котором он используется. этот хмель является идеальным выбором для тех, кто хочет придать своему напитку изысканный и уникальный вкус.	https://бир.рф/shop/136/desc/khmel-tettnanger-tettnanger-germanija-500-g	3.0-6.0 %	3.0-5.0 %	22.0-29.0 %	0.5-0.9
548	hop	теттнангер / tettnanger	ign	германия	хмель в гранулах универсальный	beer.rf	50.0	г	206.0	rub	традиционный немецкий сорт, который выращивается в районе теттнанг около боденского озера. во вкусе различимы ароматы цитрусовых, травянистые ароматы и аромат хмеля. урожай 2024 г | альфа кислота 3 % традиционный немецкий сорт, который выращивается в районе теттнанг около боденского озера. во вкусе различимы ароматы цитрусовых, травянистые ароматы и аромат хмеля. урожай 2024 г | альфа кислота 3 %	хмель теттнангер (tettnanger) - это один из благородных сортов хмеля, который привлекает внимание своим уникальным ароматом и содержанием когумулона. с низким содержанием альфа-кислот, колеблющимся от 3,0% до 6,0%, этот хмель идеально подходит как для придания горечи, так и для придания аромата пиву. хмель tettnanger похож на жатецкий хмель, который произрастает в основном в чехии; оба сорта имеют схожий состав эфирных масел. в значительных количествах содержатся мирцен, гумулен и кариофиллен, что придает хмелю умеренный аромат. однако особенностью теттнангера является высокое содержание масла фарнезена, которое может достигать 34%. это один из самых высоких показателей среди всех сортов хмеля. благодаря своему уникальному аромату и благородному характеру хмель теттнангер пользуется высокой оценкой пивоваров. его аромат можно описать как пряно-цветочный, что добавляет особый шарм пиву, в котором он используется. этот хмель является идеальным выбором для тех, кто хочет придать своему напитку изысканный и уникальный вкус.	https://бир.рф/shop/138/desc/khmel-tettnanger-tettnanger-germanija-50-g	3.0-6.0 %	3.0-5.0 %	22.0-29.0 %	0.5-0.9
549	hop	теттнангер / tettnanger	ign	германия	хмель в гранулах универсальный	beer.rf	100.0	г	357.0	rub	традиционный немецкий сорт, который выращивается в районе теттнанг около боденского озера. во вкусе различимы ароматы цитрусовых, травянистые ароматы и аромат хмеля. урожай 2024 г | альфа кислота 3 % традиционный немецкий сорт, который выращивается в районе теттнанг около боденского озера. во вкусе различимы ароматы цитрусовых, травянистые ароматы и аромат хмеля. урожай 2024 г | альфа кислота 3 %	хмель теттнангер (tettnanger) - это один из благородных сортов хмеля, который привлекает внимание своим уникальным ароматом и содержанием когумулона. с низким содержанием альфа-кислот, колеблющимся от 3,0% до 6,0%, этот хмель идеально подходит как для придания горечи, так и для придания аромата пиву. хмель tettnanger похож на жатецкий хмель, который произрастает в основном в чехии; оба сорта имеют схожий состав эфирных масел. в значительных количествах содержатся мирцен, гумулен и кариофиллен, что придает хмелю умеренный аромат. однако особенностью теттнангера является высокое содержание масла фарнезена, которое может достигать 34%. это один из самых высоких показателей среди всех сортов хмеля. благодаря своему уникальному аромату и благородному характеру хмель теттнангер пользуется высокой оценкой пивоваров. его аромат можно описать как пряно-цветочный, что добавляет особый шарм пиву, в котором он используется. этот хмель является идеальным выбором для тех, кто хочет придать своему напитку изысканный и уникальный вкус.	https://бир.рф/shop/137/desc/khmel-tettnanger-tettnanger-germanija-100-g	3.0-6.0 %	3.0-5.0 %	22.0-29.0 %	0.5-0.9
550	hop	талус / talus	john i. haas	сша	хмель в гранулах универсальный	beer.rf	500.0	г	2377.0	rub	придаёт пиву выраженные ноты розового грейпфрута, цитрусовой кожуры, сушёных розовых лепестков, сосновой смолы, тропических фруктов и шалфея. урожай 2025 | альфа 7,2 % придаёт пиву выраженные ноты розового грейпфрута, цитрусовой кожуры, сушёных розовых лепестков, сосновой смолы, тропических фруктов и шалфея. урожай 2025 | альфа 7,2 %	хмель талус (talus) из сша - это вариативный сорт хмеля, который добавляет пиву уникальные ароматические нотки. он придает пиву выразительные оттенки розового грейпфрута, цитрусовой кожуры, сушеных розовых лепестков, сосновой смолы, тропических фруктов и шалфея. что делает этот сорт особенным, так это то, что ароматы talus сохраняются на всех этапах производства пива. хмель талус (talus) из сша - это вариативный сорт хмеля, который добавляет пиву уникальные ароматические нотки. он придает пиву выразительные оттенки розового грейпфрута, цитрусовой кожуры, сушеных розовых лепестков, сосновой смолы, тропических фруктов и шалфея. что делает этот сорт особенным, так это то, что ароматы talus сохраняются на всех этапах производства пива. талус получил свой яркий профиль благодаря своему происхождению от сорта хмеля sabro (hbc 438). этот гибридный сорт сочетает черты неомексиканских сортов хмеля с хмелем, выращиваемым на тихоокеанском северо-западе. это сочетание позволило селекционерам создать уникальный сорт talus, обладающий привлекательными характеристиками, которые прекрасно переносятся в пиво. этот хмель проявляет себя как сольно, так и в сочетании с другими сортами. он может быть использован в различных стилях пива, добавляя им уникальные ароматические нюансы. talus отлично сочетается с пивными хмелями других сортов, что позволяет пивовару создавать новые и интересные вкусовые комбинации.	https://бир.рф/shop/1649/desc/khmel-talus-talus-ssha-500-g	9.0 %	9.0 %	36.0 %	1.6
551	hop	талус / talus	john i. haas	сша	хмель в гранулах универсальный	beer.rf	50.0	г	323.0	rub	придаёт пиву выраженные ноты розового грейпфрута, цитрусовой кожуры, сушёных розовых лепестков, сосновой смолы, тропических фруктов и шалфея. урожай 2025 | альфа 7,2 % придаёт пиву выраженные ноты розового грейпфрута, цитрусовой кожуры, сушёных розовых лепестков, сосновой смолы, тропических фруктов и шалфея. урожай 2025 | альфа 7,2 %	хмель талус (talus) из сша - это вариативный сорт хмеля, который добавляет пиву уникальные ароматические нотки. он придает пиву выразительные оттенки розового грейпфрута, цитрусовой кожуры, сушеных розовых лепестков, сосновой смолы, тропических фруктов и шалфея. что делает этот сорт особенным, так это то, что ароматы talus сохраняются на всех этапах производства пива. хмель талус (talus) из сша - это вариативный сорт хмеля, который добавляет пиву уникальные ароматические нотки. он придает пиву выразительные оттенки розового грейпфрута, цитрусовой кожуры, сушеных розовых лепестков, сосновой смолы, тропических фруктов и шалфея. что делает этот сорт особенным, так это то, что ароматы talus сохраняются на всех этапах производства пива. талус получил свой яркий профиль благодаря своему происхождению от сорта хмеля sabro (hbc 438). этот гибридный сорт сочетает черты неомексиканских сортов хмеля с хмелем, выращиваемым на тихоокеанском северо-западе. это сочетание позволило селекционерам создать уникальный сорт talus, обладающий привлекательными характеристиками, которые прекрасно переносятся в пиво. этот хмель проявляет себя как сольно, так и в сочетании с другими сортами. он может быть использован в различных стилях пива, добавляя им уникальные ароматические нюансы. talus отлично сочетается с пивными хмелями других сортов, что позволяет пивовару создавать новые и интересные вкусовые комбинации.	https://бир.рф/shop/1069/desc/khmel-talus-talus-ssha-50-g	9.0 %	9.0 %	36.0 %	1.6
552	hop	талус / talus	john i. haas	сша	хмель в гранулах универсальный	beer.rf	100.0	г	554.0	rub	придаёт пиву выраженные ноты розового грейпфрута, цитрусовой кожуры, сушёных розовых лепестков, сосновой смолы, тропических фруктов и шалфея. урожай 2025 | альфа 7,2 % придаёт пиву выраженные ноты розового грейпфрута, цитрусовой кожуры, сушёных розовых лепестков, сосновой смолы, тропических фруктов и шалфея. урожай 2025 | альфа 7,2 %	хмель талус (talus) из сша - это вариативный сорт хмеля, который добавляет пиву уникальные ароматические нотки. он придает пиву выразительные оттенки розового грейпфрута, цитрусовой кожуры, сушеных розовых лепестков, сосновой смолы, тропических фруктов и шалфея. что делает этот сорт особенным, так это то, что ароматы talus сохраняются на всех этапах производства пива. хмель талус (talus) из сша - это вариативный сорт хмеля, который добавляет пиву уникальные ароматические нотки. он придает пиву выразительные оттенки розового грейпфрута, цитрусовой кожуры, сушеных розовых лепестков, сосновой смолы, тропических фруктов и шалфея. что делает этот сорт особенным, так это то, что ароматы talus сохраняются на всех этапах производства пива. талус получил свой яркий профиль благодаря своему происхождению от сорта хмеля sabro (hbc 438). этот гибридный сорт сочетает черты неомексиканских сортов хмеля с хмелем, выращиваемым на тихоокеанском северо-западе. это сочетание позволило селекционерам создать уникальный сорт talus, обладающий привлекательными характеристиками, которые прекрасно переносятся в пиво. этот хмель проявляет себя как сольно, так и в сочетании с другими сортами. он может быть использован в различных стилях пива, добавляя им уникальные ароматические нюансы. talus отлично сочетается с пивными хмелями других сортов, что позволяет пивовару создавать новые и интересные вкусовые комбинации.	https://бир.рф/shop/1650/desc/khmel-talus-talus-ssha-100-g	9.0 %	9.0 %	36.0 %	1.6
553	hop	сладек / sladek	jmhopscz	чехия	хмель в гранулах универсальный	beer.rf	500.0	г	1267.0	rub	этот хмель по своим свойствам напоминает всемирно известный хмель жатецкий, но с более высокой горечью, что делает его более универсальным для применения. урожай 2025 | альфа 8,5 % этот хмель по своим свойствам напоминает всемирно известный хмель жатецкий, но с более высокой горечью, что делает его более универсальным для применения. урожай 2025 | альфа 8,5 %	"хмель сладек (sladek), что в переводе с чешского означает ""пивовар"", является результатом скрещивания двух сортов хмеля - норзен брюер и жатецкий. этот уникальный сорт был зарегистрирован в чешской республике в 1994 году. он обладает ароматом, сравнимым с жатецким хмелем, который характеризуется травяными, зелеными и пряными нотами, а также имеет высокий уровень альфа-кислот. хмель сладек является основным сортом, используемым при второй ""закладке"" при варке лагеров, особенно в сочетании с хмелем saaz, который добавляется в качестве последней ""закладки"". эта комбинация придает пиву сложный и богатый аромат, а также способствует достижению желаемого уровня горечи. хмель сладек (sladek), что в переводе с чешского означает ""пивовар"", является результатом скрещивания двух сортов хмеля - норзен брюер и жатецкий. этот уникальный сорт был зарегистрирован в чешской республике в 1994 году. он обладает ароматом, сравнимым с жатецким хмелем, который характеризуется травяными, зелеными и пряными нотами, а также имеет высокий уровень альфа-кислот. хмель сладек является основным сортом, используемым при второй ""закладке"" при варке лагеров, особенно в сочетании с хмелем saaz, который добавляется в качестве последней ""закладки"". эта комбинация придает пиву сложный и богатый аромат, а также способствует достижению желаемого уровня горечи. хмель сладек может использоваться и в качестве третьей ""закладки"" при варке пива не премиальных стилей. это позволяет добавить дополнительные ароматические и горечевые характеристики, придавая пиву более сложный и интересный вкус. хмель сладек (sladek), что в переводе с чешского означает ""пивовар"", является результатом скрещивания двух сортов хмеля - норзен брюер и жатецкий. этот уникальный сорт был зарегистрирован в чешской республике в 1994 году. он обладает ароматом, сравнимым с жатецким хмелем, который характеризуется травяными, зелеными и пряными нотами, а также имеет высокий уровень альфа-кислот. хмель сладек является основным сортом, используемым при второй ""закладке"" при варке лагеров, особенно в сочетании с хмелем saaz, который добавляется в качестве последней ""закладки"". эта комбинация придает пиву сложный и богатый аромат, а также способствует достижению желаемого уровня горечи. хмель сладек может использоваться и в качестве третьей ""закладки"" при варке пива не премиальных стилей. это позволяет добавить дополнительные ароматические и горечевые характеристики, придавая пиву более сложный и интересный вкус. сорт хмель сладек стал популярным среди пивоваров благодаря своей универсальности и способности придавать пиву уникальные характеристики. его использование позволяет создавать пиво с балансированным ароматом, гармоничным вкусом и приятной горечью."	https://бир.рф/shop/1473/desc/khmel-sladek-sladek-chekhija-500-g	6.0-8.1 %	4.0-4.6 %	20.5-30.0 %	1.5-2.0
554	hop	сладек / sladek	jmhopscz	чехия	хмель в гранулах универсальный	beer.rf	50.0	г	177.0	rub	этот хмель по своим свойствам напоминает всемирно известный хмель жатецкий, но с более высокой горечью, что делает его более универсальным для применения. урожай 2025 | альфа 8,5 % этот хмель по своим свойствам напоминает всемирно известный хмель жатецкий, но с более высокой горечью, что делает его более универсальным для применения. урожай 2025 | альфа 8,5 %	"хмель сладек (sladek), что в переводе с чешского означает ""пивовар"", является результатом скрещивания двух сортов хмеля - норзен брюер и жатецкий. этот уникальный сорт был зарегистрирован в чешской республике в 1994 году. он обладает ароматом, сравнимым с жатецким хмелем, который характеризуется травяными, зелеными и пряными нотами, а также имеет высокий уровень альфа-кислот. хмель сладек является основным сортом, используемым при второй ""закладке"" при варке лагеров, особенно в сочетании с хмелем saaz, который добавляется в качестве последней ""закладки"". эта комбинация придает пиву сложный и богатый аромат, а также способствует достижению желаемого уровня горечи. хмель сладек (sladek), что в переводе с чешского означает ""пивовар"", является результатом скрещивания двух сортов хмеля - норзен брюер и жатецкий. этот уникальный сорт был зарегистрирован в чешской республике в 1994 году. он обладает ароматом, сравнимым с жатецким хмелем, который характеризуется травяными, зелеными и пряными нотами, а также имеет высокий уровень альфа-кислот. хмель сладек является основным сортом, используемым при второй ""закладке"" при варке лагеров, особенно в сочетании с хмелем saaz, который добавляется в качестве последней ""закладки"". эта комбинация придает пиву сложный и богатый аромат, а также способствует достижению желаемого уровня горечи. хмель сладек может использоваться и в качестве третьей ""закладки"" при варке пива не премиальных стилей. это позволяет добавить дополнительные ароматические и горечевые характеристики, придавая пиву более сложный и интересный вкус. хмель сладек (sladek), что в переводе с чешского означает ""пивовар"", является результатом скрещивания двух сортов хмеля - норзен брюер и жатецкий. этот уникальный сорт был зарегистрирован в чешской республике в 1994 году. он обладает ароматом, сравнимым с жатецким хмелем, который характеризуется травяными, зелеными и пряными нотами, а также имеет высокий уровень альфа-кислот. хмель сладек является основным сортом, используемым при второй ""закладке"" при варке лагеров, особенно в сочетании с хмелем saaz, который добавляется в качестве последней ""закладки"". эта комбинация придает пиву сложный и богатый аромат, а также способствует достижению желаемого уровня горечи. хмель сладек может использоваться и в качестве третьей ""закладки"" при варке пива не премиальных стилей. это позволяет добавить дополнительные ароматические и горечевые характеристики, придавая пиву более сложный и интересный вкус. сорт хмель сладек стал популярным среди пивоваров благодаря своей универсальности и способности придавать пиву уникальные характеристики. его использование позволяет создавать пиво с балансированным ароматом, гармоничным вкусом и приятной горечью."	https://бир.рф/shop/970/desc/khmel-sladek-sladek-chekhija-50-g	6.0-8.1 %	4.0-4.6 %	20.5-30.0 %	1.5-2.0
555	hop	сладек / sladek	jmhopscz	чехия	хмель в гранулах универсальный	beer.rf	100.0	г	297.0	rub	этот хмель по своим свойствам напоминает всемирно известный хмель жатецкий, но с более высокой горечью, что делает его более универсальным для применения. урожай 2025 | альфа 8,5 % этот хмель по своим свойствам напоминает всемирно известный хмель жатецкий, но с более высокой горечью, что делает его более универсальным для применения. урожай 2025 | альфа 8,5 %	"хмель сладек (sladek), что в переводе с чешского означает ""пивовар"", является результатом скрещивания двух сортов хмеля - норзен брюер и жатецкий. этот уникальный сорт был зарегистрирован в чешской республике в 1994 году. он обладает ароматом, сравнимым с жатецким хмелем, который характеризуется травяными, зелеными и пряными нотами, а также имеет высокий уровень альфа-кислот. хмель сладек является основным сортом, используемым при второй ""закладке"" при варке лагеров, особенно в сочетании с хмелем saaz, который добавляется в качестве последней ""закладки"". эта комбинация придает пиву сложный и богатый аромат, а также способствует достижению желаемого уровня горечи. хмель сладек (sladek), что в переводе с чешского означает ""пивовар"", является результатом скрещивания двух сортов хмеля - норзен брюер и жатецкий. этот уникальный сорт был зарегистрирован в чешской республике в 1994 году. он обладает ароматом, сравнимым с жатецким хмелем, который характеризуется травяными, зелеными и пряными нотами, а также имеет высокий уровень альфа-кислот. хмель сладек является основным сортом, используемым при второй ""закладке"" при варке лагеров, особенно в сочетании с хмелем saaz, который добавляется в качестве последней ""закладки"". эта комбинация придает пиву сложный и богатый аромат, а также способствует достижению желаемого уровня горечи. хмель сладек может использоваться и в качестве третьей ""закладки"" при варке пива не премиальных стилей. это позволяет добавить дополнительные ароматические и горечевые характеристики, придавая пиву более сложный и интересный вкус. хмель сладек (sladek), что в переводе с чешского означает ""пивовар"", является результатом скрещивания двух сортов хмеля - норзен брюер и жатецкий. этот уникальный сорт был зарегистрирован в чешской республике в 1994 году. он обладает ароматом, сравнимым с жатецким хмелем, который характеризуется травяными, зелеными и пряными нотами, а также имеет высокий уровень альфа-кислот. хмель сладек является основным сортом, используемым при второй ""закладке"" при варке лагеров, особенно в сочетании с хмелем saaz, который добавляется в качестве последней ""закладки"". эта комбинация придает пиву сложный и богатый аромат, а также способствует достижению желаемого уровня горечи. хмель сладек может использоваться и в качестве третьей ""закладки"" при варке пива не премиальных стилей. это позволяет добавить дополнительные ароматические и горечевые характеристики, придавая пиву более сложный и интересный вкус. сорт хмель сладек стал популярным среди пивоваров благодаря своей универсальности и способности придавать пиву уникальные характеристики. его использование позволяет создавать пиво с балансированным ароматом, гармоничным вкусом и приятной горечью."	https://бир.рф/shop/1472/desc/khmel-sladek-sladek-chekhija-100-g	6.0-8.1 %	4.0-4.6 %	20.5-30.0 %	1.5-2.0
556	hop	симкое / simcoe	yakima chief hops	сша	хмель в гранулах универсальный	beer.rf	500.0	г	2107.0	rub	очень популярный, универсальный хмель, который можно использовать на всех этапах приготовления пива. обладает мягкой и сбалансированной горечью с интенсивным фруктово-ягодным ароматом и яркими сосновыми оттенками. урожай 2025 | альфа кислота 13,4 % очень популярный, универсальный хмель, который можно использовать на всех этапах приготовления пива. обладает мягкой и сбалансированной горечью с интенсивным фруктово-ягодным ароматом и яркими сосновыми оттенками. урожай 2025 | альфа кислота 13,4 %	хмель симкое (simcoe) - это настоящий герой мира пивоварения, который был представлен в 2000 году на ферме округа якима в штате вашингтон. и хотя он тесно связан с индиан пэйл элем (ipa), его потенциал не ограничивается только этим стилем пива. симкое стал незаменимым ингредиентом для многих американских минипивоваров, которые стремятся создать пиво с яркой горечью и уникальными ароматическими нотками. симкое - это хмель двойного назначения, обладающий высоким содержанием альфа-кислот, составляющим от 12,0% до 14,0%. он также имеет низкое содержание бета-кислот (4,0% - 5,0%) и самое низкое содержание когумулона (12,0% - 15,0%). это делает его идеальным выбором для достижения глубокой и насыщенной горечи в пиве. однако симкое не только обладает горечью, он также известен своими уникальными ароматическими качествами. аромат хмеля симкое можно описать как фруктовый, травяной и даже сосново-землянистый. он содержит высокую концентрацию мирцена (60,0% - 65,0%), что делает его одним из самых ароматных хмелей. гумулен присутствует в диапазоне от 10,0% до 15,0%, а кариофиллен - от 5,0% до 8,0%. эта сложная комбинация ароматов делает симкое популярным выбором для создания насыщенных и хмелевых элей.	https://бир.рф/shop/211/desc/khmel-simkoe-simcoe-ssha-500-g	12.0-14.0 %	4.0-5.0 %	15.0-20.0 %	2.0-2.5
557	hop	симкое / simcoe	yakima chief hops	сша	хмель в гранулах универсальный	beer.rf	50.0	г	288.0	rub	очень популярный, универсальный хмель, который можно использовать на всех этапах приготовления пива. обладает мягкой и сбалансированной горечью с интенсивным фруктово-ягодным ароматом и яркими сосновыми оттенками. урожай 2025 | альфа кислота 13,4 % очень популярный, универсальный хмель, который можно использовать на всех этапах приготовления пива. обладает мягкой и сбалансированной горечью с интенсивным фруктово-ягодным ароматом и яркими сосновыми оттенками. урожай 2025 | альфа кислота 13,4 %	хмель симкое (simcoe) - это настоящий герой мира пивоварения, который был представлен в 2000 году на ферме округа якима в штате вашингтон. и хотя он тесно связан с индиан пэйл элем (ipa), его потенциал не ограничивается только этим стилем пива. симкое стал незаменимым ингредиентом для многих американских минипивоваров, которые стремятся создать пиво с яркой горечью и уникальными ароматическими нотками. симкое - это хмель двойного назначения, обладающий высоким содержанием альфа-кислот, составляющим от 12,0% до 14,0%. он также имеет низкое содержание бета-кислот (4,0% - 5,0%) и самое низкое содержание когумулона (12,0% - 15,0%). это делает его идеальным выбором для достижения глубокой и насыщенной горечи в пиве. однако симкое не только обладает горечью, он также известен своими уникальными ароматическими качествами. аромат хмеля симкое можно описать как фруктовый, травяной и даже сосново-землянистый. он содержит высокую концентрацию мирцена (60,0% - 65,0%), что делает его одним из самых ароматных хмелей. гумулен присутствует в диапазоне от 10,0% до 15,0%, а кариофиллен - от 5,0% до 8,0%. эта сложная комбинация ароматов делает симкое популярным выбором для создания насыщенных и хмелевых элей.	https://бир.рф/shop/213/desc/khmel-simkoe-simcoe-ssha-50-g	12.0-14.0 %	4.0-5.0 %	15.0-20.0 %	2.0-2.5
558	hop	симкое / simcoe	yakima chief hops	сша	хмель в гранулах универсальный	beer.rf	100.0	г	493.0	rub	очень популярный, универсальный хмель, который можно использовать на всех этапах приготовления пива. обладает мягкой и сбалансированной горечью с интенсивным фруктово-ягодным ароматом и яркими сосновыми оттенками. урожай 2025 | альфа кислота 13,4 % очень популярный, универсальный хмель, который можно использовать на всех этапах приготовления пива. обладает мягкой и сбалансированной горечью с интенсивным фруктово-ягодным ароматом и яркими сосновыми оттенками. урожай 2025 | альфа кислота 13,4 %	хмель симкое (simcoe) - это настоящий герой мира пивоварения, который был представлен в 2000 году на ферме округа якима в штате вашингтон. и хотя он тесно связан с индиан пэйл элем (ipa), его потенциал не ограничивается только этим стилем пива. симкое стал незаменимым ингредиентом для многих американских минипивоваров, которые стремятся создать пиво с яркой горечью и уникальными ароматическими нотками. симкое - это хмель двойного назначения, обладающий высоким содержанием альфа-кислот, составляющим от 12,0% до 14,0%. он также имеет низкое содержание бета-кислот (4,0% - 5,0%) и самое низкое содержание когумулона (12,0% - 15,0%). это делает его идеальным выбором для достижения глубокой и насыщенной горечи в пиве. однако симкое не только обладает горечью, он также известен своими уникальными ароматическими качествами. аромат хмеля симкое можно описать как фруктовый, травяной и даже сосново-землянистый. он содержит высокую концентрацию мирцена (60,0% - 65,0%), что делает его одним из самых ароматных хмелей. гумулен присутствует в диапазоне от 10,0% до 15,0%, а кариофиллен - от 5,0% до 8,0%. эта сложная комбинация ароматов делает симкое популярным выбором для создания насыщенных и хмелевых элей.	https://бир.рф/shop/212/desc/khmel-simkoe-simcoe-ssha-100-g	12.0-14.0 %	4.0-5.0 %	15.0-20.0 %	2.0-2.5
559	hop	сапфир / saphir	грейнруc	россия	хмель в гранулах ароматный	beer.rf	500.0	г	849.0	rub	ароматный сорт хмеля для придания пряно-цитрусового букета с цветочными нотами. урожай: 2025 г | альфа: 2,6 % ароматный сорт хмеля для придания пряно-цитрусового букета с цветочными нотами. урожай: 2025 г | альфа: 2,6 %	хмель сапфир от грейнрус является ароматным сортом и характеризуется минимальным показателем альфа-кислот. это определяет его основное применение в качестве ароматической добавки. сорт также подходит для придания лёгкой горькости в не горьких стилях пива, например, в пшеничном вайцене или мюнхенском хеллесе, где не требуются высокие значения ibu. краснодарский регион представляет собой самый южный и современный центр хмелеводства в стране, где этот сорт хмеля обрёл вторую родину. краснодар немного южнее по широте знаменитой баварии - родоначальницы сорта, но его географическое положение также позволяет формировать уникальный микроклимат для роста растения. обилие солнечного света и тепла благоприятно влияет на формирование его вкусовых и ароматических качеств. сапфир относится к категории благородных ароматных хмелей. он обладает пониженным уровнем когумулона (в пределах 12-17% от альфа-кислот) и обеспечивает мягкую горчинку. его профиль представляет собой сбалансированное сочетание пряных, цветочных и фруктовых нот. данный хмель преимущественно вносят на поздних стадиях варки, в том числе применяя метод сухого охмеления.	https://бир.рф/shop/3417/desc/khmel-sapfir-saphir-rossija-500-g	2.2-2.6 %		12.0-17.0 %	
560	hop	халлертаур миттельфрю / hallertauer mittelfrüh	powisle	германия	хмель в гранулах универсальный	beer.rf	100.0	г	359.0	rub	классический немецкий хмель подходит для пива в баварском стиле. хмель hallertau mittelfruh отличается интенсивной гармоничной горечью и мягким пряным ароматом с цветочными и цитрусовыми нотками. урожай 2025 | альфа: 4,2 % классический немецкий хмель подходит для пива в баварском стиле. хмель hallertau mittelfruh отличается интенсивной гармоничной горечью и мягким пряным ароматом с цветочными и цитрусовыми нотками. урожай 2025 | альфа: 4,2 %	халлертаур миттельфрю (hallertauer mittelfrüh) - благородный сорт хмеля с богатой историей, происходящей из германии. несмотря на то, что он находится на спаде в производстве, этот сорт все еще остается важным элементом для создания пива в немецком стиле. производство халлертаура миттельфрю сосредоточено в баварии, южном регионе германии, где идеальные климатические условия и плодородные почвы обеспечивают оптимальный рост и развитие хмеля. этот сорт известен своим ароматом и характером, которые придают пиву неповторимый вкус. халлертаур миттельфрю обладает альфа-кислотой в диапазоне от 3,5% до 5,5%. он также содержит высокие концентрации мирцена и кариофиллена, которые отвечают за его пряный аромат и характер. эти масла придают пиву особенную глубину и богатство вкуса, что делает его идеальным для использования в лагерном пиве. хотя халлертаур миттельфрю может быть заменен другими сортами хмеля с аналогичными пивоваренными качествами, его уникальный профиль аромата и характера продолжают привлекать пивоваров и ценителей пива. его использование в пивоварении добавляет особый оттенок и неповторимость в каждый глоток.	https://бир.рф/shop/134/desc/khmel-khallertaur-mittelfrju-hallertauer-mittelfruh-germanija-100-g	3.0-5.5 %	3.0-5.0 %	18.0-28.0 %	0.7-1.3
561	hop	халлертау наггет / hallertau nugget	ign	германия	хмель в гранулах универсальный	beer.rf	500.0	г	840.0	rub	американский сорт хмеля, который начали выращивать в германии. обычно используется для предания горечи, но за счет благородного травянистого аромата можно использовать в конце кипячения и на сухое охмеление. урожай 2025г | альфа кислота 12,5 % американский сорт хмеля, который начали выращивать в германии. обычно используется для предания горечи, но за счет благородного травянистого аромата можно использовать в конце кипячения и на сухое охмеление. урожай 2025г | альфа кислота 12,5 %	хмель наггет (nugget) - один из самых известных и популярных сортов хмеля, который изначально был выведен в сша. однако, благодаря своим уникальным качествам, он быстро завоевал популярность и стал выращиваться также в окрестностях халлертау в германии. одной из главных особенностей хмеля наггет является его сильная, но приятная горечь. содержание альфа-кислот в этом сорте хмеля составляет от 9,0% до 13,0%, что делает его идеальным для использования в начале кипячения пива. при добавлении наггета в ранние стадии кипячения, пивовары могут придать напитку характерную горчинку, которая сбалансированно дополняет вкусовые ноты пива. хмель наггет (nugget) - один из самых известных и популярных сортов хмеля, который изначально был выведен в сша. однако, благодаря своим уникальным качествам, он быстро завоевал популярность и стал выращиваться также в окрестностях халлертау в германии. одной из главных особенностей хмеля наггет является его сильная, но приятная горечь. содержание альфа-кислот в этом сорте хмеля составляет от 9,0% до 13,0%, что делает его идеальным для использования в начале кипячения пива. при добавлении наггета в ранние стадии кипячения, пивовары могут придать напитку характерную горчинку, которая сбалансированно дополняет вкусовые ноты пива. хмель наггет обладает благородным травянистым ароматом. именно поэтому его также можно использовать в конце кипячения и для сухого охмеления. это позволяет подчеркнуть и усилить ароматические характеристики пива, придавая ему более выразительный и насыщенный вкус. наггет является универсальным сортом хмеля, который находит применение в различных стилях пива. его горечь и аромат делают его идеальным выбором для индийского пэйла эля, американского пэйла эля, ipa и других сортов пива, где требуется характерная горечь и аромат. хмель наггет (nugget) - один из самых известных и популярных сортов хмеля, который изначально был выведен в сша. однако, благодаря своим уникальным качествам, он быстро завоевал популярность и стал выращиваться также в окрестностях халлертау в германии. одной из главных особенностей хмеля наггет является его сильная, но приятная горечь. содержание альфа-кислот в этом сорте хмеля составляет от 9,0% до 13,0%, что делает его идеальным для использования в начале кипячения пива. при добавлении наггета в ранние стадии кипячения, пивовары могут придать напитку характерную горчинку, которая сбалансированно дополняет вкусовые ноты пива. хмель наггет обладает благородным травянистым ароматом. именно поэтому его также можно использовать в конце кипячения и для сухого охмеления. это позволяет подчеркнуть и усилить ароматические характеристики пива, придавая ему более выразительный и насыщенный вкус. наггет является универсальным сортом хмеля, который находит применение в различных стилях пива. его горечь и аромат делают его идеальным выбором для индийского пэйла эля, американского пэйла эля, ipa и других сортов пива, где требуется характерная горечь и аромат. кроме того, наггет обладает хорошей хранящейся стабильностью, что делает его популярным выбором среди пивоваров. он сохраняет свои характеристики в течение длительного времени, что позволяет пивовару быть уверенным в качестве и вкусе пива.	https://бир.рф/shop/130/desc/khmel-khallertau-nagget-hallertau-nugget-germanija-500-g	9.0-13.0 %	3.0-5.0 %	24.0-30.0 %	0.9-1.5
562	hop	халлертау наггет / hallertau nugget	ign	германия	хмель в гранулах универсальный	beer.rf	50.0	г	118.0	rub	американский сорт хмеля, который начали выращивать в германии. обычно используется для предания горечи, но за счет благородного травянистого аромата можно использовать в конце кипячения и на сухое охмеление. урожай 2025г | альфа кислота 12,5 % американский сорт хмеля, который начали выращивать в германии. обычно используется для предания горечи, но за счет благородного травянистого аромата можно использовать в конце кипячения и на сухое охмеление. урожай 2025г | альфа кислота 12,5 %	хмель наггет (nugget) - один из самых известных и популярных сортов хмеля, который изначально был выведен в сша. однако, благодаря своим уникальным качествам, он быстро завоевал популярность и стал выращиваться также в окрестностях халлертау в германии. одной из главных особенностей хмеля наггет является его сильная, но приятная горечь. содержание альфа-кислот в этом сорте хмеля составляет от 9,0% до 13,0%, что делает его идеальным для использования в начале кипячения пива. при добавлении наггета в ранние стадии кипячения, пивовары могут придать напитку характерную горчинку, которая сбалансированно дополняет вкусовые ноты пива. хмель наггет (nugget) - один из самых известных и популярных сортов хмеля, который изначально был выведен в сша. однако, благодаря своим уникальным качествам, он быстро завоевал популярность и стал выращиваться также в окрестностях халлертау в германии. одной из главных особенностей хмеля наггет является его сильная, но приятная горечь. содержание альфа-кислот в этом сорте хмеля составляет от 9,0% до 13,0%, что делает его идеальным для использования в начале кипячения пива. при добавлении наггета в ранние стадии кипячения, пивовары могут придать напитку характерную горчинку, которая сбалансированно дополняет вкусовые ноты пива. хмель наггет обладает благородным травянистым ароматом. именно поэтому его также можно использовать в конце кипячения и для сухого охмеления. это позволяет подчеркнуть и усилить ароматические характеристики пива, придавая ему более выразительный и насыщенный вкус. наггет является универсальным сортом хмеля, который находит применение в различных стилях пива. его горечь и аромат делают его идеальным выбором для индийского пэйла эля, американского пэйла эля, ipa и других сортов пива, где требуется характерная горечь и аромат. хмель наггет (nugget) - один из самых известных и популярных сортов хмеля, который изначально был выведен в сша. однако, благодаря своим уникальным качествам, он быстро завоевал популярность и стал выращиваться также в окрестностях халлертау в германии. одной из главных особенностей хмеля наггет является его сильная, но приятная горечь. содержание альфа-кислот в этом сорте хмеля составляет от 9,0% до 13,0%, что делает его идеальным для использования в начале кипячения пива. при добавлении наггета в ранние стадии кипячения, пивовары могут придать напитку характерную горчинку, которая сбалансированно дополняет вкусовые ноты пива. хмель наггет обладает благородным травянистым ароматом. именно поэтому его также можно использовать в конце кипячения и для сухого охмеления. это позволяет подчеркнуть и усилить ароматические характеристики пива, придавая ему более выразительный и насыщенный вкус. наггет является универсальным сортом хмеля, который находит применение в различных стилях пива. его горечь и аромат делают его идеальным выбором для индийского пэйла эля, американского пэйла эля, ipa и других сортов пива, где требуется характерная горечь и аромат. кроме того, наггет обладает хорошей хранящейся стабильностью, что делает его популярным выбором среди пивоваров. он сохраняет свои характеристики в течение длительного времени, что позволяет пивовару быть уверенным в качестве и вкусе пива.	https://бир.рф/shop/132/desc/khmel-khallertau-nagget-hallertau-nugget-germanija-50-g	9.0-13.0 %	3.0-5.0 %	24.0-30.0 %	0.9-1.5
563	hop	халлертау наггет / hallertau nugget	ign	германия	хмель в гранулах универсальный	beer.rf	100.0	г	198.0	rub	американский сорт хмеля, который начали выращивать в германии. обычно используется для предания горечи, но за счет благородного травянистого аромата можно использовать в конце кипячения и на сухое охмеление. урожай 2025г | альфа кислота 12,5 % американский сорт хмеля, который начали выращивать в германии. обычно используется для предания горечи, но за счет благородного травянистого аромата можно использовать в конце кипячения и на сухое охмеление. урожай 2025г | альфа кислота 12,5 %	хмель наггет (nugget) - один из самых известных и популярных сортов хмеля, который изначально был выведен в сша. однако, благодаря своим уникальным качествам, он быстро завоевал популярность и стал выращиваться также в окрестностях халлертау в германии. одной из главных особенностей хмеля наггет является его сильная, но приятная горечь. содержание альфа-кислот в этом сорте хмеля составляет от 9,0% до 13,0%, что делает его идеальным для использования в начале кипячения пива. при добавлении наггета в ранние стадии кипячения, пивовары могут придать напитку характерную горчинку, которая сбалансированно дополняет вкусовые ноты пива. хмель наггет (nugget) - один из самых известных и популярных сортов хмеля, который изначально был выведен в сша. однако, благодаря своим уникальным качествам, он быстро завоевал популярность и стал выращиваться также в окрестностях халлертау в германии. одной из главных особенностей хмеля наггет является его сильная, но приятная горечь. содержание альфа-кислот в этом сорте хмеля составляет от 9,0% до 13,0%, что делает его идеальным для использования в начале кипячения пива. при добавлении наггета в ранние стадии кипячения, пивовары могут придать напитку характерную горчинку, которая сбалансированно дополняет вкусовые ноты пива. хмель наггет обладает благородным травянистым ароматом. именно поэтому его также можно использовать в конце кипячения и для сухого охмеления. это позволяет подчеркнуть и усилить ароматические характеристики пива, придавая ему более выразительный и насыщенный вкус. наггет является универсальным сортом хмеля, который находит применение в различных стилях пива. его горечь и аромат делают его идеальным выбором для индийского пэйла эля, американского пэйла эля, ipa и других сортов пива, где требуется характерная горечь и аромат. хмель наггет (nugget) - один из самых известных и популярных сортов хмеля, который изначально был выведен в сша. однако, благодаря своим уникальным качествам, он быстро завоевал популярность и стал выращиваться также в окрестностях халлертау в германии. одной из главных особенностей хмеля наггет является его сильная, но приятная горечь. содержание альфа-кислот в этом сорте хмеля составляет от 9,0% до 13,0%, что делает его идеальным для использования в начале кипячения пива. при добавлении наггета в ранние стадии кипячения, пивовары могут придать напитку характерную горчинку, которая сбалансированно дополняет вкусовые ноты пива. хмель наггет обладает благородным травянистым ароматом. именно поэтому его также можно использовать в конце кипячения и для сухого охмеления. это позволяет подчеркнуть и усилить ароматические характеристики пива, придавая ему более выразительный и насыщенный вкус. наггет является универсальным сортом хмеля, который находит применение в различных стилях пива. его горечь и аромат делают его идеальным выбором для индийского пэйла эля, американского пэйла эля, ipa и других сортов пива, где требуется характерная горечь и аромат. кроме того, наггет обладает хорошей хранящейся стабильностью, что делает его популярным выбором среди пивоваров. он сохраняет свои характеристики в течение длительного времени, что позволяет пивовару быть уверенным в качестве и вкусе пива.	https://бир.рф/shop/131/desc/khmel-khallertau-nagget-hallertau-nugget-germanija-100-g	9.0-13.0 %	3.0-5.0 %	24.0-30.0 %	0.9-1.5
564	hop	халлертау каскад / hallertau cascade	barth haas group	германия	хмель в гранулах универсальный	beer.rf	500.0	г	931.0	rub	немецкий клон всемирно известного хмеля каскад из сша, обладающий мягкой горечью и ярким ароматом с нотками личи, цветов, грейпфрута. урожай 2025 г. | альфа кислота 6,3 % немецкий клон всемирно известного хмеля каскад из сша, обладающий мягкой горечью и ярким ароматом с нотками личи, цветов, грейпфрута. урожай 2025 г. | альфа кислота 6,3 %	хмель халлертау каскад (hallertau cascade) является немецким клоном известного хмеля каскад из сша. он обладает мягкой горечью и ярким ароматом с нотками личи, цветов и грейпфрута. этот хмель является одним из самых популярных в домашнем и крафтовом пивоварении. халлертау каскад обладает универсальными свойствами благодаря своему характерному цветочно-цитрусовому аромату и очень мягкой горечи. он может использоваться практически в любом стиле пива, но наиболее часто его используют в американских элях. этот хмель имеет интересное происхождение. он родом из германии, из региона халлертау, но его предки прибыли из сша. это объясняет его сходство с американским хмелем каскад. халлертау каскад обладает уникальным сочетанием ароматов, включая личи, цветочные нотки, грейпфрут и другие цитрусовые ароматы. это делает его идеальным выбором для пивоваров, желающих придать своему пиву особый аромат и вкус. этот хмель широко используется в крафтовом пивоварении, где пивовары стремятся создать уникальные и экспериментальные сорта пива. халлертау каскад добавляет пиву освежающую горчинку и яркий аромат, который делает его неповторимым. он также может использоваться в различных стилях пива, таких как пале эль, ipa, apa и других, чтобы придать им дополнительную глубину и характер.	https://бир.рф/shop/1098/desc/khmel-khallertau-kaskad-hallertau-cascade-germanija-500-g	4.5-7.0 %	4.5-7.0 %	33.0-40.0 %	0.7-1.5
565	hop	халлертау каскад / hallertau cascade	barth haas group	германия	хмель в гранулах универсальный	beer.rf	50.0	г	128.0	rub	немецкий клон всемирно известного хмеля каскад из сша, обладающий мягкой горечью и ярким ароматом с нотками личи, цветов, грейпфрута. урожай 2025 г. | альфа кислота 6,3 % немецкий клон всемирно известного хмеля каскад из сша, обладающий мягкой горечью и ярким ароматом с нотками личи, цветов, грейпфрута. урожай 2025 г. | альфа кислота 6,3 %	хмель халлертау каскад (hallertau cascade) является немецким клоном известного хмеля каскад из сша. он обладает мягкой горечью и ярким ароматом с нотками личи, цветов и грейпфрута. этот хмель является одним из самых популярных в домашнем и крафтовом пивоварении. халлертау каскад обладает универсальными свойствами благодаря своему характерному цветочно-цитрусовому аромату и очень мягкой горечи. он может использоваться практически в любом стиле пива, но наиболее часто его используют в американских элях. этот хмель имеет интересное происхождение. он родом из германии, из региона халлертау, но его предки прибыли из сша. это объясняет его сходство с американским хмелем каскад. халлертау каскад обладает уникальным сочетанием ароматов, включая личи, цветочные нотки, грейпфрут и другие цитрусовые ароматы. это делает его идеальным выбором для пивоваров, желающих придать своему пиву особый аромат и вкус. этот хмель широко используется в крафтовом пивоварении, где пивовары стремятся создать уникальные и экспериментальные сорта пива. халлертау каскад добавляет пиву освежающую горчинку и яркий аромат, который делает его неповторимым. он также может использоваться в различных стилях пива, таких как пале эль, ipa, apa и других, чтобы придать им дополнительную глубину и характер.	https://бир.рф/shop/1097/desc/khmel-khallertau-kaskad-hallertau-cascade-germanija-50-g	4.5-7.0 %	4.5-7.0 %	33.0-40.0 %	0.7-1.5
566	hop	халлертау каскад / hallertau cascade	barth haas group	германия	хмель в гранулах универсальный	beer.rf	100.0	г	219.0	rub	немецкий клон всемирно известного хмеля каскад из сша, обладающий мягкой горечью и ярким ароматом с нотками личи, цветов, грейпфрута. урожай 2025 г. | альфа кислота 6,3 % немецкий клон всемирно известного хмеля каскад из сша, обладающий мягкой горечью и ярким ароматом с нотками личи, цветов, грейпфрута. урожай 2025 г. | альфа кислота 6,3 %	хмель халлертау каскад (hallertau cascade) является немецким клоном известного хмеля каскад из сша. он обладает мягкой горечью и ярким ароматом с нотками личи, цветов и грейпфрута. этот хмель является одним из самых популярных в домашнем и крафтовом пивоварении. халлертау каскад обладает универсальными свойствами благодаря своему характерному цветочно-цитрусовому аромату и очень мягкой горечи. он может использоваться практически в любом стиле пива, но наиболее часто его используют в американских элях. этот хмель имеет интересное происхождение. он родом из германии, из региона халлертау, но его предки прибыли из сша. это объясняет его сходство с американским хмелем каскад. халлертау каскад обладает уникальным сочетанием ароматов, включая личи, цветочные нотки, грейпфрут и другие цитрусовые ароматы. это делает его идеальным выбором для пивоваров, желающих придать своему пиву особый аромат и вкус. этот хмель широко используется в крафтовом пивоварении, где пивовары стремятся создать уникальные и экспериментальные сорта пива. халлертау каскад добавляет пиву освежающую горчинку и яркий аромат, который делает его неповторимым. он также может использоваться в различных стилях пива, таких как пале эль, ipa, apa и других, чтобы придать им дополнительную глубину и характер.	https://бир.рф/shop/1096/desc/khmel-khallertau-kaskad-hallertau-cascade-germanija-100-g	4.5-7.0 %	4.5-7.0 %	33.0-40.0 %	0.7-1.5
567	hop	халлертау бланк / hallertau blanc	barth haas group	германия	хмель в гранулах ароматный	beer.rf	500.0	г	1033.0	rub	выведен в германии в 2012 году из сорта каскад для растущего рынка крафтового пивовареня. обладает цветочно-фруктовым ароматом белого вина. урожай 2025 г | альфа кислота 10,2 % выведен в германии в 2012 году из сорта каскад для растущего рынка крафтового пивовареня. обладает цветочно-фруктовым ароматом белого вина. урожай 2025 г | альфа кислота 10,2 %	"халлертау блан (hallertau blanc) - это уникальный сорт хмеля, который был выведен в хьюэлл в 2012 году по заказу пивоваренной отрасли. этот ароматный сорт является родственником известного сорта хмеля каскад, но обладает совершенно новым фруктово-цветочным букетом, напоминающим аромат белого вина. hallertau blanc был создан специально для удовлетворения спроса на смелые и инновационные вкусы в пиве. он идеально подходит для использования в ""новых"" пивных стилях, которые часто создаются с применением техники сухого охмеления. в этой технике хмель добавляется не только во время кипячения сусла, но и во время процесса брожения, чтобы усилить аромат пива. ароматика hallertau blanc насыщена и разнообразна. в ней можно обнаружить нотки винограда, ананаса, крыжовника, лемонграсса и маракуйи. этот сорт хмеля порой сравнивают не с каскадом, а с новозеландским хмелем нельсон совиньон (nelson sauvin), который также обладает сильным ароматом винограда. название hallertau blanc намекает на сходство в ароматике с виноградом сорта совиньон блан. одной из интересных особенностей этого хмеля является его высокое содержание масла мирцена, которое составляет от 60% до 75%. однако это масло очень нестабильно и значительно улетучивается во время кипячения и брожения. поэтому для достижения насыщенного аромата рекомендуется добавлять hallertau blanc в конце кипячения или использовать его для сухого охмеления. важно отметить, что другие масла в этом сорте хмеля находятся в низком диапазоне и их вклад в ароматику практически незначителен. это делает hallertau blanc уникальным и интересным выбором для пивоваров, которые хотят создать пиво с ярким и интенсивным фруктовым ароматом."	https://бир.рф/shop/126/desc/khmel-khallertau-blank-hallertau-blanc-germanija-500-g	9.0-12.0 %	4.5-5.5 %	22.0-26.0 %	1.2-1.5
568	hop	халлертау бланк / hallertau blanc	barth haas group	германия	хмель в гранулах ароматный	beer.rf	50.0	г	139.0	rub	выведен в германии в 2012 году из сорта каскад для растущего рынка крафтового пивоварения. обладает цветочно-фруктовым ароматом белого вина. урожай 2025 г | альфа кислота 9,5 % выведен в германии в 2012 году из сорта каскад для растущего рынка крафтового пивоварения. обладает цветочно-фруктовым ароматом белого вина. урожай 2025 г | альфа кислота 9,5 %	"халлертау блан (hallertau blanc) - это уникальный сорт хмеля, который был выведен в хьюэлл в 2012 году по заказу пивоваренной отрасли. этот ароматный сорт является родственником известного сорта хмеля каскад, но обладает совершенно новым фруктово-цветочным букетом, напоминающим аромат белого вина. hallertau blanc был создан специально для удовлетворения спроса на смелые и инновационные вкусы в пиве. он идеально подходит для использования в ""новых"" пивных стилях, которые часто создаются с применением техники сухого охмеления. в этой технике хмель добавляется не только во время кипячения сусла, но и во время процесса брожения, чтобы усилить аромат пива. ароматика hallertau blanc насыщена и разнообразна. в ней можно обнаружить нотки винограда, ананаса, крыжовника, лемонграсса и маракуйи. этот сорт хмеля порой сравнивают не с каскадом, а с новозеландским хмелем нельсон совиньон (nelson sauvin), который также обладает сильным ароматом винограда. название hallertau blanc намекает на сходство в ароматике с виноградом сорта совиньон блан. одной из интересных особенностей этого хмеля является его высокое содержание масла мирцена, которое составляет от 60% до 75%. однако это масло очень нестабильно и значительно улетучивается во время кипячения и брожения. поэтому для достижения насыщенного аромата рекомендуется добавлять hallertau blanc в конце кипячения или использовать его для сухого охмеления. важно отметить, что другие масла в этом сорте хмеля находятся в низком диапазоне и их вклад в ароматику практически незначителен. это делает hallertau blanc уникальным и интересным выбором для пивоваров, которые хотят создать пиво с ярким и интенсивным фруктовым ароматом."	https://бир.рф/shop/124/desc/khmel-khallertau-blank-hallertau-blanc-germanija-50-g	9.0-12.0 %	4.5-5.5 %	22.0-26.0 %	1.2-1.5
569	hop	халлертау бланк / hallertau blanc	barth haas group	германия	хмель в гранулах ароматный	beer.rf	100.0	г	242.0	rub	выведен в германии в 2012 году из сорта каскад для растущего рынка крафтового пивоварения. обладает цветочно-фруктовым ароматом белого вина. урожай 2025 г | альфа кислота 9,5 % выведен в германии в 2012 году из сорта каскад для растущего рынка крафтового пивоварения. обладает цветочно-фруктовым ароматом белого вина. урожай 2025 г | альфа кислота 9,5 %	"халлертау блан (hallertau blanc) - это уникальный сорт хмеля, который был выведен в хьюэлл в 2012 году по заказу пивоваренной отрасли. этот ароматный сорт является родственником известного сорта хмеля каскад, но обладает совершенно новым фруктово-цветочным букетом, напоминающим аромат белого вина. hallertau blanc был создан специально для удовлетворения спроса на смелые и инновационные вкусы в пиве. он идеально подходит для использования в ""новых"" пивных стилях, которые часто создаются с применением техники сухого охмеления. в этой технике хмель добавляется не только во время кипячения сусла, но и во время процесса брожения, чтобы усилить аромат пива. ароматика hallertau blanc насыщена и разнообразна. в ней можно обнаружить нотки винограда, ананаса, крыжовника, лемонграсса и маракуйи. этот сорт хмеля порой сравнивают не с каскадом, а с новозеландским хмелем нельсон совиньон (nelson sauvin), который также обладает сильным ароматом винограда. название hallertau blanc намекает на сходство в ароматике с виноградом сорта совиньон блан. одной из интересных особенностей этого хмеля является его высокое содержание масла мирцена, которое составляет от 60% до 75%. однако это масло очень нестабильно и значительно улетучивается во время кипячения и брожения. поэтому для достижения насыщенного аромата рекомендуется добавлять hallertau blanc в конце кипячения или использовать его для сухого охмеления. важно отметить, что другие масла в этом сорте хмеля находятся в низком диапазоне и их вклад в ароматику практически незначителен. это делает hallertau blanc уникальным и интересным выбором для пивоваров, которые хотят создать пиво с ярким и интенсивным фруктовым ароматом."	https://бир.рф/shop/125/desc/khmel-khallertau-blank-hallertau-blanc-germanija-100-g	9.0-12.0 %	4.5-5.5 %	22.0-26.0 %	1.2-1.5
570	hop	фаггл / fuggle	barth haas group	великобритания	хмель в гранулах ароматный	beer.rf	500.0	г	1499.0	rub	ароматный сорт хмеля, который является основоположником английского пивоварения. аромат с древесно-травянистыми нотками, который идеально сочетается с английскими портерами, стаутами и битерами. урожай 2025 | альфа 4 % ароматный сорт хмеля, который является основоположником английского пивоварения. аромат с древесно-травянистыми нотками, который идеально сочетается с английскими портерами, стаутами и битерами. урожай 2025 | альфа 4 %	хмель фаггл (fuggle), названный в честь своего основоположника ричарда фаггла, играет значительную роль в истории английского пивоварения. этот сорт хмеля был впервые посажен на землях кента в 1861 году, а уже через 14 лет, в 1875 году, фаггл представил его на рынке под своим именем. с тех пор хмель фаггл завоевал популярность и стал одним из наиболее узнаваемых сортов хмеля, выращиваемых не только в великобритании, но и в других частях европы и америке. одной из главных особенностей хмеля фаггл является его аромат. он содержит 3,5% - 5,5% альфа-кислоты, что делает его идеальным для добавления горечи и аромата в пиво. более ста лет назад, во времена его пика популярности, хмель фаггл использовался в различных стилях английских элей. однако, с течением времени, сорта хмеля с более высоким содержанием альфа-кислоты стали более востребованными, и хмель фаггл постепенно утратил свою позицию на рынке. он содержит значительное количество масла карриофилена и масла фарнезена, что придает готовому пиву травяной и древесный аромат. благодаря своим пивоваренным качествам, хмель фаггл широко применяется в различных стилях английских элей. однако, стоит отметить, что хмель фаггл считается одним из самых низкоурожайных сортов хмеля в великобритании. это объясняется его умеренной устойчивостью к болезням и формированием средних компактных шишек, готовых для сбора урожая в начале и до середины сезона. несмотря на это, пивовары продолжают использовать хмель фаггл в своих рецептах, привнося в свои эли неповторимый характер и аромат.	https://бир.рф/shop/159/desc/khmel-faggl-fuggle-velikobritanija-500-g	3.5-6.5 %	2.0-4.0 %	27.0-33.0 %	0.7-1.1
571	hop	фаггл / fuggle	barth haas group	великобритания	хмель в гранулах ароматный	beer.rf	50.0	г	210.0	rub	ароматный сорт хмеля, который является основоположником английского пивоварения. аромат с древесно-травянистыми нотками, который идеально сочетается с английскими портерами, стаутами и битерами. урожай 2025 | альфа 4 % ароматный сорт хмеля, который является основоположником английского пивоварения. аромат с древесно-травянистыми нотками, который идеально сочетается с английскими портерами, стаутами и битерами. урожай 2025 | альфа 4 %	хмель фаггл (fuggle), названный в честь своего основоположника ричарда фаггла, играет значительную роль в истории английского пивоварения. этот сорт хмеля был впервые посажен на землях кента в 1861 году, а уже через 14 лет, в 1875 году, фаггл представил его на рынке под своим именем. с тех пор хмель фаггл завоевал популярность и стал одним из наиболее узнаваемых сортов хмеля, выращиваемых не только в великобритании, но и в других частях европы и америке. одной из главных особенностей хмеля фаггл является его аромат. он содержит 3,5% - 5,5% альфа-кислоты, что делает его идеальным для добавления горечи и аромата в пиво. более ста лет назад, во времена его пика популярности, хмель фаггл использовался в различных стилях английских элей. однако, с течением времени, сорта хмеля с более высоким содержанием альфа-кислоты стали более востребованными, и хмель фаггл постепенно утратил свою позицию на рынке. он содержит значительное количество масла карриофилена и масла фарнезена, что придает готовому пиву травяной и древесный аромат. благодаря своим пивоваренным качествам, хмель фаггл широко применяется в различных стилях английских элей. однако, стоит отметить, что хмель фаггл считается одним из самых низкоурожайных сортов хмеля в великобритании. это объясняется его умеренной устойчивостью к болезням и формированием средних компактных шишек, готовых для сбора урожая в начале и до середины сезона. несмотря на это, пивовары продолжают использовать хмель фаггл в своих рецептах, привнося в свои эли неповторимый характер и аромат.	https://бир.рф/shop/158/desc/khmel-faggl-fuggle-velikobritanija-50-g	3.5-6.5 %	2.0-4.0 %	27.0-33.0 %	0.7-1.1
572	hop	фаггл / fuggle	barth haas group	великобритания	хмель в гранулах ароматный	beer.rf	100.0	г	354.0	rub	ароматный сорт хмеля, который является основоположником английского пивоварения. аромат с древесно-травянистыми нотками, который идеально сочетается с английскими портерами, стаутами и битерами. урожай 2024 | альфа 3,2 % ароматный сорт хмеля, который является основоположником английского пивоварения. аромат с древесно-травянистыми нотками, который идеально сочетается с английскими портерами, стаутами и битерами. урожай 2024 | альфа 3,2 %	хмель фаггл (fuggle), названный в честь своего основоположника ричарда фаггла, играет значительную роль в истории английского пивоварения. этот сорт хмеля был впервые посажен на землях кента в 1861 году, а уже через 14 лет, в 1875 году, фаггл представил его на рынке под своим именем. с тех пор хмель фаггл завоевал популярность и стал одним из наиболее узнаваемых сортов хмеля, выращиваемых не только в великобритании, но и в других частях европы и америке. одной из главных особенностей хмеля фаггл является его аромат. он содержит 3,5% - 5,5% альфа-кислоты, что делает его идеальным для добавления горечи и аромата в пиво. более ста лет назад, во времена его пика популярности, хмель фаггл использовался в различных стилях английских элей. однако, с течением времени, сорта хмеля с более высоким содержанием альфа-кислоты стали более востребованными, и хмель фаггл постепенно утратил свою позицию на рынке. он содержит значительное количество масла карриофилена и масла фарнезена, что придает готовому пиву травяной и древесный аромат. благодаря своим пивоваренным качествам, хмель фаггл широко применяется в различных стилях английских элей. однако, стоит отметить, что хмель фаггл считается одним из самых низкоурожайных сортов хмеля в великобритании. это объясняется его умеренной устойчивостью к болезням и формированием средних компактных шишек, готовых для сбора урожая в начале и до середины сезона. несмотря на это, пивовары продолжают использовать хмель фаггл в своих рецептах, привнося в свои эли неповторимый характер и аромат.	https://бир.рф/shop/157/desc/khmel-faggl-fuggle-velikobritanija-100-g	3.5-6.5 %	2.0-4.0 %	27.0-33.0 %	0.7-1.1
573	hop	фаворит	чувашхмельпром оао	россия	хмель в гранулах ароматный	beer.rf	500.0	г	1046.0	rub	мягкий и нежный цветочный аромат. во вкусе цветочно-цитрусовые ноты. урожай 2025 г | альфа-кислота: 4.6 %. мягкий и нежный цветочный аромат. во вкусе цветочно-цитрусовые ноты. урожай 2025 г | альфа-кислота: 4.6 %.	хмель фаворит - это российский сорт хмеля, который был выведен в 2007 году. он обладает мягким и нежным цветочным ароматом, который придает пиву особый шарм. вкус этого хмеля отличается цветочно-цитрусовыми нотами, что добавляет освежающей яркости пивным напиткам. это универсальный и надежный сорт хмеля, который подходит для различных стилей пива. рекомендуется экспериментировать с этим сортом, чтобы создать уникальные и вкусные пивные напитки. хмель фаворит является универсальным сортом, который подходит для различных стилей пива. особенно хорошо он сочетается с светлыми лагерами и легкими элями, придавая им дополнительный ароматный акцент. хмель фаворит - это российский сорт хмеля, который был выведен в 2007 году. он обладает мягким и нежным цветочным ароматом, который придает пиву особый шарм. вкус этого хмеля отличается цветочно-цитрусовыми нотами, что добавляет освежающей яркости пивным напиткам. это универсальный и надежный сорт хмеля, который подходит для различных стилей пива. рекомендуется экспериментировать с этим сортом, чтобы создать уникальные и вкусные пивные напитки. хмель фаворит является универсальным сортом, который подходит для различных стилей пива. особенно хорошо он сочетается с светлыми лагерами и легкими элями, придавая им дополнительный ароматный акцент. хмель фаворит рекомендуется добавлять в конце кипячения, чтобы сохранить его ароматные свойства. также его можно использовать для охмеления холодного сусла.	https://бир.рф/shop/28/desc/khmel-favorit-rossija-500-g	3.5-5.5 %	2.5-4.5 %		
574	hop	фаворит	чувашхмельпром оао	россия	хмель в гранулах ароматный	beer.rf	50.0	г	141.0	rub	мягкий и нежный цветочный аромат. во вкусе цветочно-цитрусовые ноты. урожай 2025 г | альфа-кислота: 4.6 %. мягкий и нежный цветочный аромат. во вкусе цветочно-цитрусовые ноты. урожай 2025 г | альфа-кислота: 4.6 %.	хмель фаворит - это российский сорт хмеля, который был выведен в 2007 году. он обладает мягким и нежным цветочным ароматом, который придает пиву особый шарм. вкус этого хмеля отличается цветочно-цитрусовыми нотами, что добавляет освежающей яркости пивным напиткам. это универсальный и надежный сорт хмеля, который подходит для различных стилей пива. рекомендуется экспериментировать с этим сортом, чтобы создать уникальные и вкусные пивные напитки. хмель фаворит является универсальным сортом, который подходит для различных стилей пива. особенно хорошо он сочетается с светлыми лагерами и легкими элями, придавая им дополнительный ароматный акцент. хмель фаворит - это российский сорт хмеля, который был выведен в 2007 году. он обладает мягким и нежным цветочным ароматом, который придает пиву особый шарм. вкус этого хмеля отличается цветочно-цитрусовыми нотами, что добавляет освежающей яркости пивным напиткам. это универсальный и надежный сорт хмеля, который подходит для различных стилей пива. рекомендуется экспериментировать с этим сортом, чтобы создать уникальные и вкусные пивные напитки. хмель фаворит является универсальным сортом, который подходит для различных стилей пива. особенно хорошо он сочетается с светлыми лагерами и легкими элями, придавая им дополнительный ароматный акцент. хмель фаворит рекомендуется добавлять в конце кипячения, чтобы сохранить его ароматные свойства. также его можно использовать для охмеления холодного сусла.	https://бир.рф/shop/26/desc/khmel-favorit-rossija-50-g	3.5-5.5 %	2.5-4.5 %		
575	hop	фаворит	чувашхмельпром оао	россия	хмель в гранулах ароматный	beer.rf	100.0	г	258.0	rub	мягкий и нежный цветочный аромат. во вкусе цветочно-цитрусовые ноты. урожай 2025 г | альфа-кислота: 4.6 %. мягкий и нежный цветочный аромат. во вкусе цветочно-цитрусовые ноты. урожай 2025 г | альфа-кислота: 4.6 %.	хмель фаворит - это российский сорт хмеля, который был выведен в 2007 году. он обладает мягким и нежным цветочным ароматом, который придает пиву особый шарм. вкус этого хмеля отличается цветочно-цитрусовыми нотами, что добавляет освежающей яркости пивным напиткам. это универсальный и надежный сорт хмеля, который подходит для различных стилей пива. рекомендуется экспериментировать с этим сортом, чтобы создать уникальные и вкусные пивные напитки. хмель фаворит является универсальным сортом, который подходит для различных стилей пива. особенно хорошо он сочетается с светлыми лагерами и легкими элями, придавая им дополнительный ароматный акцент. хмель фаворит - это российский сорт хмеля, который был выведен в 2007 году. он обладает мягким и нежным цветочным ароматом, который придает пиву особый шарм. вкус этого хмеля отличается цветочно-цитрусовыми нотами, что добавляет освежающей яркости пивным напиткам. это универсальный и надежный сорт хмеля, который подходит для различных стилей пива. рекомендуется экспериментировать с этим сортом, чтобы создать уникальные и вкусные пивные напитки. хмель фаворит является универсальным сортом, который подходит для различных стилей пива. особенно хорошо он сочетается с светлыми лагерами и легкими элями, придавая им дополнительный ароматный акцент. хмель фаворит рекомендуется добавлять в конце кипячения, чтобы сохранить его ароматные свойства. также его можно использовать для охмеления холодного сусла.	https://бир.рф/shop/27/desc/khmel-favorit-rossija-100-g	3.5-5.5 %	2.5-4.5 %		
576	hop	уилламетт / willamette	yakima chief hops	сша	хмель в гранулах ароматный	beer.rf	500.0	г	2194.0	rub	английский хмель выращенный в сша, который используют обычно для вкуса и аромата в английских и американских пивоваренных рецептах. известен своим мягким, нежно-пряным и цитрусовым ароматом. урожай 2024 г | альфа кислота 5,2 % английский хмель выращенный в сша, который используют обычно для вкуса и аромата в английских и американских пивоваренных рецептах. известен своим мягким, нежно-пряным и цитрусовым ароматом. урожай 2024 г | альфа кислота 5,2 %	хмель уилламетт (willamette) - это уникальный сорт хмеля, который заслуженно пользуется популярностью среди американских пивоваров. названный в честь реки уилламетт, этот сорт был выведен и выпущен в 1976 году министерством сельского хозяйства сша. река уилламетт, протекающая в долине уилламетт, является одной из известных достопримечательностей штатов вашингтон и орегон. уилламетт является триплоидным саженцем хмеля фаггл, считается типичным английским сортом, который формировался десятилетиями в пивоварение. этот сорт хмеля отличается своим ароматом и вкусом, а его низкое содержание альфа-кислот делает его идеальным для добавления в пиво с целью придания ароматических нот, а не горчинки. одной из особенностей уилламетта является его богатое содержание эфирных масел. в нем присутствуют мирцен, гумулен и фарнезен в выше среднего количестве, что придает этому сорту хмеля уникальный травянистый аромат с фруктовыми и цветочными нотами. эта тонкая пряность делает уилламетт идеальным выбором для пивоваров, желающих добавить в свое пиво особый аромат и вкус.	https://бир.рф/shop/226/desc/khmel-uillamett-willamette-ssha-500-g	4.6-6.0 %	3.6-4.2 %	29.0-32.0 %	0.6-1.6
577	hop	бобек / bobek styrian golding b	barth haas group	словения	хмель в гранулах ароматный	beer.rf	500.0	г	1223.0	rub	широко используется для придания пиву благородного аромата, деликатной пикантности и осторожных цветочно-хвойных оттенков. бобек часто используется в бельгийских элях, лагерах, экстра-специальных битерах и пилснерах. урожай 2025 | альфа 3.1 % широко используется для придания пиву благородного аромата, деликатной пикантности и осторожных цветочно-хвойных оттенков. бобек часто используется в бельгийских элях, лагерах, экстра-специальных битерах и пилснерах. урожай 2025 | альфа 3.1 %	бобек (bobek) - это уникальный сорт хмеля, который является результатом скрещивания норзен брюер и теттнангер, однако его рассада имеет неизвестное происхождение. этот сорт считается средним-поздним, и в словении его оптимальное время сбора приходится на период с 28 августа по 5 сентября. одной из особенностей бобека является его интенсивный и приятный хмелевой аромат. этот сорт содержит от 3,5% до 7% α-кислот, а также 28% до 34% гумулона. соотношение между α- и β-кислотами составляет около 1. кроме того, содержание эфирного масла в бобеке варьирует от 0,7% до 4,0% от сухой массы хмеля. важно отметить, что соотношение α-гумулена и β-кариофиллена в эфирном масле составляет около 3. бобек (bobek) - это уникальный сорт хмеля, который является результатом скрещивания норзен брюер и теттнангер, однако его рассада имеет неизвестное происхождение. этот сорт считается средним-поздним, и в словении его оптимальное время сбора приходится на период с 28 августа по 5 сентября. одной из особенностей бобека является его интенсивный и приятный хмелевой аромат. этот сорт содержит от 3,5% до 7% α-кислот, а также 28% до 34% гумулона. соотношение между α- и β-кислотами составляет около 1. кроме того, содержание эфирного масла в бобеке варьирует от 0,7% до 4,0% от сухой массы хмеля. важно отметить, что соотношение α-гумулена и β-кариофиллена в эфирном масле составляет около 3. бобек обладает прекрасной стабильностью при хранении, что является важным фактором для производителей пива. пиво, приготовленное с использованием этого сорта хмеля, обладает отличными органолептическими характеристиками горечи и аромата. благодаря высокому содержанию β-кислоты, бобек придает пиву особенную горчинку и характерный вкус.	https://бир.рф/shop/1471/desc/khmel-bobek-bobek-styrian-golding-b-slovenija-500-g	3.5-7.0 %	4.0-6.1 %	27.0-31.0 %	0.7-4.0
578	hop	бобек / bobek styrian golding b	barth haas group	словения	хмель в гранулах ароматный	beer.rf	50.0	г	171.0	rub	широко используется для придания пиву благородного аромата, деликатной пикантности и осторожных цветочно-хвойных оттенков. бобек часто используется в бельгийских элях, лагерах, экстра-специальных битерах и пилснерах. урожай 2025 | альфа 3.1 % широко используется для придания пиву благородного аромата, деликатной пикантности и осторожных цветочно-хвойных оттенков. бобек часто используется в бельгийских элях, лагерах, экстра-специальных битерах и пилснерах. урожай 2025 | альфа 3.1 %	бобек (bobek) - это уникальный сорт хмеля, который является результатом скрещивания норзен брюер и теттнангер, однако его рассада имеет неизвестное происхождение. этот сорт считается средним-поздним, и в словении его оптимальное время сбора приходится на период с 28 августа по 5 сентября. одной из особенностей бобека является его интенсивный и приятный хмелевой аромат. этот сорт содержит от 3,5% до 7% α-кислот, а также 28% до 34% гумулона. соотношение между α- и β-кислотами составляет около 1. кроме того, содержание эфирного масла в бобеке варьирует от 0,7% до 4,0% от сухой массы хмеля. важно отметить, что соотношение α-гумулена и β-кариофиллена в эфирном масле составляет около 3. бобек (bobek) - это уникальный сорт хмеля, который является результатом скрещивания норзен брюер и теттнангер, однако его рассада имеет неизвестное происхождение. этот сорт считается средним-поздним, и в словении его оптимальное время сбора приходится на период с 28 августа по 5 сентября. одной из особенностей бобека является его интенсивный и приятный хмелевой аромат. этот сорт содержит от 3,5% до 7% α-кислот, а также 28% до 34% гумулона. соотношение между α- и β-кислотами составляет около 1. кроме того, содержание эфирного масла в бобеке варьирует от 0,7% до 4,0% от сухой массы хмеля. важно отметить, что соотношение α-гумулена и β-кариофиллена в эфирном масле составляет около 3. бобек обладает прекрасной стабильностью при хранении, что является важным фактором для производителей пива. пиво, приготовленное с использованием этого сорта хмеля, обладает отличными органолептическими характеристиками горечи и аромата. благодаря высокому содержанию β-кислоты, бобек придает пиву особенную горчинку и характерный вкус.	https://бир.рф/shop/951/desc/khmel-bobek-bobek-styrian-golding-b-slovenija-50-g	3.5-7.0 %	4.0-6.1 %	27.0-31.0 %	0.7-4.0
579	hop	бобек / bobek styrian golding b	barth haas group	словения	хмель в гранулах ароматный	beer.rf	100.0	г	287.0	rub	широко используется для придания пиву благородного аромата, деликатной пикантности и осторожных цветочно-хвойных оттенков. бобек часто используется в бельгийских элях, лагерах, экстра-специальных биттерах и пильснерах. урожай 2025 | альфа 3.1 % широко используется для придания пиву благородного аромата, деликатной пикантности и осторожных цветочно-хвойных оттенков. бобек часто используется в бельгийских элях, лагерах, экстра-специальных биттерах и пильснерах. урожай 2025 | альфа 3.1 %	бобек (bobek) - это уникальный сорт хмеля, который является результатом скрещивания норзен брюер и теттнангер, однако его рассада имеет неизвестное происхождение. этот сорт считается средним-поздним, и в словении его оптимальное время сбора приходится на период с 28 августа по 5 сентября. одной из особенностей бобека является его интенсивный и приятный хмелевой аромат. этот сорт содержит от 3,5% до 7% α-кислот, а также 28% до 34% гумулона. соотношение между α- и β-кислотами составляет около 1. кроме того, содержание эфирного масла в бобеке варьирует от 0,7% до 4,0% от сухой массы хмеля. важно отметить, что соотношение α-гумулена и β-кариофиллена в эфирном масле составляет около 3. бобек (bobek) - это уникальный сорт хмеля, который является результатом скрещивания норзен брюер и теттнангер, однако его рассада имеет неизвестное происхождение. этот сорт считается средним-поздним, и в словении его оптимальное время сбора приходится на период с 28 августа по 5 сентября. одной из особенностей бобека является его интенсивный и приятный хмелевой аромат. этот сорт содержит от 3,5% до 7% α-кислот, а также 28% до 34% гумулона. соотношение между α- и β-кислотами составляет около 1. кроме того, содержание эфирного масла в бобеке варьирует от 0,7% до 4,0% от сухой массы хмеля. важно отметить, что соотношение α-гумулена и β-кариофиллена в эфирном масле составляет около 3. бобек обладает прекрасной стабильностью при хранении, что является важным фактором для производителей пива. пиво, приготовленное с использованием этого сорта хмеля, обладает отличными органолептическими характеристиками горечи и аромата. благодаря высокому содержанию β-кислоты, бобек придает пиву особенную горчинку и характерный вкус.	https://бир.рф/shop/952/desc/khmel-bobek-bobek-styrian-golding-b-slovenija-100-g	3.5-7.0 %	4.0-6.1 %	27.0-31.0 %	0.7-4.0
580	hop	амарилло / amarillo	barth haas group	сша	хмель в гранулах ароматный	beer.rf	500.0	г	2242.0	rub	ароматический сорт хмеля, которому присущ отличительный цветочный, тропический и цитрусовый ароматы, обладает повышенной альфа для горечи. урожай 2025г. | альфа 8,3 %. ароматический сорт хмеля, которому присущ отличительный цветочный, тропический и цитрусовый ароматы, обладает повышенной альфа для горечи. урожай 2025г. | альфа 8,3 %.	хмель амарилло (amarillo), известный своими ароматами цветов, тропиков и цитрусовых, является одним из самых популярных сортов хмеля в мире. этот ароматический сорт хмеля, известный также как amarillo vgxp01 cv., был создан и представлен компанией virgil gamache farms, inc. хмель амарилло имеет множество преимуществ, которые делают его желанным ингредиентом для пивоваров. он обладает повышенным содержанием альфа-кислот, что придает пиву характерную горечь. это особенно важно для любителей пива, которые ценят более интенсивный вкус. однако, помимо горечи, хмель амарилло обладает также уникальным букетом ароматов. цветочные нотки придают пиву свежесть и приятный аромат, тропические оттенки добавляют экзотическую нотку, а цитрусовые ароматы придают пиву освежающий и фруктовый вкус. этот богатый ароматический профиль делает хмель амарилло идеальным выбором для создания различных стилей пива, от светлых эль до ipa.	https://бир.рф/shop/172/desc/khmel-amarillo-amarillo-ssha-500-g	6.1-10.5 %	5.5-7.3 %	20.0-22.0 %	1.0-2.3
581	hop	амарилло / amarillo	barth haas group	сша	хмель в гранулах ароматный	beer.rf	50.0	г	305.0	rub	ароматический сорт хмеля, которому присущ отличительный цветочный, тропический и цитрусовый ароматы, обладает повышенной альфа для горечи. урожай 2025г. | альфа 8,3 %. ароматический сорт хмеля, которому присущ отличительный цветочный, тропический и цитрусовый ароматы, обладает повышенной альфа для горечи. урожай 2025г. | альфа 8,3 %.	хмель амарилло (amarillo), известный своими ароматами цветов, тропиков и цитрусовых, является одним из самых популярных сортов хмеля в мире. этот ароматический сорт хмеля, известный также как amarillo vgxp01 cv., был создан и представлен компанией virgil gamache farms, inc. хмель амарилло имеет множество преимуществ, которые делают его желанным ингредиентом для пивоваров. он обладает повышенным содержанием альфа-кислот, что придает пиву характерную горечь. это особенно важно для любителей пива, которые ценят более интенсивный вкус. однако, помимо горечи, хмель амарилло обладает также уникальным букетом ароматов. цветочные нотки придают пиву свежесть и приятный аромат, тропические оттенки добавляют экзотическую нотку, а цитрусовые ароматы придают пиву освежающий и фруктовый вкус. этот богатый ароматический профиль делает хмель амарилло идеальным выбором для создания различных стилей пива, от светлых эль до ipa.	https://бир.рф/shop/173/desc/khmel-amarillo-amarillo-ssha-50-g	6.1-10.5 %	5.5-7.3 %	20.0-22.0 %	1.0-2.3
582	hop	амарилло / amarillo	barth haas group	сша	хмель в гранулах ароматный	beer.rf	100.0	г	524.0	rub	ароматический сорт хмеля, которому присущ отличительный цветочный, тропический и цитрусовый ароматы, обладает повышенной альфа для горечи. урожай 2025г. | альфа 8,3 %. ароматический сорт хмеля, которому присущ отличительный цветочный, тропический и цитрусовый ароматы, обладает повышенной альфа для горечи. урожай 2025г. | альфа 8,3 %.	хмель амарилло (amarillo), известный своими ароматами цветов, тропиков и цитрусовых, является одним из самых популярных сортов хмеля в мире. этот ароматический сорт хмеля, известный также как amarillo vgxp01 cv., был создан и представлен компанией virgil gamache farms, inc. хмель амарилло имеет множество преимуществ, которые делают его желанным ингредиентом для пивоваров. он обладает повышенным содержанием альфа-кислот, что придает пиву характерную горечь. это особенно важно для любителей пива, которые ценят более интенсивный вкус. однако, помимо горечи, хмель амарилло обладает также уникальным букетом ароматов. цветочные нотки придают пиву свежесть и приятный аромат, тропические оттенки добавляют экзотическую нотку, а цитрусовые ароматы придают пиву освежающий и фруктовый вкус. этот богатый ароматический профиль делает хмель амарилло идеальным выбором для создания различных стилей пива, от светлых эль до ipa.	https://бир.рф/shop/174/desc/khmel-amarillo-amarillo-ssha-100-g	6.1-10.5 %	5.5-7.3 %	20.0-22.0 %	1.0-2.3
583	hop	айдахо 7 / idaho 7	cls yakima valley	сша	хмель в гранулах ароматный	beer.rf	500.0	г	1973.0	rub	современный сорт хмеля, применяется, как правило, для придания аромата в конце кипячения, в вирпуле или на сухое охмеление. в аромате сосна с нотками абрикоса, апельсина, грейпфрута и папая. урожай 2024. альфа кислота: 12.7 %. современный сорт хмеля, применяется, как правило, для придания аромата в конце кипячения, в вирпуле или на сухое охмеление. в аромате сосна с нотками абрикоса, апельсина, грейпфрута и папая. урожай 2024. альфа кислота: 12.7 %.	хмель айдахо 7 (idaho 7) - настоящая находка для пивоваров, и его популярность только растет. этот экспериментальный хмель, выращенный на ферме джексон в штате айдахо, был впервые использован в пивоварении в 2015 году. с тех пор он завоевал сердца многих пивоваров и стал неотъемлемой частью крафтового пивоварения. хмель айдахо 7 (idaho 7) - настоящая находка для пивоваров, и его популярность только растет. этот экспериментальный хмель, выращенный на ферме джексон в штате айдахо, был впервые использован в пивоварении в 2015 году. с тех пор он завоевал сердца многих пивоваров и стал неотъемлемой частью крафтового пивоварения. хмель idaho 7 отличается своим ароматом и характеристиками, которые делают его идеальным для различных стилей пива. большое количество содержания масла мирцена и высокое содержание альфа-кислоты придает ему хорошую горечь. этот хмель идеально подходит для приготовления single hop пива или может быть использован в качестве дополнения при варке ipa, pale ale и американского пшеничного пива. аромат хмеля idaho 7 впечатляет своей яркостью и разнообразием. в нем можно найти острые тропические фрукты, такие как абрикос, апельсин, красный грейпфрут и папайя, а также нотки сосны и намеки на черный чай. этот богатый аромат делает пиво с использованием хмеля idaho 7 неповторимым и привлекательным для ценителей крафтового пива.	https://бир.рф/shop/1025/desc/khmel-ajdakho-7-idaho-7-ssha-500-g	9.5-14.9 %	3.5-5.0 %	30.0-40.0 %	1.0-2.0
584	hop	айдахо 7 / idaho 7	cls yakima valley	сша	хмель в гранулах ароматный	beer.rf	50.0	г	271.0	rub	современный сорт хмеля, применяется, как правило, для придания аромата в конце кипячения, в вирпуле или на сухое охмеление. в аромате сосна с нотками абрикоса, апельсина, грейпфрута и папая. урожай 2025. альфа кислота: 12 %. современный сорт хмеля, применяется, как правило, для придания аромата в конце кипячения, в вирпуле или на сухое охмеление. в аромате сосна с нотками абрикоса, апельсина, грейпфрута и папая. урожай 2025. альфа кислота: 12 %.	хмель айдахо 7 (idaho 7) - настоящая находка для пивоваров, и его популярность только растет. этот экспериментальный хмель, выращенный на ферме джексон в штате айдахо, был впервые использован в пивоварении в 2015 году. с тех пор он завоевал сердца многих пивоваров и стал неотъемлемой частью крафтового пивоварения. хмель айдахо 7 (idaho 7) - настоящая находка для пивоваров, и его популярность только растет. этот экспериментальный хмель, выращенный на ферме джексон в штате айдахо, был впервые использован в пивоварении в 2015 году. с тех пор он завоевал сердца многих пивоваров и стал неотъемлемой частью крафтового пивоварения. хмель idaho 7 отличается своим ароматом и характеристиками, которые делают его идеальным для различных стилей пива. большое количество содержания масла мирцена и высокое содержание альфа-кислоты придает ему хорошую горечь. этот хмель идеально подходит для приготовления single hop пива или может быть использован в качестве дополнения при варке ipa, pale ale и американского пшеничного пива. аромат хмеля idaho 7 впечатляет своей яркостью и разнообразием. в нем можно найти острые тропические фрукты, такие как абрикос, апельсин, красный грейпфрут и папайя, а также нотки сосны и намеки на черный чай. этот богатый аромат делает пиво с использованием хмеля idaho 7 неповторимым и привлекательным для ценителей крафтового пива.	https://бир.рф/shop/205/desc/khmel-ajdakho-7-idaho-7-ssha-50-g	9.5-14.9 %	3.5-5.0 %	30.0-40.0 %	1.0-2.0
585	hop	айдахо 7 / idaho 7	cls yakima valley	сша	хмель в гранулах ароматный	beer.rf	100.0	г	462.0	rub	современный сорт хмеля, применяется, как правило, для придания аромата в конце кипячения, в вирпуле или на сухое охмеление. в аромате сосна с нотками абрикоса, апельсина, грейпфрута и папая. урожай 2024. альфа кислота: 12,7 %. современный сорт хмеля, применяется, как правило, для придания аромата в конце кипячения, в вирпуле или на сухое охмеление. в аромате сосна с нотками абрикоса, апельсина, грейпфрута и папая. урожай 2024. альфа кислота: 12,7 %.	хмель айдахо 7 (idaho 7) - настоящая находка для пивоваров, и его популярность только растет. этот экспериментальный хмель, выращенный на ферме джексон в штате айдахо, был впервые использован в пивоварении в 2015 году. с тех пор он завоевал сердца многих пивоваров и стал неотъемлемой частью крафтового пивоварения. хмель айдахо 7 (idaho 7) - настоящая находка для пивоваров, и его популярность только растет. этот экспериментальный хмель, выращенный на ферме джексон в штате айдахо, был впервые использован в пивоварении в 2015 году. с тех пор он завоевал сердца многих пивоваров и стал неотъемлемой частью крафтового пивоварения. хмель idaho 7 отличается своим ароматом и характеристиками, которые делают его идеальным для различных стилей пива. большое количество содержания масла мирцена и высокое содержание альфа-кислоты придает ему хорошую горечь. этот хмель идеально подходит для приготовления single hop пива или может быть использован в качестве дополнения при варке ipa, pale ale и американского пшеничного пива. аромат хмеля idaho 7 впечатляет своей яркостью и разнообразием. в нем можно найти острые тропические фрукты, такие как абрикос, апельсин, красный грейпфрут и папайя, а также нотки сосны и намеки на черный чай. этот богатый аромат делает пиво с использованием хмеля idaho 7 неповторимым и привлекательным для ценителей крафтового пива.	https://бир.рф/shop/204/desc/khmel-ajdakho-7-idaho-7-ssha-100-g	9.5-14.9 %	3.5-5.0 %	30.0-40.0 %	1.0-2.0
586	hop	азакка / azacca	yakima chief hops	сша	хмель в гранулах универсальный	beer.rf	500.0	г	1973.0	rub	новый американский карликовый хмель из штата вашингтон, выпущенный в 2014 году. обладает нотками цитрусовых и тропических фруктов. урожай 2025 | альфа 11,3 %. новый американский карликовый хмель из штата вашингтон, выпущенный в 2014 году. обладает нотками цитрусовых и тропических фруктов. урожай 2025 | альфа 11,3 %.	азакка (azacca) - это новый американский карликовый хмель, который был представлен пивоварней из штата вашингтон в 2014 году. название этого хмеля происходит от имени гаитянского бога земледелия и отражает его связь с растением и природой. одной из наиболее примечательных особенностей хмеля азакка является его выразительный аромат, в котором преобладают нотки цитрусовых и тропических фруктов. этот хмель обладает сложным и многоуровневым букетом, который включает ароматы манго, папайи, апельсина, грейпфрута, лимона, сосны, специй, ананаса, трав и других тропических фруктов. благодаря своим уникальным ароматическим качествам, хмель азакка стал популярным компонентом в различных стилях пива. он идеально подходит для позднего и сухого внесения, что позволяет сохранить его яркие и свежие ароматы. безусловно, этот хмель может добавить новые слои вкуса и аромата вашему любимому пиву. хмель азакка также проявляет себя великолепно в сочетании с другими сортами хмеля, создавая уникальные и богатые композиции ароматов. благодаря этому, пивовары могут экспериментировать и создавать новые вкусовые профили, которые придадут пиву неповторимый характер.	https://бир.рф/shop/175/desc/khmel-azakka-azacca-ssha-500-g	10.0-16.0 %	4.0-5.5 %	38.0-45.0 %	1.6-2.5
587	hop	азакка / azacca	yakima chief hops	сша	хмель в гранулах универсальный	beer.rf	50.0	г	271.0	rub	новый американский карликовый хмель из штата вашингтон, выпущенный в 2014 году. обладает нотками цитрусовых и тропических фруктов. урожай 2025 | альфа 11,3 %. новый американский карликовый хмель из штата вашингтон, выпущенный в 2014 году. обладает нотками цитрусовых и тропических фруктов. урожай 2025 | альфа 11,3 %.	азакка (azacca) - это новый американский карликовый хмель, который был представлен пивоварней из штата вашингтон в 2014 году. название этого хмеля происходит от имени гаитянского бога земледелия и отражает его связь с растением и природой. одной из наиболее примечательных особенностей хмеля азакка является его выразительный аромат, в котором преобладают нотки цитрусовых и тропических фруктов. этот хмель обладает сложным и многоуровневым букетом, который включает ароматы манго, папайи, апельсина, грейпфрута, лимона, сосны, специй, ананаса, трав и других тропических фруктов. благодаря своим уникальным ароматическим качествам, хмель азакка стал популярным компонентом в различных стилях пива. он идеально подходит для позднего и сухого внесения, что позволяет сохранить его яркие и свежие ароматы. безусловно, этот хмель может добавить новые слои вкуса и аромата вашему любимому пиву. хмель азакка также проявляет себя великолепно в сочетании с другими сортами хмеля, создавая уникальные и богатые композиции ароматов. благодаря этому, пивовары могут экспериментировать и создавать новые вкусовые профили, которые придадут пиву неповторимый характер.	https://бир.рф/shop/177/desc/khmel-azakka-azacca-ssha-50-g	10.0-16.0 %	4.0-5.5 %	38.0-45.0 %	1.6-2.5
588	hop	азакка / azacca	yakima chief hops	сша	хмель в гранулах универсальный	beer.rf	100.0	г	462.0	rub	новый американский карликовый хмель из штата вашингтон, выпущенный в 2014 году. обладает нотками цитрусовых и тропических фруктов. урожай 2025 | альфа 11,3 %. новый американский карликовый хмель из штата вашингтон, выпущенный в 2014 году. обладает нотками цитрусовых и тропических фруктов. урожай 2025 | альфа 11,3 %.	азакка (azacca) - это новый американский карликовый хмель, который был представлен пивоварней из штата вашингтон в 2014 году. название этого хмеля происходит от имени гаитянского бога земледелия и отражает его связь с растением и природой. одной из наиболее примечательных особенностей хмеля азакка является его выразительный аромат, в котором преобладают нотки цитрусовых и тропических фруктов. этот хмель обладает сложным и многоуровневым букетом, который включает ароматы манго, папайи, апельсина, грейпфрута, лимона, сосны, специй, ананаса, трав и других тропических фруктов. благодаря своим уникальным ароматическим качествам, хмель азакка стал популярным компонентом в различных стилях пива. он идеально подходит для позднего и сухого внесения, что позволяет сохранить его яркие и свежие ароматы. безусловно, этот хмель может добавить новые слои вкуса и аромата вашему любимому пиву. хмель азакка также проявляет себя великолепно в сочетании с другими сортами хмеля, создавая уникальные и богатые композиции ароматов. благодаря этому, пивовары могут экспериментировать и создавать новые вкусовые профили, которые придадут пиву неповторимый характер.	https://бир.рф/shop/176/desc/khmel-azakka-azacca-ssha-100-g	10.0-16.0 %	4.0-5.5 %	38.0-45.0 %	1.6-2.5
589	hop	аврора / aurora super styrian	barth haas group	словения	хмель в гранулах универсальный	beer.rf	500.0	г	698.0	rub	высококачественный сорт хмеля, содержащий большое количество горьких веществ. используется для придания пиву горечи и аромата. урожай 2025 | альфа 9,1 % высококачественный сорт хмеля, содержащий большое количество горьких веществ. используется для придания пиву горечи и аромата. урожай 2025 | альфа 9,1 %	аврора (aurora) - это гибридный сорт хмеля, который был создан путем скрещивания сортов норзен брюер и теттнангер. этот сорт хмеля отличается умеренной крепостью и легким хмелевым ароматом. в его профиле вкуса присутствуют древесные и сосновые нотки, которые сочетаются с мятными оттенками, а также легкими фруктовыми и цитрусовыми нюансами. styrian aurora является высококачественным сортом хмеля, содержащим значительное количество горьких веществ. он широко используется для достижения желаемой горечи и аромата в пиве. благодаря своей универсальности, аврора прекрасно сочетается с другими сортами хмеля, что позволяет пивовару создавать уникальные и интересные вкусовые композиции. этот сорт хмеля также пользуется популярностью среди домашних пивоваров, которые любят экспериментировать с разными вкусовыми профилями. аврора отлично подходит для использования в различных стилях пива, включая эль, пилснер, ipa и другие.	https://бир.рф/shop/1652/desc/khmel-avrora-aurora-super-styrian-slovenija-500-g	6.5-9.5 %	3.2-5.5 %	22.0-26.0 %	0.9-1.6
590	hop	аврора / aurora super styrian	barth haas group	словения	хмель в гранулах универсальный	beer.rf	50.0	г	99.0	rub	высококачественный сорт хмеля, содержащий большое количество горьких веществ. используется для придания пиву горечи и аромата. урожай 2025 | альфа 9,1 % высококачественный сорт хмеля, содержащий большое количество горьких веществ. используется для придания пиву горечи и аромата. урожай 2025 | альфа 9,1 %	аврора (aurora) - это гибридный сорт хмеля, который был создан путем скрещивания сортов норзен брюер и теттнангер. этот сорт хмеля отличается умеренной крепостью и легким хмелевым ароматом. в его профиле вкуса присутствуют древесные и сосновые нотки, которые сочетаются с мятными оттенками, а также легкими фруктовыми и цитрусовыми нюансами. styrian aurora является высококачественным сортом хмеля, содержащим значительное количество горьких веществ. он широко используется для достижения желаемой горечи и аромата в пиве. благодаря своей универсальности, аврора прекрасно сочетается с другими сортами хмеля, что позволяет пивовару создавать уникальные и интересные вкусовые композиции. этот сорт хмеля также пользуется популярностью среди домашних пивоваров, которые любят экспериментировать с разными вкусовыми профилями. аврора отлично подходит для использования в различных стилях пива, включая эль, пилснер, ipa и другие.	https://бир.рф/shop/973/desc/khmel-avrora-aurora-super-styrian-slovenija-50-g	6.5-9.5 %	3.2-5.5 %	22.0-26.0 %	0.9-1.6
591	hop	аврора / aurora super styrian	barth haas group	словения	хмель в гранулах универсальный	beer.rf	100.0	г	167.0	rub	высококачественный сорт хмеля, содержащий большое количество горьких веществ. используется для придания пиву горечи и аромата. урожай 2025 | альфа 9,1 % высококачественный сорт хмеля, содержащий большое количество горьких веществ. используется для придания пиву горечи и аромата. урожай 2025 | альфа 9,1 %	аврора (aurora) - это гибридный сорт хмеля, который был создан путем скрещивания сортов норзен брюер и теттнангер. этот сорт хмеля отличается умеренной крепостью и легким хмелевым ароматом. в его профиле вкуса присутствуют древесные и сосновые нотки, которые сочетаются с мятными оттенками, а также легкими фруктовыми и цитрусовыми нюансами. styrian aurora является высококачественным сортом хмеля, содержащим значительное количество горьких веществ. он широко используется для достижения желаемой горечи и аромата в пиве. благодаря своей универсальности, аврора прекрасно сочетается с другими сортами хмеля, что позволяет пивовару создавать уникальные и интересные вкусовые композиции. этот сорт хмеля также пользуется популярностью среди домашних пивоваров, которые любят экспериментировать с разными вкусовыми профилями. аврора отлично подходит для использования в различных стилях пива, включая эль, пилснер, ipa и другие.	https://бир.рф/shop/1651/desc/khmel-avrora-aurora-super-styrian-slovenija-100-g	6.5-9.5 %	3.2-5.5 %	22.0-26.0 %	0.9-1.6
