	item_type	clean_name	brand	country	subtype	source_domain	weight	units	price	currency	description	full_description	url	color	extract	protein	share	kolbach	diastatic
0	malt	курский овсяный голозерный	курский солод	россия		grainrus	5.0	кг	619.0	rub	солод овсяный специальный российский, овсяный голозерный, курский солод, мешок 5 кг		https://malt.ru/catalog/solod/ovsyanyy-golozernyy-solod-5/	15.0 ebc					
1	malt	курский овсяный голозерный	курский солод	россия		grainrus	1.0	кг	140.0	rub	солод овсяный специальный российский, овсяный голозерный, курский солод, мешок 1 кг		https://malt.ru/catalog/solod/ovsyanyy-golozernyy-solod/	15.0 ebc					
2	malt	курский копченый на буке	ностерс			grainrus	25.0	кг	3251.0	rub	солод ячменный специальный российский, копченый, ностерс, мешок 25 кг		https://malt.ru/catalog/solod/solod-yachmennyy-spetsialnyy-rossiyskiy-kopchenyy-nosters-meshok-25-kg/	3.4-4.6 ebc					
3	malt	курский висковый	курский солод	россия		grainrus	25.0	кг	2996.0	rub	солод ячменный светлый российский, висковый, курский солод, мешок 25 кг		https://malt.ru/catalog/solod/solod-yachmennyy-svetlyy-rossiyskiy-viskovyy-kurskiy-solod-meshok-25-kg/	3.5-4.5 ebc					
4	malt	ячмень жженый 900	курский солод	россия	солод жженый > 500 ebc	beer.rf	1.0	кг	154.08	rub	используется для темных сортов пива, придает глубокий насыщенный темный цвет пиву, а также привносит в аромат нотки кофе, поджаренных орехов. цвет: 900 ebc используется для темных сортов пива, придает глубокий насыщенный темный цвет пиву, а также привносит в аромат нотки кофе, поджаренных орехов. цвет: 900 ebc	ячмень жженый 900 - используется для приготовления темных сортов пива, который придает возможность удивить насыщенным темным оттенком и уникальным ароматом. его применение позволяет напитку получить глубокий и насыщенный темный цвет, а также внести в гамму ароматов приятные ноты кофе и поджаренных орехов. не следует забывать, что его цвет составляет 900 ebc и он готовится с применением метода обжаривания при контролируемой температуре, не превышающей 220°с. благодаря этому процессу солод обретает насыщенный оттенок темного шоколада, который в дальнейшем придает неповторимый аромат пиву, напоминающий кофе с орехами. стоит также отметить, что данный вид солода находит применение в приготовлении различных темных, крепких и черных сортов пива, таких как портер, коричневый эль или стаут.	https://бир.рф/shop/1641/desc/jachmen-zhzhenyj-900-kurskij-solod-1-kg	900.0 ebc	70.0 %		5.0 %		
5	malt	курский пшеничный темный	курский солод	россия		grainrus	25.0	кг	2486.0	rub	солод пшеничный специальный российский, темный, курский солод, мешок 25 кг		https://malt.ru/catalog/solod/solod-pshenichnyy-spetsialnyy-rossiyskiy-temnyy-kurskiy-solod-meshok-25-kg/	400.0-1000.0 ebc					
6	malt	ячмень жженый / roasted barley	weyermann	германия	солод жженый > 500 ebc	beer.rf	0.25	кг	74.25	rub	несоложенное зерно ячменя имеет насыщенный жареный аромат. отлично подходит для стаутов и других темных сортов пива. цвет: 1000 - 1300 ebc несоложенное зерно ячменя имеет насыщенный жареный аромат. отлично подходит для стаутов и других темных сортов пива. цвет: 1000 - 1300 ebc	weyermann ® roasted barley произведен из качественного ярового ячменя. медленно и тщательно обжаривается в барабанном аппарате. в результате получается равномерно обжаренное специальное зерно. придает много темного цвета и чистую глубину аромата очень темным напиткам. аромат: типичный жареный аромат; ноты кофе и какао. стили пива: ирландский сухой стаут, имперский стаут, различные портеры и стауты.	https://бир.рф/shop/722/desc/jachmen-zhzhenyj-roasted-barley-weyermann-250-g	1093.2 ebc					
7	malt	курский висковый	курский солод	россия		grainrus	5.0	кг	687.0	rub	солод ячменный светлый российский, висковый, курский солод, мешок 5 кг		https://malt.ru/catalog/solod/solod-yachmennyy-svetlyy-rossiyskiy-viskovyy-kurskiy-solod-meshok-5-kg/	3.5-4.5 ebc					
8	malt	курский копченый на буке	ностерс			grainrus	5.0	кг	746.0	rub	солод ячменный специальный российский, копченый, ностерс, мешок 5 кг		https://malt.ru/catalog/solod/solod-yachmennyy-spetsialnyy-rossiyskiy-kopchenyy-nosters-meshok-5-kg/	3.4-4.6 ebc					
9	malt	шато дистиллинг / distilling	castle malting	бельгия	солод вискарный	beer.rf	5.0	кг	1165.5	rub	солод предназначен для производства виски и других крепких спиртных напитков премиального качества. дает высокую бродильную активность, соответствующую ферментативность и уровень растворимого азота. цвет: 2,5-4 ebc солод предназначен для производства виски и других крепких спиртных напитков премиального качества. дает высокую бродильную активность, соответствующую ферментативность и уровень растворимого азота. цвет: 2,5-4 ebc	"солод шато дистиллинг («дистилляционный») предназначен для создания премиальных виски и других крепких алкогольных напитков. он обладает высокой бродильной активностью, отвечающей требуемому уровню ферментации и растворимого азота. цвет солода составляет 2,5-4 ebc. в процессе его производства ячмень подвергается дополнительному замачиванию, чтобы достичь повышенной влажности зерна в диапазоне 44-46%. затем солод проращивается в течение пяти дней при температуре 12°c-16°c. после этого происходит обсушка при температуре 50°-60°c, с последующим повышением до 70°-75°c. свойства солода шато дистиллинг делают его идеальным базовым компонентом для создания виски высшего качества. он также может использоваться в качестве основы для приготовления браги с содержанием до 100%."""	https://бир.рф/shop/73/desc/solod-shato-distilling-distilling-castle-malting-5-kg	2.5-4.0 ebc	80.0 %			35.0-40.0	
10	malt	курский копченый на буке	ностерс			grainrus	5.0	кг	788.0	rub	солод ячменный специальный российский, дроблёный, копченый, ностерс, мешок 5 кг		https://malt.ru/catalog/solod/solod-yachmennyy-spetsialnyy-rossiyskiy-droblyenyy-kopchenyy-nosters-meshok-5-kg/	3.4-4.6 ebc					
12	malt	курский карамельный 250	курский солод	россия		grainrus	5.0	кг	600.0	rub	солод ячменный специальный российский, карамельный, 250, курский солод, мешок 5 кг		https://malt.ru/catalog/solod/karamelnyy-250_3/	230.0-270.0 ebc					
14	malt	курский карамельный 300	курский солод	россия		grainrus	5.0	кг	724.0	rub	солод ячменный специальный российский, дробленый, карамельный, 300, курский солод, мешок 5 кг		https://malt.ru/catalog/solod/karamelnyy-300-molotyy_1/	280.0-320.0 ebc					
16	malt	курский пилзнер премиум	курский солод	россия		grainrus	25.0	кг	2529.0	rub	солод ячменный светлый российский, премиум, курский солод, мешок 25 кг		https://malt.ru/catalog/solod/pilzner-premium/	3.7 ebc					
18	malt	castle malting crystal	castle malting	бельгия		grainrus	25.0	кг	4763.0	rub	солод ячменный специальный импортный, crystal, 150, castle malting, мешок 25 кг		https://malt.ru/catalog/solod/kara-kristal/	140.0-160.0 ebc					
19	malt	карамельный castle malting cara terra	castle malting	бельгия		grainrus	25.0	кг	5089.0	rub	солод ячменный специальный импортный, cara terra, castle malting, мешок 25 кг		https://malt.ru/catalog/solod/kara-terra/	170.0-220.0 ebc					
22	malt	курский ржаной ферментированный	органик фуд			grainrus	25.0	кг	2316.0	rub	солод ржаной специальный российский, ферментированный, ржаной, органик фуд, мешок 25 кг		https://malt.ru/catalog/solod/solod-rzhanoy-spetsialnyy-rossiyskiy-fermentirovannyy-rzhanoy-organik-fud-meshok-25-kg/						
24	malt	курский ржаной неферментированный	органик фуд			grainrus	25.0	кг	2486.0	rub	солод ржаной специальный российский, неферментированный, дробленый, ржаной, органик фуд, мешок 25 кг		https://malt.ru/catalog/solod/solod-rzhanoy-spetsialnyy-rossiyskiy-nefermentirovannyy-droblenyy-rzhanoy-organik-fud-meshok-25-kg/						
26	malt	курский ржаной неферментированный	органик фуд			grainrus	25.0	кг	2316.0	rub	солод ржаной специальный российский, неферментированный, ржаной, органик фуд, мешок 25 кг		https://malt.ru/catalog/solod/solod-rzhanoy-spetsialnyy-rossiyskiy-nefermentirovannyy-rzhanoy-organik-fud-meshok-25-kg/						
28	malt	курский ржаной ферментированный	органик фуд			grainrus	5.0	кг	540.0	rub	солод ржаной специальный российский, ферментированный, дробленый, ржаной, органик фуд, мешок 5 кг		https://malt.ru/catalog/solod/solod-rzhanoy-spetsialnyy-rossiyskiy-fermentirovannyy-droblenyy-rzhanoy-organik-fud-meshok-5-kg/						
30	malt	курский ржаной ферментированный	органик фуд			grainrus	5.0	кг	506.0	rub	солод ржаной специальный российский, ферментированный, ржаной, органик фуд, мешок 5 кг		https://malt.ru/catalog/solod/solod-rzhanoy-spetsialnyy-rossiyskiy-fermentirovannyy-rzhanoy-organik-fud-meshok-5-kg/						
33	malt	курский ржаной ферментированный	органик фуд			grainrus	1.0	кг	128.0	rub	солод ржаной специальный российский, ферментированный, дробленый, ржаной, органик фуд, мешок 1 кг		https://malt.ru/catalog/solod/solod-rzhanoy-spetsialnyy-rossiyskiy-fermentirovannyy-droblenyy-rzhanoy-organik-fud-meshok-1-kg/						
34	malt	castle malting munich	castle malting	бельгия		grainrus	5.0	кг	935.0	rub	солод ячменный специальный импортный, munich malt, castle malting, мешок 5 кг		https://malt.ru/catalog/solod/myunkhenskiy-5/	21.0-28.0 ebc					
37	malt	castle malting cafe light	castle malting	бельгия		grainrus	5.0	кг	1211.0	rub	солод ячменный специальный импортный, cafe light, castle malting, мешок 5 кг		https://malt.ru/catalog/solod/solod-yachmennyy-spetsialnyy-importnyy-cafe-light-castle-malting-meshok-5-kg/	220.0-280.0 ebc					
39	malt	castle malting wheat blanc	castle malting	бельгия		grainrus	5.0	кг	891.0	rub	солод пшеничный специальный импортный, wheat blanc, castle malting, мешок 5 кг		https://malt.ru/catalog/solod/solod-pshenichnyy-spetsialnyy-importnyy-wheat-blanc-castle-malting-meshok-5-kg/	5.5 ebc					
42	malt	castle malting arome	castle malting	бельгия		grainrus	5.0	кг	960.0	rub	солод ячменный светлый импортный, arome, castle malting, мешок 5 кг		https://malt.ru/catalog/solod/solod-yachmennyy-svetlyy-importnyy-arome-castle-malting-meshok-5-kg/	95.0-105.0 ebc					
44	malt	castle malting pale ale	castle malting	бельгия		grainrus	5.0	кг	903.0	rub	солод ячменный светлый импортный, pale ale, castle malting, мешок 5 кг		https://malt.ru/catalog/solod/solod-yachmennyy-svetlyy-importnyy-pale-ale-castle-malting-meshok-5-kg/	7.0-10.0 ebc					
46	malt	castle malting pilsen	castle malting	бельгия		grainrus	5.0	кг	886.0	rub	солод ячменный светлый импортный, pilsner malt, castle malting, мешок 5 кг		https://malt.ru/catalog/solod/solod-yachmennyy-svetlyy-importnyy-pilsner-malt-castle-malting-meshok-5-kg/	3.0-4.0 ebc					
48	malt	castle malting vienna	castle malting	бельгия		grainrus	5.0	кг	897.0	rub	солод ячменный светлый импортный, vienna malt, castle malting, мешок 5 кг		https://malt.ru/catalog/solod/solod-yachmennyy-svetlyy-importnyy-vienna-malt-castle-malting-meshok-5-kg/	4.0-7.0 ebc					
49	malt	карамельный castle malting cara blond	castle malting	бельгия		grainrus	5.0	кг	1012.0	rub	солод ячменный специальный импортный, cara blond, castle malting, мешок 5 кг		https://malt.ru/catalog/solod/solod-yachmennyy-spetsialnyy-importnyy-cara-blond-castle-malting-meshok-5-kg/	17.0-24.0 ebc					
51	malt	карамельный castle malting cara clair	castle malting	бельгия		grainrus	5.0	кг	1006.0	rub	солод ячменный специальный импортный, cara clair, castle malting, мешок 5 кг		https://malt.ru/catalog/solod/solod-yachmennyy-spetsialnyy-importnyy-cara-clair-castle-malting-meshok-5-kg/	9.0 ebc					
53	malt	карамельный castle malting cara gold	castle malting	бельгия		grainrus	5.0	кг	1014.0	rub	солод ячменный специальный импортный, cara gold, 120, castle malting, мешок 5 кг		https://malt.ru/catalog/solod/solod-yachmennyy-spetsialnyy-importnyy-cara-gold-120-castle-malting-meshok-5-kg/	110.0-130.0 ebc					
56	malt	карамельный castle malting cara terra	castle malting	бельгия		grainrus	5.0	кг	1069.0	rub	солод ячменный специальный импортный, cara terra, castle malting, мешок 5 кг		https://malt.ru/catalog/solod/solod-yachmennyy-spetsialnyy-importnyy-cara-terra-castle-malting-meshok-5-kg/	170.0-220.0 ebc					
57	malt	castle malting special b	castle malting	бельгия		grainrus	5.0	кг	1089.0	rub	солод ячменный специальный импортный, special b, castle malting, мешок 5 кг		https://malt.ru/catalog/solod/solod-yachmennyy-spetsialnyy-importnyy-special-b-castle-malting-meshok-5-kg/	260.0-320.0 ebc					
59	malt	castle malting chocolat	castle malting	бельгия		grainrus	5.0	кг	1069.0	rub	солод ячменный специальный импортный, chocolate malt, 900, castle malting, мешок 5 кг		https://malt.ru/catalog/solod/solod-yachmennyy-spetsialnyy-importnyy-chocolate-malt-900-castle-malting-meshok-5-kg/	900.0-1100.0 ebc					
62	malt	курский ржаной неферментированный	органик фуд			grainrus	5.0	кг	506.0	rub	солод ржаной специальный российский, неферментированный, ржаной, органик фуд, мешок 5 кг		https://malt.ru/catalog/solod/solod-rzhanoy-spetsialnyy-rossiyskiy-nefermentirovannyy-rzhanoy-organik-fud-meshok-5-kg/						
63	malt	castle malting cafe	castle malting	бельгия		grainrus	5.0	кг	1049.0	rub	солод ячменный специальный импортный, cafe, castle malting, мешок 5 кг		https://malt.ru/catalog/solod/solod-yachmennyy-spetsialnyy-importnyy-cafe-castle-malting-meshok-5-kg/	420.0-520.0 ebc					
65	malt	castle malting abbey	castle malting	бельгия		grainrus	5.0	кг	949.0	rub	солод ячменный светлый импортный, abbey, castle malting, мешок 5 кг		https://malt.ru/catalog/solod/solod-yachmennyy-svetlyy-importnyy-abbey-castle-malting-meshok-5-kg/	41.0-49.0 ebc					
67	malt	castle malting crystal	castle malting	бельгия		grainrus	5.0	кг	1000.0	rub	солод ячменный специальный импортный, crystal, 150, castle malting, мешок 5 кг		https://malt.ru/catalog/solod/solod-yachmennyy-spetsialnyy-importnyy-crystal-150-castle-malting-meshok-5-kg/	140.0-160.0 ebc					
69	malt	castle malting melano	castle malting	бельгия		grainrus	5.0	кг	955.0	rub	солод ячменный специальный импортный, melano chateu malt, castle malting, мешок 5 кг		https://malt.ru/catalog/solod/solod-yachmennyy-spetsialnyy-importnyy-melano-chateu-malt-castle-malting-meshok-5-kg/	36.0-44.0 ebc					
70	malt	курский овсяный голозерный	курский солод	россия		grainrus	25.0	кг	2699.0	rub	солод овсяный специальный российский, овсяный голозерный, курский солод, мешок 25 кг		https://malt.ru/catalog/solod/ovsyanyy-golozernyy-solod-25/	15.0 ebc					
72	malt	курский пилзнер	курский солод	россия		grainrus	5.0	кг	564.0	rub	солод ячменный светлый российский, дробленый, светлый пилснер, курский солод, мешок 5 кг		https://malt.ru/catalog/solod/pilzner_10/	3.5-4.5 ebc					
74	malt	курский пэйл эль	курский солод	россия		grainrus	5.0	кг	531.0	rub	солод ячменный светлый российский, пэйл эль, курский солод, мешок 5 кг		https://malt.ru/catalog/solod/peyl-el_6/	5.5-6.5 ebc					
76	malt	курский карамельный 50	курский солод	россия		grainrus	5.0	кг	637.0	rub	солод ячменный специальный российский, дробленый, карамельный, 50, курский солод, мешок 5 кг		https://malt.ru/catalog/solod/karamelnyy-50-molotyy_1/	40.0-60.0 ebc					
78	malt	курский карамельный 150	курский солод	россия		grainrus	5.0	кг	647.0	rub	солод ячменный специальный российский, дробленый, карамельный, 150, курский солод, мешок 5 кг		https://malt.ru/catalog/solod/karamelnyy-150-molotyy/	140.0-160.0 ebc					
79	malt	курский карамельный 250	курский солод	россия		grainrus	5.0	кг	724.0	rub	солод ячменный специальный российский, дробленый, карамельный, 250, курский солод, мешок 5 кг		https://malt.ru/catalog/solod/karamelnyy-250-molotyy/	230.0-270.0 ebc					
81	malt	курский шоколадный 900	курский солод	россия		grainrus	5.0	кг	857.0	rub	солод ячменный специальный российский, дробленый, шоколадный, курский солод, мешок 5 кг		https://malt.ru/catalog/solod/shokoladnyy-900-molotyy/	800.0-1000.0 ebc					
83	malt	курский жжёный 1400	курский солод	россия		grainrus	5.0	кг	814.0	rub	солод ячменный специальный российский, жженый, 1400, курский солод, мешок 5 кг		https://malt.ru/catalog/solod/zhzhyenyy-1400-molotyy/	1300.0-1500.0 ebc					
86	malt	курский карамельный 50	курский солод	россия		grainrus	1.0	кг	145.0	rub	солод ячменный специальный российский, дробленый, карамельный, 50, курский солод, мешок 1 кг		https://malt.ru/catalog/solod/karamelnyy-50-molotyy/	40.0-60.0 ebc					
88	malt	курский карамельный 150	курский солод	россия		grainrus	1.0	кг	146.0	rub	солод ячменный специальный российский, дробленый, карамельный, 150, курский солод, мешок 1 кг		https://malt.ru/catalog/solod/karamelnyy-150-molotyy_1/	140.0-160.0 ebc					
89	malt	курский карамельный 50	курский солод	россия		grainrus	5.0	кг	594.0	rub	солод ячменный специальный российский, карамельный, 50, курский солод, мешок 5 кг		https://malt.ru/catalog/solod/karamelnyy-50_3/	40.0-60.0 ebc					
92	malt	курский карамельный 50	курский солод	россия		grainrus	1.0	кг	136.0	rub	солод ячменный специальный российский, карамельный, 50, курский солод, мешок 1 кг		https://malt.ru/catalog/solod/karamelnyy-50_4/	40.0-60.0 ebc					
93	malt	курский карамельный 100	курский солод	россия		grainrus	5.0	кг	594.0	rub	солод ячменный специальный российский, карамельный, 100, курский солод, мешок 5 кг		https://malt.ru/catalog/solod/karamelnyy-100_2/	90.0-110.0 ebc					
96	malt	курский карамельный 100	курский солод	россия		grainrus	1.0	кг	136.0	rub	солод ячменный специальный российский, карамельный, 100, курский солод, мешок 1 кг		https://malt.ru/catalog/solod/karamelnyy-100_3/	90.0-110.0 ebc					
97	malt	курский карамельный 150	курский солод	россия		grainrus	1.0	кг	136.0	rub	солод ячменный специальный российский, карамельный, 150, курский солод, мешок 1 кг		https://malt.ru/catalog/solod/karamelnyy-150_2/	140.0-160.0 ebc					
100	malt	курский карамельный 200	курский солод	россия		grainrus	1.0	кг	136.0	rub	солод ячменный специальный российский, карамельный, 200, курский солод, мешок 1 кг		https://malt.ru/catalog/solod/karamelnyy-200_3/	190.0-210.0 ebc					
102	malt	курский карамельный 250	курский солод	россия		grainrus	1.0	кг	136.0	rub	солод ячменный специальный российский, карамельный, 250, курский солод, мешок 1 кг		https://malt.ru/catalog/solod/karamelnyy-250_2/	230.0-270.0 ebc					
103	malt	курский карамельный 300	курский солод	россия		grainrus	1.0	кг	136.0	rub	солод ячменный специальный российский, карамельный, 300, курский солод, мешок 1 кг		https://malt.ru/catalog/solod/karamelnyy-300_2/	280.0-320.0 ebc					
105	malt	курский карамельный 300	курский солод	россия		grainrus	5.0	кг	604.0	rub	солод ячменный специальный российский, карамельный, 300, курский солод, мешок 5 кг		https://malt.ru/catalog/solod/karamelnyy-300_3/	280.0-320.0 ebc					
107	malt	курский шоколадный 900	курский солод	россия		grainrus	1.0	кг	182.0	rub	солод ячменный специальный российский, шоколадный, курский солод, мешок 1 кг		https://malt.ru/catalog/solod/shokoladnyy-900_2/	800.0-1000.0 ebc					
108	malt	курский гречишный	курский солод	россия		grainrus	1.0	кг	196.0	rub	солод гречишный специальный российский, гречишный, курский солод, мешок 1 кг		https://malt.ru/catalog/solod/grechishnyy_1/	4.0-15.0 ebc					
110	malt	курский карамельный 100	курский солод	россия		grainrus	1.0	кг	145.0	rub	солод ячменный специальный российский, дробленый, карамельный, 100, курский солод, мешок 1 кг		https://malt.ru/catalog/solod/karamelnyy-100-molotyy_1/	90.0-110.0 ebc					
112	malt	курский карамельный 250	курский солод	россия		grainrus	1.0	кг	146.0	rub	солод ячменный специальный российский, дробленый, карамельный, 250, курский солод, мешок 1 кг		https://malt.ru/catalog/solod/karamelnyy-250-molotyy_1/	230.0-270.0 ebc					
114	malt	курский карамельный 300	курский солод	россия		grainrus	1.0	кг	146.0	rub	солод ячменный специальный российский, дробленый, карамельный, 300, курский солод, мешок 1 кг		https://malt.ru/catalog/solod/karamelnyy-300-molotyy/	280.0-320.0 ebc					
116	malt	курский шоколадный 900	курский солод	россия		grainrus	1.0	кг	193.0	rub	солод ячменный специальный российский, дробленый, шоколадный, курский солод, мешок 1 кг		https://malt.ru/catalog/solod/shokoladnyy-900-molotyy_1/	800.0-1000.0 ebc					
118	malt	курский жжёный 1400	курский солод	россия		grainrus	1.0	кг	181.0	rub	солод ячменный специальный российский, дробленый, жженый, 1400, курский солод, мешок 1 кг		https://malt.ru/catalog/solod/zhzhyenyy-1400-molotyy_1/	1300.0-1500.0 ebc					
120	malt	курский жжёный 1400	курский солод	россия		grainrus	5.0	кг	857.0	rub	солод ячменный специальный российский, дробленый, жженый, 1400, курский солод, мешок 5 кг		https://malt.ru/catalog/solod/zhzhyenyy-1400_1/	1300.0-1500.0 ebc					
123	malt	курский жжёный 1400	курский солод			grainrus	1.0	кг		rub	солод ячменный специальный российский, жженый, 1400, курский солод, мешок 1 кг		https://malt.ru/catalog/solod/zhzhyenyy-1400_2/	1300.0-1500.0 ebc					
124	malt	курский карамельный 200	курский солод	россия		grainrus	1.0	кг	146.0	rub	солод ячменный специальный российский, дробленый, карамельный, 200, курский солод, мешок 1 кг		https://malt.ru/catalog/solod/karamelnyy-200-molotyy_1/	190.0-210.0 ebc					
126	malt	курский шоколадный 900	курский солод	россия		grainrus	5.0	кг	814.0	rub	солод ячменный специальный российский, шоколадный, курский солод, мешок 5 кг		https://malt.ru/catalog/solod/shokoladnyy-900_3/	800.0-1000.0 ebc					
128	malt	курский гречишный	курский солод	россия		grainrus	5.0	кг	868.0	rub	солод гречишный специальный российский, гречишный, курский солод, мешок 5 кг		https://malt.ru/catalog/solod/grechishnyy_2/	4.0-15.0 ebc					
130	malt	курский карамельный 150	курский солод	россия		grainrus	25.0	кг	2635.0	rub	солод ячменный специальный российский, карамельный, 150, курский солод, мешок 25 кг		https://malt.ru/catalog/solod/karamelnyy-150/	140.0-160.0 ebc					
132	malt	курский карамельный 200	курский солод	россия		grainrus	25.0	кг	2635.0	rub	солод ячменный специальный российский, карамельный, 200, курский солод, мешок 25 кг		https://malt.ru/catalog/solod/karamelnyy-200/	190.0-210.0 ebc					
134	malt	курский карамельный 250	курский солод	россия		grainrus	25.0	кг	2635.0	rub	солод ячменный специальный российский, карамельный, 250, курский солод, мешок 25 кг		https://malt.ru/catalog/solod/karamelnyy-250_1/	230.0-270.0 ebc					
137	malt	курский карамельный 300	курский солод	россия		grainrus	25.0	кг	2635.0	rub	солод ячменный специальный российский, карамельный, 300, курский солод, мешок 25 кг		https://malt.ru/catalog/solod/karamelnyy-300/	280.0-320.0 ebc					
139	malt	курский жжёный 1400	курский солод	россия		grainrus	25.0	кг	3549.0	rub	солод ячменный специальный российский, жженый, 1400, курский солод, мешок 25 кг		https://malt.ru/catalog/solod/zhzhyenyy-1400/	1300.0-1500.0 ebc					
141	malt	курский гречишный	курский солод	россия		grainrus	25.0	кг	3783.0	rub	солод гречишный специальный российский, гречишный, курский солод, мешок 25 кг		https://malt.ru/catalog/solod/grechishnyy/	4.0-15.0 ebc					
142	malt	карамельный castle malting cara blond	castle malting	бельгия		grainrus	25.0	кг	4817.0	rub	солод ячменный специальный импортный, cara blond, castle malting, мешок 25 кг		https://malt.ru/catalog/solod/kara-blond/	17.0-24.0 ebc					
144	malt	карамельный castle malting cara ruby	castle malting	бельгия		grainrus	25.0	кг	4817.0	rub	солод ячменный специальный импортный, cara ruby, castle malting, мешок 25 кг		https://malt.ru/catalog/solod/kara-rubi/	45.0-55.0 ebc					
146	malt	карамельный castle malting cara clair	castle malting	бельгия		grainrus	25.0	кг	4817.0	rub	солод ячменный специальный импортный, cara clair, castle malting, мешок 25 кг		https://malt.ru/catalog/solod/kara-kler/	9.0 ebc					
148	malt	castle malting munich	castle malting	бельгия		grainrus	25.0	кг	4451.0	rub	солод ячменный специальный импортный, munich malt, castle malting, мешок 25 кг		https://malt.ru/catalog/solod/myunkhenskiy/	21.0-28.0 ebc					
150	malt	курский карамельный 20	курский солод	россия		grainrus	25.0	кг	2593.0	rub	солод ячменный специальный российский, карамельный, 20, курский солод, мешок 25 кг		https://malt.ru/catalog/solod/karamelnyy-20/	15.0-25.0 ebc					
152	malt	курский пилзнер	курский солод	россия		grainrus	25.0	кг	2274.0	rub	солод ячменный светлый российский, светлый, курский солод, мешок 25 кг		https://malt.ru/catalog/solod/pilzner_1/	3.5-4.5 ebc					
154	malt	castle malting special b	castle malting	бельгия		grainrus	25.0	кг	5184.0	rub	солод ячменный специальный импортный, special b, castle malting, мешок 25 кг		https://malt.ru/catalog/solod/speshl-bi/	260.0-320.0 ebc					
155	malt	castle malting pilsen	castle malting	бельгия		grainrus	25.0	кг	4219.0	rub	солод ячменный светлый импортный, pilsner malt, castle malting, мешок 25 кг		https://malt.ru/catalog/solod/pilzner_5/	3.0-4.0 ebc					
156	malt	шато дистиллинг / distilling	castle malting	бельгия	солод вискарный	beer.rf	25.0	кг	5710.95	rub	солод предназначен для производства виски и других крепких спиртных напитков премиального качества. дает высокую бродильную активность, соответствующую ферментативность и уровень растворимого азота. цвет: 2,5-4 ebc солод предназначен для производства виски и других крепких спиртных напитков премиального качества. дает высокую бродильную активность, соответствующую ферментативность и уровень растворимого азота. цвет: 2,5-4 ebc	солод шато дистиллинг («дистилляционный») предназначен для создания премиальных виски и других крепких алкогольных напитков. он обладает высокой бродильной активностью, отвечающей требуемому уровню ферментации и растворимого азота. цвет солода составляет 2,5-4 ebc. в процессе его производства ячмень подвергается дополнительному замачиванию, чтобы достичь повышенной влажности зерна в диапазоне 44-46%. затем солод проращивается в течение пяти дней при температуре 12°c-16°c. после этого происходит обсушка при температуре 50°-60°c, с последующим повышением до 70°-75°c. свойства солода шато дистиллинг делают его идеальным базовым компонентом для создания виски высшего качества. он также может использоваться в качестве основы для приготовления браги с содержанием до 100%.	https://бир.рф/shop/1099/desc/solod-shato-distilling-distilling-castle-malting-25-kg	2.5-4.0 ebc	80.0 %			35.0-40.0	
157	malt	курский шоколадный 900	курский солод	россия		grainrus	25.0	кг	3549.0	rub	солод ячменный специальный российский, шоколадный, курский солод, мешок 25 кг		https://malt.ru/catalog/solod/shokoladnyy-900/	800.0-1000.0 ebc					
158	malt	шато дистиллинг / distilling	castle malting	бельгия	солод вискарный	beer.rf	1.0	кг	266.0	rub	солод предназначен для производства виски и других крепких спиртных напитков премиального качества. дает высокую бродильную активность, соответствующую ферментативность и уровень растворимого азота. цвет: 2,5-4 ebc солод предназначен для производства виски и других крепких спиртных напитков премиального качества. дает высокую бродильную активность, соответствующую ферментативность и уровень растворимого азота. цвет: 2,5-4 ebc	солод шато дистиллинг («дистилляционный») предназначен для создания премиальных виски и других крепких алкогольных напитков. он обладает высокой бродильной активностью, отвечающей требуемому уровню ферментации и растворимого азота. цвет солода составляет 2,5-4 ebc. в процессе его производства ячмень подвергается дополнительному замачиванию, чтобы достичь повышенной влажности зерна в диапазоне 44-46%. затем солод проращивается в течение пяти дней при температуре 12°c-16°c. после этого происходит обсушка при температуре 50°-60°c, с последующим повышением до 70°-75°c. свойства солода шато дистиллинг делают его идеальным базовым компонентом для создания виски высшего качества. он также может использоваться в качестве основы для приготовления браги с содержанием до 100%.	https://бир.рф/shop/72/desc/solod-shato-distilling-distilling-castle-malting-1-kg	2.5-4.0 ebc	80.0 %			35.0-40.0	
159	malt	шато диастатик / diastatic	castle malting	бельгия	солод диастатический	beer.rf	25.0	кг	4549.65	rub	солод обладает высокой ферментной силой и предназначен для добавления во время затирания вместе с солодом/несоложенным зерном со слабой или отсутствующей активностью ферментов. цвет 2.5-4 ebc солод обладает высокой ферментной силой и предназначен для добавления во время затирания вместе с солодом/несоложенным зерном со слабой или отсутствующей активностью ферментов. цвет 2.5-4 ebc	солод шато диастатик / diastatic (castle malting) - ячменный солод с высокой ферментной активностью, специально разработанный для добавления в затирание вместе с солодом или несоложенным зерном с низкой активностью ферментов. обладает цветом в диапазоне 2.5-4 ebc и выделяется высокой энзимной активностью. обеспечивает необходимую диастатическую активность при использовании менее активных солодов или несоложенного зерна, а также повышает экстрактивность солода.	https://бир.рф/shop/1758/desc/solod-shato-diastatik-diastatic-castle-malting-25-kg	2.5-4.0 ebc	80.0 %		30.0 %		380.0
160	malt	курский мюнхенский тип 2	курский солод	россия		grainrus	25.0	кг	2359.0	rub	солод ячменный специальный российский, мюнхенский тип 2, курский солод, мешок 25 кг		https://malt.ru/catalog/solod/myunkhenskiy-tip-2_1/	19.0-25.0 ebc					
161	malt	castle malting abbey	castle malting	бельгия		grainrus	25.0	кг	4518.0	rub	солод ячменный светлый импортный, abbey, castle malting, мешок 25 кг		https://malt.ru/catalog/solod/ebbi-shato/	41.0-49.0 ebc					
162	malt	шато диастатик / diastatic	castle malting	бельгия	солод диастатический	beer.rf	1.0	кг	203.3	rub	солод обладает высокой ферментной силой и предназначен для добавления во время затирания вместе с солодом/несоложенным зерном со слабой или отсутствующей активностью ферментов. цвет 2.5-4 ebc солод обладает высокой ферментной силой и предназначен для добавления во время затирания вместе с солодом/несоложенным зерном со слабой или отсутствующей активностью ферментов. цвет 2.5-4 ebc	солод шато диастатик / diastatic (castle malting) - ячменный солод с высокой ферментной активностью, специально разработанный для добавления в затирание вместе с солодом или несоложенным зерном с низкой активностью ферментов. обладает цветом в диапазоне 2.5-4 ebc и выделяется высокой энзимной активностью. обеспечивает необходимую диастатическую активность при использовании менее активных солодов или несоложенного зерна, а также повышает экстрактивность солода.	https://бир.рф/shop/1411/desc/solod-shato-diastatik-diastatic-castle-malting-1-kg	2.5-4.0 ebc	80.0 %		30.0 %		380.0
163	malt	castle malting acid	castle malting	бельгия		grainrus	25.0	кг	6201.0	rub	солод ячменный светлый импортный, acid malt, castle malting, мешок 25 кг		https://malt.ru/catalog/solod/eysid/	6.0-13.0 ebc					
164	malt	шато виски лайт / whisky lite	castle malting	бельгия	солод вискарный	beer.rf	5.0	кг	1969.8	rub	придает виски мягкий, «дымный» аромат. идеальный ингредиент для создания уникального виски. цвет: 2,5-4 ebc, фенолы - 15-25 ppm придает виски мягкий, «дымный» аромат. идеальный ингредиент для создания уникального виски. цвет: 2,5-4 ebc, фенолы - 15-25 ppm	солод шато виски лайт / whisky lite - специально разработанный солод представляет собой идеальный ингредиент для создания уникального виски. благодаря процессу окуривания шотландским торфом в процессе просушки, этот солод обладает не только мягким и привлекательным ароматом, но и имеет длительный срок хранения. солод шато виски лайт / whisky lite - специально разработанный солод представляет собой идеальный ингредиент для создания уникального виски. благодаря процессу окуривания шотландским торфом в процессе просушки, этот солод обладает не только мягким и привлекательным ароматом, но и имеет длительный срок хранения. цвет данного солода составляет 2,5-4 ebc, и его характеристика отличается от других видов солода, что делает его идеальным выбором для создания высококачественного виски с уникальными вкусовыми характеристиками.	https://бир.рф/shop/1779/desc/solod-shato-viski-lajt-whisky-lite-castle-malting-5-kg	2.5-4.0 ebc	80.0 %		100.0 %	35.0-40.0	
165	malt	castle malting rye	castle malting	бельгия		grainrus	25.0	кг	5780.0	rub	солод ржаной специальный импортный, rye, castle malting, мешок 25 кг		https://malt.ru/catalog/solod/rzhanoy/	3.0-8.0 ebc					
166	malt	шато виски лайт / whisky lite	castle malting	бельгия	солод вискарный	beer.rf	25.0	кг	9379.65	rub	придает виски мягкий, «дымный» аромат. идеальный ингредиент для создания уникального виски. цвет: 2,5-4 ebc, фенолы - 15-25 ppm придает виски мягкий, «дымный» аромат. идеальный ингредиент для создания уникального виски. цвет: 2,5-4 ebc, фенолы - 15-25 ppm	солод шато виски лайт / whisky lite - специально разработанный солод представляет собой идеальный ингредиент для создания уникального виски. благодаря процессу окуривания шотландским торфом в процессе просушки, этот солод обладает не только мягким и привлекательным ароматом, но и имеет длительный срок хранения. солод шато виски лайт / whisky lite - специально разработанный солод представляет собой идеальный ингредиент для создания уникального виски. благодаря процессу окуривания шотландским торфом в процессе просушки, этот солод обладает не только мягким и привлекательным ароматом, но и имеет длительный срок хранения. цвет данного солода составляет 2,5-4 ebc, и его характеристика отличается от других видов солода, что делает его идеальным выбором для создания высококачественного виски с уникальными вкусовыми характеристиками.	https://бир.рф/shop/1781/desc/solod-shato-viski-lajt-whisky-lite-castle-malting-25-kg	2.5-4.0 ebc	80.0 %		100.0 %	35.0-40.0	
167	malt	castle malting wheat blanc	castle malting	бельгия		grainrus	25.0	кг	4246.0	rub	солод пшеничный специальный импортный, wheat blanc, castle malting, мешок 25 кг		https://malt.ru/catalog/solod/pshenichnyy_3/	5.5 ebc					
168	malt	шато виски / whisky	castle malting	бельгия	солод вискарный	beer.rf	25.0	кг	6654.9	rub	придает виски мягкий, «дымный» аромат. идеальный ингредиент для создания уникального виски. цвет: 2,5-4 ebc придает виски мягкий, «дымный» аромат. идеальный ингредиент для создания уникального виски. цвет: 2,5-4 ebc	солод шато виски / whisky (castle malting) - специально разработанный солод представляет собой идеальный ингредиент для создания уникального виски. благодаря процессу окуривания шотландским торфом в процессе просушки, этот солод обладает не только мягким и привлекательным ароматом, но и имеет длительный срок хранения. солод шато виски / whisky (castle malting) - специально разработанный солод представляет собой идеальный ингредиент для создания уникального виски. благодаря процессу окуривания шотландским торфом в процессе просушки, этот солод обладает не только мягким и привлекательным ароматом, но и имеет длительный срок хранения. цвет данного солода составляет 2,5-4 ebc, и его характеристика отличается от других видов солода, что делает его идеальным выбором для создания высококачественного виски с уникальными вкусовыми характеристиками.	https://бир.рф/shop/892/desc/solod-shato-viski-whisky-castle-malting-25-kg	2.5-4.0 ebc	80.0 %		100.0 %	35.0-40.0	
169	malt	курский двойной обжарки	курский солод	россия		grainrus	25.0	кг	2741.0	rub	солод ячменный специальный российский, карамельный двойной обжарки, 250-350, курский солод, мешок 25 кг		https://malt.ru/catalog/solod/dvoynoy-obzharki/	250.0-350.0 ebc					
170	malt	шато блэк / black	castle malting	бельгия	солод жженый > 500 ebc	beer.rf	25.0	кг	6981.45	rub	усиливает аромат пива «с характером», придавая ему более вяжущий вкус, чем остальные цветные солода. готовое пиво обладает легким «дымным» привкусом.. цвет 1300 ebc усиливает аромат пива «с характером», придавая ему более вяжущий вкус, чем остальные цветные солода. готовое пиво обладает легким «дымным» привкусом.. цвет 1300 ebc		https://бир.рф/shop/1760/desc/solod-shato-blehk-black-castle-malting-25-kg	1300.0 ebc	73.0 %		6.0 %		
171	malt	""""	курский солод	россия		grainrus	25.0	кг	3400.0	rub	ячмень жженый курский солод, мешок 25кг		https://malt.ru/catalog/solod/yachmen-zhzhenyy/	600.0-1000.0 ebc					
172	malt	спешл w / special w	weyermann	германия	солод спец. 200-500 ebc	beer.rf	0.25	кг	71.5	rub	очень ароматный, тёмно-коричневый карамельный солод. цвет от темно-янтарного до глубокого медного, добавляет полновкусия, очень интенсивный, сложный, мягкий карамельный вкус, вкус хлебной корочки, изюма, орехов. цвет: 280 - 320 ebc очень ароматный, тёмно-коричневый карамельный солод. цвет от темно-янтарного до глубокого медного, добавляет полновкусия, очень интенсивный, сложный, мягкий карамельный вкус, вкус хлебной корочки, изюма, орехов. цвет: 280 - 320 ebc	солод вайерманн ® спэшл w ® бельгийского типа произведен из отборного пивоваренного ячменя. благодаря двойной обжарки достигается практически полная карамелизация зерна. аромат: нотки изюма, тёмной карамели, орехов и хлебной корочки. стили пива: бельгийское специальное, бельгийский эль, ячменное вино, портер, стаут, браун эль, шварцбир, доппельбок, айсбок	https://бир.рф/shop/732/desc/solod-speshl-w-special-w-weyermann-250-g	300.2 ebc					
173	malt	курский венский	курский солод	россия		grainrus	5.0	кг	564.0	rub	солод ячменный светлый российский, дробленый, венский, курский солод, мешок 5 кг		https://malt.ru/catalog/solod/venskiy-molotyy/	6.0-10.0 ebc					
174	malt	спешл w / special w	weyermann	германия	солод спец. 200-500 ebc	beer.rf	25.0	кг	6836.55	rub	очень ароматный, тёмно-коричневый карамельный солод. цвет от темно-янтарного до глубокого медного, добавляет полновкусия, очень интенсивный, сложный, мягкий карамельный вкус, вкус хлебной корочки, изюма, орехов. цвет: 280 - 320 ebc годен до очень ароматный, тёмно-коричневый карамельный солод. цвет от темно-янтарного до глубокого медного, добавляет полновкусия, очень интенсивный, сложный, мягкий карамельный вкус, вкус хлебной корочки, изюма, орехов. цвет: 280 - 320 ebc годен до	солод вайерманн ® спэшл w ® бельгийского типа произведен из отборного пивоваренного ячменя. благодаря двойной обжарки достигается практически полная карамелизация зерна. аромат: нотки изюма, тёмной карамели, орехов и хлебной корочки. стили пива: бельгийское специальное, бельгийский эль, ячменное вино, портер, стаут, браун эль, шварцбир, доппельбок, айсбок	https://бир.рф/shop/2085/desc/solod-speshl-w-special-w-weyermann-25-kg	300.2 ebc					
175	malt	курский венский	курский солод	россия		grainrus	5.0	кг	521.0	rub	солод ячменный светлый российский, венский, курский солод, мешок 5 кг		https://malt.ru/catalog/solod/venskiy_5/	6.0-10.0 ebc					
176	malt	ржаной ферментированный	курский солод	россия	солод ржаной	beer.rf	25.0	кг	2404.5	rub	применяется в небольшом количестве для придания пиву привкуса бородинского хлеба или хлебной корочки. данный солод часто используют в приготовлении кваса. цвет 10-35 ebc применяется в небольшом количестве для придания пиву привкуса бородинского хлеба или хлебной корочки. данный солод часто используют в приготовлении кваса. цвет 10-35 ebc	солод ржаной ферментированный - этот ферментированный ржаной солод идеально подходит для создания уникального вкуса пива, напоминающего аромат бородинского хлеба или хрустящей корочки. благодаря процессу ферментации, солод оживляется и высушивается при высокой температуре, что позволяет сохранить большое количество меланоидинов и создать неповторимую атмосферу хлебного вкуса. кроме того, этот солод также широко используется в приготовлении кваса, добавляя ему особый оттенок.	https://бир.рф/shop/1467/desc/solod-rzhanoj-fermentirovannyj-kurskij-solod-25-kg	10.0-35.0 ebc	84.0 %		30.0 %		
177	malt	курский мюнхенский тип 2	курский солод	россия		grainrus	5.0	кг	541.0	rub	солод ячменный специальный российский, мюнхенский тип 2, курский солод, мешок 5 кг		https://malt.ru/catalog/solod/myunkhenskiy-tip-2_2/	19.0-25.0 ebc					
178	malt	курский пшеничный	курский солод	россия		grainrus	5.0	кг	545.0	rub	солод пшеничный специальный российский, пшеничный, курский солод, мешок 5 кг		https://malt.ru/catalog/solod/pshenichnyy_5/	5.0 ebc					
179	malt	ржаной	курский солод	россия	солод ржаной	beer.rf	25.0	кг	2404.5	rub	неферментированный ржаной солод используется для приготовления ржаных сортов пива, кваса и дистиллятов. в пиве повышает пеностойкость, обеспечивает и привносит пряные и ржаные оттенки во вкусе и аромате. цвет 3 ebc неферментированный ржаной солод используется для приготовления ржаных сортов пива, кваса и дистиллятов. в пиве повышает пеностойкость, обеспечивает и привносит пряные и ржаные оттенки во вкусе и аромате. цвет 3 ebc	неферментированный ржаной солод используется для приготовления ржаных сортов пива, кваса и дистиллятов. в пиве он улучшает пеностойкость и придает пряные и ржаные оттенки во вкусе и аромате. его цвет 3 ebc. этот продукт получен из пророщенного ржаного зерна и имеет сладковатый привкус и светло-зеленоватый цвет. благодаря термической обработке после проращивания, все ферменты, включая амилазы, которые разлагают крахмал на углеводы для питания дрожжей, сохраняются в продукте. это позволяет быстрее проходить процесс брожения. неферментированный солод применяется в пивоварении и для производства напитков с высоким содержанием спирта, а также для приготовления белого кваса. его используют в основном для полного разложения затора на простые и сложные сахара. к неферментированному солоду можно добавлять ферментированный солод разной степени прожарки и дозировки, чтобы создать особые сорта пива. пиво, сваренное только из неферментированного солода, имеет выраженный ржаной вкус без других оттенков, таких как карамельные или шоколадные. ржаной неферментированный солод используется для приготовления немецкого ржаного пива (роггенбир) и некоторых специальных сортов пива. он добавляет пиву плотную и стабильную пену, а также пряные и ржаные нотки, которые делают его уникальным. однако применение этого солода в пивоварении ограничено из-за высокого содержания пентозанов, которые увеличивают вязкость сусла и могут затруднить процесс фильтрации затора. поэтому пивовары обычно добавляют этот солод не более 30%. если фильтрующая система эффективна, возможно увеличение дозы до 50%. для снижения вязкости затора можно использовать низкотемпературную паузу затирания.	https://бир.рф/shop/1595/desc/solod-rzhanoj-kurskij-solod-25-kg	3.0 ebc	84.0 %				
180	malt	курский мюнхенский тип 2	курский солод	россия		grainrus	5.0	кг	583.0	rub	солод ячменный специальный российский, дробленый, мюнхенский тип 2, курский солод, мешок 5 кг		https://malt.ru/catalog/solod/myunkhenskiy-tip-2_3/	19.0-25.0 ebc					
181	malt	пэйл эль / pale ale	weyermann	германия	солод пэйл эль	beer.rf	5.0	кг	977.45	rub	английский тип базового солода, который придаст пиву нотки хлеба, сухофруктов и мёда. не требует многопаузного затирания. цвет 5,5 - 7,5 евс английский тип базового солода, который придаст пиву нотки хлеба, сухофруктов и мёда. не требует многопаузного затирания. цвет 5,5 - 7,5 евс	"производится из высококачественного 2-рядного ярового ячменя. weyermann® пэйл эль солод обеспечивает отличное тело и бледный цвет. он придает сложный солодовый аромат с нотками хлеба, сухофруктов и меда. вырабатывается для отчетливых ""английских"" характеристик. это высоко модифицированный солод для применения с одно или много ступенчатым затиранием. а низкие уровни белка и глюкана облегчают фильтрацию и дают высокий выход экстракта. это идеальный основополагающий солод для любого эля, но дает отличные результаты и в лагер решениях тоже. аромат: нотки хлеба, сухофруктов и мёда. стили пива: эль, портер, лагер, стаут, бельгийские специальные сорта любые другие сорта пива."	https://бир.рф/shop/257/desc/solod-pehjl-ehl-pale-ale-weyermann-5-kg	4.6 ebc	84.0 %	10.0 %	100.0 %		
182	malt	курский пшеничный	курский солод	россия		grainrus	5.0	кг	588.0	rub	солод пшеничный специальный российский, дробленый, пшеничный, курский солод, мешок 5 кг		https://malt.ru/catalog/solod/pshenichnyy-molotyy/	5.0 ebc					
183	malt	пэйл эль / pale ale	weyermann	германия	солод пэйл эль	beer.rf	25.0	кг	4799.66	rub	английский тип базового солода, который придаст пиву нотки хлеба, сухофруктов и мёда. не требует многопаузного затирания. цвет 5,5 - 7,5 евс английский тип базового солода, который придаст пиву нотки хлеба, сухофруктов и мёда. не требует многопаузного затирания. цвет 5,5 - 7,5 евс	"производится из высококачественного 2-рядного ярового ячменя. weyermann® пэйл эль солод обеспечивает отличное тело и бледный цвет. он придает сложный солодовый аромат с нотками хлеба, сухофруктов и меда. вырабатывается для отчетливых ""английских"" характеристик. это высоко модифицированный солод для применения с одно или много ступенчатым затиранием. а низкие уровни белка и глюкана облегчают фильтрацию и дают высокий выход экстракта. это идеальный основополагающий солод для любого эля, но дает отличные результаты и в лагер решениях тоже. аромат: нотки хлеба, сухофруктов и мёда. стили пива: эль, портер, лагер, стаут, бельгийские специальные сорта любые другие сорта пива."	https://бир.рф/shop/917/desc/solod-pehjl-ehl-pale-ale-weyermann-25-kg	4.6 ebc	84.0 %	10.0 %	100.0 %		
184	malt	курский пилзнер	курский солод	россия		grainrus	5.0	кг	521.0	rub	солод ячменный светлый российский, светлый пилснер, курский солод, мешок 5 кг		https://malt.ru/catalog/solod/pilzner_9/	3.5-4.5 ebc					
185	malt	пэйл эль / pale ale	weyermann	германия	солод пэйл эль	beer.rf	1.0	кг	203.19	rub	английский тип базового солода, который придаст пиву нотки хлеба, сухофруктов и мёда. не требует многопаузного затирания. цвет 5,5 - 7,5 евс английский тип базового солода, который придаст пиву нотки хлеба, сухофруктов и мёда. не требует многопаузного затирания. цвет 5,5 - 7,5 евс	"производится из высококачественного 2-рядного ярового ячменя. weyermann® пэйл эль солод обеспечивает отличное тело и бледный цвет. он придает сложный солодовый аромат с нотками хлеба, сухофруктов и меда. вырабатывается для отчетливых ""английских"" характеристик. это высоко модифицированный солод для применения с одно или много ступенчатым затиранием. а низкие уровни белка и глюкана облегчают фильтрацию и дают высокий выход экстракта. это идеальный основополагающий солод для любого эля, но дает отличные результаты и в лагер решениях тоже. аромат: нотки хлеба, сухофруктов и мёда. стили пива: эль, портер, лагер, стаут, бельгийские специальные сорта любые другие сорта пива."	https://бир.рф/shop/256/desc/solod-pehjl-ehl-pale-ale-weyermann-1-kg	4.6 ebc	84.0 %	10.0 %	100.0 %		
186	malt	курский пэйл эль	курский солод	россия		grainrus	5.0	кг	573.0	rub	солод ячменный светлый российский, дробленый, пэйл эль, курский солод, мешок 5 кг		https://malt.ru/catalog/solod/peyl-el_5/	5.5-6.5 ebc					
187	malt	пшеничный темный / dark wheat	weyermann	германия	солод пшеничный	beer.rf	1.0	кг	207.05	rub	базовый темный пшеничный солод добавит бархатистость, тело и сложные ароматы пшеницы. используются до 70 % в темных пшеничных сортах и в небольшой пропорции для усиления вкуса в элевых сортах, такие как: кёльш и альтбир. цвет 15 - 20 евс базовый темный пшеничный солод добавит бархатистость, тело и сложные ароматы пшеницы. используются до 70 % в темных пшеничных сортах и в небольшой пропорции для усиления вкуса в элевых сортах, такие как: кёльш и альтбир. цвет 15 - 20 евс	"темный пшеничный мягко обжаренный солод производится из высококачественной немецкой пшеницы. это способствует мягкому золотистому цвету сусла и надежному солодово-сладковатому вкусу с нотками хлеба, выпечки, ириса и карамели. пшеничные солода с высоким содержанием белка, которые помогают производить более полнотелое пиво. пшеничный солод также может улучшить пенообразование и пеностойкость. в пиве верхового брожения weyermann® темный пшеничный солод добавит бархатистость, тело и сложные ароматы пшеницы. weyermann® темный пшеничный солод имеет несколько ""сухой"", более сложный характер, чем светлый пшеничный солод. это составляющий солод для баварского дункельвайцена, и идеально подходит для вайценбок, кельш и альтбир. аромат: бархатистый, карамельный, сложный. стили пива: дункельвайцен (тёмное пшеничное), кельш, альтбир."	https://бир.рф/shop/262/desc/solod-pshenichnyj-temnyj-dark-wheat-weyermann-1-kg	17.7 ebc					
188	malt	карамельный castle malting cara cafe	castle malting	бельгия		grainrus	5.0	кг		rub	солод ячменный специальный импортный, cara cafe, castle malting, мешок 5 кг		https://malt.ru/catalog/solod/solod-yachmennyy-spetsialnyy-importnyy-cara-cafe-castle-malting-meshok-5-kg/	350.0-450.0 ebc					
189	malt	пшеничный светлый / pale wheat	weyermann	германия	солод пшеничный	beer.rf	25.0	кг	5838.0	rub	базовый пшеничный светлый солод с нотками хлеба, орехов, бисквита. используются до 70 % в пшеничных сортах пива и в небольшой пропорции в элях и лагерах для усиления хлебного вкуса. цвет 3 - 5 евс годен до базовый пшеничный светлый солод с нотками хлеба, орехов, бисквита. используются до 70 % в пшеничных сортах пива и в небольшой пропорции в элях и лагерах для усиления хлебного вкуса. цвет 3 - 5 евс годен до	светлый пшеничный солод в основном используется для континентальных стилей пшеничного пива, таких как и хафевайцен, кристаллвайцен и является важным составляющим в североамериканских пшеничных элях. он очень слабо влияет на цветность сусла, и способствует надежному солодово-сладковатому вкусу с нотками хлеба, орехов, ириса и легкой карамели. пшеничный солод с высоким содержанием белка, который помогает производить более полнотелое пиво. пшеничный солод также поможет улучшить пенообразование и пеностойкость. в пиве верхового брожения, weyermann светлый пшеничный солод особенно хорошо привносит, бархатистость, тело и сложные ароматы пшеницы. аромат: нотки хлеба, орехов, бисквита и лѐгкие нотки карамели. стили пива: пшеничное, лёгкое, кёльш, альт, безалкогольное.	https://бир.рф/shop/916/desc/solod-pshenichnyj-svetlyj-pale-wheat-weyermann-25-kg	3.8 ebc					
190	malt	карамельный castle malting cara honey	castle malting	бельгия		grainrus	5.0	кг		rub	солод ячменный специальный импортный, cara honey (ambra), castle malting, мешок 5 кг		https://malt.ru/catalog/solod/solod-yachmennyy-spetsialnyy-importnyy-cara-honey-ambra-castle-malting-meshok-5-kg/	60.0-80.0 ebc					
191	malt	ячмень жженый / roasted barley	weyermann	германия	солод жженый > 500 ebc	beer.rf	25.0	кг	6910.05	rub	несоложенное зерно ячменя имеет насыщенный жареный аромат. отлично подходит для стаутов и других темных сортов пива. цвет: 1000 - 1300 ebc годен до несоложенное зерно ячменя имеет насыщенный жареный аромат. отлично подходит для стаутов и других темных сортов пива. цвет: 1000 - 1300 ebc годен до	weyermann ® roasted barley произведен из качественного ярового ячменя. медленно и тщательно обжаривается в барабанном аппарате. в результате получается равномерно обжаренное специальное зерно. придает много темного цвета и чистую глубину аромата очень темным напиткам. аромат: типичный жареный аромат; ноты кофе и какао. стили пива: ирландский сухой стаут, имперский стаут, различные портеры и стауты.	https://бир.рф/shop/2086/desc/jachmen-zhzhenyj-roasted-barley-weyermann-25-kg	1093.2 ebc					
192	malt	курский овсяный голозерный обжаренный	курский солод	россия		grainrus	25.0	кг		rub	солод овсяный специальный российский, овсяный голозерный 12, курский солод, мешок 25 кг		https://malt.ru/catalog/solod/solod-ovsyanyy-spetsialnyy-rossiyskiy-ovsyanyy-golozernyy-12-kurskiy-solod-meshok-25-kg/	15.0 ebc					
193	malt	ячмень жженый / roasted barley	weyermann	германия	солод жженый > 500 ebc	beer.rf	1.0	кг	322.07	rub	несоложенное зерно ячменя имеет насыщенный жареный аромат. отлично подходит для стаутов и других темных сортов пива. цвет: 1000 - 1300 ebc несоложенное зерно ячменя имеет насыщенный жареный аромат. отлично подходит для стаутов и других темных сортов пива. цвет: 1000 - 1300 ebc	weyermann ® roasted barley произведен из качественного ярового ячменя. медленно и тщательно обжаривается в барабанном аппарате. в результате получается равномерно обжаренное специальное зерно. придает много темного цвета и чистую глубину аромата очень темным напиткам. аромат: типичный жареный аромат; ноты кофе и какао. стили пива: ирландский сухой стаут, имперский стаут, различные портеры и стауты.	https://бир.рф/shop/276/desc/jachmen-zhzhenyj-roasted-barley-weyermann-1-kg	1093.2 ebc					
194	malt	курский висковый	курский солод	россия		grainrus	5.0	кг	859.0	rub	солод ячменный светлый российский, дроблёный, висковый, курский солод, мешок 5 кг		https://malt.ru/catalog/solod/solod-yachmennyy-svetlyy-rossiyskiy-droblyenyy-viskovyy-kurskiy-solod-meshok-5-kg/	3.5-4.5 ebc					
195	malt	овая смесь 50 “розали” / rosalie	ireks	германия	солод спец. 50-200 ebc	beer.rf	25.0	кг	5811.0	rub	смесь обладает диастатической силой и может использоваться до 100% в засыпи. пиво получается красным с богатым солодовым ароматом. при умеренной хмелевой горечи чувствуется солодовое плотное тело, которое сохраняется в послевкусии. цвет 50 ebc. смесь обладает диастатической силой и может использоваться до 100% в засыпи. пиво получается красным с богатым солодовым ароматом. при умеренной хмелевой горечи чувствуется солодовое плотное тело, которое сохраняется в послевкусии. цвет 50 ebc.	"смесь солода 50 ""розали"" от ireks является уникальной смесью солодов, которые придают пиву привлекательный красный оттенок и насыщенный аромат. при попадании на язык это пиво нежно обволакивает его, позволяя насладиться полным вкусовым профилем. цвет пива, напоминающий яркий вишневый сок, невозможно не оценить, а аромат солода проникает яркими нотками. с самого первого глотка вы ощутите яркую игру солода, но в то же время она не становится навязчивой, если идеально сбалансирована с мягкой хмелевой горечью. солодовый характер сохраняется на протяжении всего пития и продолжает радовать вас даже после последнего глотка. вкус напоминает баварский солодовый сахар, который долго оставляет приятное послевкусие. смесь солода 50 ""розали"" от ireks является уникальной смесью солодов, которые придают пиву привлекательный красный оттенок и насыщенный аромат. при попадании на язык это пиво нежно обволакивает его, позволяя насладиться полным вкусовым профилем. цвет пива, напоминающий яркий вишневый сок, невозможно не оценить, а аромат солода проникает яркими нотками. с самого первого глотка вы ощутите яркую игру солода, но в то же время она не становится навязчивой, если идеально сбалансирована с мягкой хмелевой горечью. солодовый характер сохраняется на протяжении всего пития и продолжает радовать вас даже после последнего глотка. вкус напоминает баварский солодовый сахар, который долго оставляет приятное послевкусие. помимо прекрасных вкусовых характеристик, смесь солода ""розали"" также имеет свои технические характеристики. цветность составляет 50-60 ebc, что делает ее идеальным выбором для придания пиву красного оттенка. достаточная ферментативная активность позволяет использовать ее до 100% в засыпи, это делает смесь применимой в различных типах и стилях пива. смесь солода 50 ""розали"" от ireks является уникальной смесью солодов, которые придают пиву привлекательный красный оттенок и насыщенный аромат. при попадании на язык это пиво нежно обволакивает его, позволяя насладиться полным вкусовым профилем. цвет пива, напоминающий яркий вишневый сок, невозможно не оценить, а аромат солода проникает яркими нотками. с самого первого глотка вы ощутите яркую игру солода, но в то же время она не становится навязчивой, если идеально сбалансирована с мягкой хмелевой горечью. солодовый характер сохраняется на протяжении всего пития и продолжает радовать вас даже после последнего глотка. вкус напоминает баварский солодовый сахар, который долго оставляет приятное послевкусие. помимо прекрасных вкусовых характеристик, смесь солода ""розали"" также имеет свои технические характеристики. цветность составляет 50-60 ebc, что делает ее идеальным выбором для придания пиву красного оттенка. достаточная ферментативная активность позволяет использовать ее до 100% в засыпи, это делает смесь применимой в различных типах и стилях пива. смесь солода ""розали"" идеально подходит для создания красного пива, особого ipa, фламандского красного эля и ирландского красного эля. ее уникальные характеристики делают ее неотъемлемым компонентом варки пива, и она может придать вашему напитку неповторимый вкус и цвет."	https://бир.рф/shop/1874/desc/solodovaja-smes-50-rozali-rosalie-ireks-25-kg	50.0-60.0 ebc			100.0 %		100.0
196	malt	castle malting whiskey light	castle malting	бельгия		grainrus	25.0	кг		rub	солод ячменный специальный импортный, whisky chateau light, 25 ppm, castle malting, мешок 25 кг		https://malt.ru/catalog/solod/solod-yachmennyy-spetsialnyy-importnyy-whisky-chateau-light-25-ppm-castle-malting-meshok-25-kg/	3.0-4.5 ebc					
197	malt	шоколадный пшеничный / chocolate wheat	weyermann	германия	солод жженый > 500 ebc	beer.rf	0.25	кг	86.9	rub	используется в темном пиве, таком как стаут, темное аббатское пиво и т. д. он придаст пиву ореховый или жареный привкус в зависимости от используемого количества. цвет: 900 - 1200 ebc используется в темном пиве, таком как стаут, темное аббатское пиво и т. д. он придаст пиву ореховый или жареный привкус в зависимости от используемого количества. цвет: 900 - 1200 ebc	шоколадный пшеничный солод weyermann chocolate wheat изготовлен из высшего сорта пшеницы и может быть использован для усиления ароматов в темном пиве верхового брожения, а также для улучшения темного цвета. шоколадный пшеничный солод в отличие от ячменного не содержит мякинную оболочку, которая придает пиву после обжарки жженую горечь. поэтому шоколадный пшеничный солод добавит пиву насыщенный темный цвет, жаренный аромат без лишней терпкости. аромат: легкий жареный аромат; ноты кофе, темного шоколада и хлеба стили пива: отлично подходит для старого пива, темного пшеничного пива, cтаутов и портеров.	https://бир.рф/shop/729/desc/solod-shokoladnyj-pshenichnyj-chocolate-wheat-weyermann-250-g	1066.5 ebc					
198	malt	castle malting whiskey light	castle malting	бельгия		grainrus	5.0	кг		rub	солод ячменный специальный импортный, whisky chateau light, 25 ppm, castle malting, мешок 5 кг		https://malt.ru/catalog/solod/solod-yachmennyy-spetsialnyy-importnyy-whisky-chateau-light-25-ppm-castle-malting-meshok-5-kg/	3.0-4.5 ebc					
199	malt	шоколадный пшеничный / chocolate wheat	weyermann	германия	солод жженый > 500 ebc	beer.rf	1.0	кг	255.2	rub	используется в темном пиве, таком как стаут, темное аббатское пиво и т. д. он придаст пиву ореховый или жареный привкус в зависимости от используемого количества. цвет: 900 - 1200 ebc используется в темном пиве, таком как стаут, темное аббатское пиво и т. д. он придаст пиву ореховый или жареный привкус в зависимости от используемого количества. цвет: 900 - 1200 ebc	шоколадный пшеничный солод weyermann chocolate wheat изготовлен из высшего сорта пшеницы и может быть использован для усиления ароматов в темном пиве верхового брожения, а также для улучшения темного цвета. шоколадный пшеничный солод в отличие от ячменного не содержит мякинную оболочку, которая придает пиву после обжарки жженую горечь. поэтому шоколадный пшеничный солод добавит пиву насыщенный темный цвет, жаренный аромат без лишней терпкости. аромат: легкий жареный аромат; ноты кофе, темного шоколада и хлеба стили пива: отлично подходит для старого пива, темного пшеничного пива, cтаутов и портеров.	https://бир.рф/shop/273/desc/solod-shokoladnyj-pshenichnyj-chocolate-wheat-weyermann-1-kg	1066.5 ebc					
200	malt	castle malting roasted barley	castle malting	бельгия		grainrus	5.0	кг		rub	солод ячменный специальный импортный, roasted barley, castle malting, мешок 5 кг		https://malt.ru/catalog/solod/solod-yachmennyy-spetsialnyy-importnyy-roasted-barley-castle-malting-meshok-5-kg/	1000.0-1400.0 ebc					
201	malt	шато эйсид/ acid	castle malting	бельгия	солод кислый	beer.rf	1.0	кг	378.78	rub	кислый солод готовится из базового ячменного солода и обогащается в процессе приготовления молочной кислотой. служит для коррекции кислотности затора во время затирания, а также при приготовление кислых сортов пива. цвет 6 - 13 ebc кислый солод готовится из базового ячменного солода и обогащается в процессе приготовления молочной кислотой. служит для коррекции кислотности затора во время затирания, а также при приготовление кислых сортов пива. цвет 6 - 13 ebc	солод шато эйсид (кислый) (castle malting) - изготавливается из базового солода из ячменя, а в процессе приготовления обогащается молочной кислотой. он используется для регулировки уровня кислотности во время затирания и при производстве кислых сортов пива. этот солод производится при помощи молочнокислых бактерий, и его применение позволяет снизить ph затора, особенно в случае очень жесткой воды. солод шато эйсид (кислый) (castle malting) - изготавливается из базового солода из ячменя, а в процессе приготовления обогащается молочной кислотой. он используется для регулировки уровня кислотности во время затирания и при производстве кислых сортов пива. этот солод производится при помощи молочнокислых бактерий, и его применение позволяет снизить ph затора, особенно в случае очень жесткой воды. солод шато эйсид (кислый) способствует активации гидролитических ферментов, повышению буферных свойств затора и увеличению степени сбраживания сусла путем корректирования уровня ph. он добавляет округлости вкусу пива и обеспечивает стойкую пену.	https://бир.рф/shop/1413/desc/solod-shato-ehjsid-kislyj-acid-castle-malting-1-kg	6.0-13.0 ebc					
202	malt	курский пшеничный жженый	курский солод	россия		grainrus	5.0	кг		rub	солод пшеничный специальный российский, темный, курский солод, мешок 5 кг		https://malt.ru/catalog/solod/solod-pshenichnyy-spetsialnyy-rossiyskiy-temnyy-kurskiy-solod-meshok-5-kg/	400.0-1000.0 ebc					
203	malt	шато пшеничный темный / wheat munich	castle malting	бельгия	солод пшеничный	beer.rf	25.0	кг	4965.0	rub	не очень темный, но более ароматный, чем стандартный пшеничный солод. вы получите более легкое и игристое пиво с типичным ароматом эля. цвет 25 ebc не очень темный, но более ароматный, чем стандартный пшеничный солод. вы получите более легкое и игристое пиво с типичным ароматом эля. цвет 25 ebc	солод шато пшеничный темный - этот пшеничный солод, не слишком темный, но более ароматный, отличается от стандартного варианта. он придает пиву более легкое и игристое тело, а также типичный элевый аромат. это особый бельгийский солод мюнхенского типа, подвергнутый особой температурной обработке при 100 - 105°c. солод обеспечит вашему пиву не только ароматность, но и более светлый оттенок.	https://бир.рф/shop/1774/desc/solod-shato-pshenichnyj-temnyj-wheat-munich-castle-malting-25-kg	25.0 ebc	83.0 %		30.0 %		
204	malt	карамельный castle malting cara belgium	castle malting	бельгия		grainrus	5.0	кг		rub	солод ячменный специальный импортный, cara b_belgium (belga), castle malting, мешок 5 кг		https://malt.ru/catalog/solod/solod-yachmennyy-spetsialnyy-importnyy-cara-b-belgium-belga-castle-malting-meshok-5-kg/	30.0-35.0 ebc					
205	malt	castle malting smoked	castle malting	бельгия		grainrus	5.0	кг		rub	солод ячменный специальный импортный, smoked chateau, castle malting, мешок 5 кг		https://malt.ru/catalog/solod/solod-yachmennyy-spetsialnyy-importnyy-smoked-chateau-castle-malting-meshok-5-kg/	3.0-15.0 ebc					
206	malt	шато пшеничный жженый / wheat black	castle malting	бельгия	солод пшеничный	beer.rf	25.0	кг	9398.55	rub	создает тот же интенсивный темный цвет, что и традиционный ячменный chateau black, но с более сложным вкусом и меньшей жженой терпкостью. цвет 1100 - 1400 ebc создает тот же интенсивный темный цвет, что и традиционный ячменный chateau black, но с более сложным вкусом и меньшей жженой терпкостью. цвет 1100 - 1400 ebc	в мире пивоварения, где каждый ингредиент играет свою роль, солод chateau wheat black выделяется как настоящая находка для тех, кто ищет новые вкусовые горизонты. этот уникальный солод, созданный на основе обжаренной пшеницы, способен придать пиву не только насыщенный темный цвет, сравнимый с традиционным chateau black из ячменя, но и неповторимую глубину вкуса. в мире пивоварения, где каждый ингредиент играет свою роль, солод chateau wheat black выделяется как настоящая находка для тех, кто ищет новые вкусовые горизонты. этот уникальный солод, созданный на основе обжаренной пшеницы, способен придать пиву не только насыщенный темный цвет, сравнимый с традиционным chateau black из ячменя, но и неповторимую глубину вкуса.	https://бир.рф/shop/1775/desc/solod-shato-pshenichnyj-zhzhenyj-wheat-black-castle-malting-25-kg	1100.0-1400.0 ebc					
207	malt	шато пшеничный жженый / wheat black	castle malting	бельгия	солод пшеничный	beer.rf	1.0	кг	435.0	rub	создает тот же интенсивный темный цвет, что и традиционный ячменный chateau black, но с более сложным вкусом и меньшей жженой терпкостью. цвет 1100 - 1400 ebc создает тот же интенсивный темный цвет, что и традиционный ячменный chateau black, но с более сложным вкусом и меньшей жженой терпкостью. цвет 1100 - 1400 ebc	в мире пивоварения, где каждый ингредиент играет свою роль, солод chateau wheat black выделяется как настоящая находка для тех, кто ищет новые вкусовые горизонты. этот уникальный солод, созданный на основе обжаренной пшеницы, способен придать пиву не только насыщенный темный цвет, сравнимый с традиционным chateau black из ячменя, но и неповторимую глубину вкуса. в мире пивоварения, где каждый ингредиент играет свою роль, солод chateau wheat black выделяется как настоящая находка для тех, кто ищет новые вкусовые горизонты. этот уникальный солод, созданный на основе обжаренной пшеницы, способен придать пиву не только насыщенный темный цвет, сравнимый с традиционным chateau black из ячменя, но и неповторимую глубину вкуса.	https://бир.рф/shop/1803/desc/solod-shato-pshenichnyj-zhzhenyj-wheat-black-castle-malting-1-kg	1100.0-1400.0 ebc					
208	malt	дробленный castle malting wheat blanc	castle malting	бельгия		grainrus	5.0	кг		rub	солод пшеничный специальный импортный, дроблёный, wheat blanc, castle malting, мешок 5 кг		https://malt.ru/catalog/solod/solod-pshenichnyy-spetsialnyy-importnyy-droblyenyy-wheat-blanc-castle-malting-meshok-5-kg/						
209	malt	шато кристал / crystal	castle malting	бельгия	солод спец. 50-200 ebc	beer.rf	25.0	кг	6011.25	rub	этот карамельный солод цвета яркой меди придает пиву уникальный вкус и аромат. по сравнению с другими цветными солодами, обладает большей диастатической активностью и менее выраженным «жареным» вкусом и придает пиву более мягкую горечь. цвет 150 ebc этот карамельный солод цвета яркой меди придает пиву уникальный вкус и аромат. по сравнению с другими цветными солодами, обладает большей диастатической активностью и менее выраженным «жареным» вкусом и придает пиву более мягкую горечь. цвет 150 ebc	шато кристал (castle malting) - этот сорт карамельного солода в яркой медной расцветке обладает способностью придавать пиву неповторимый аромат и вкус. уникальная диастатическая активность и легкая горчинка отличают данный солод от других карамельных сортов. шато кристал (castle malting) - этот сорт карамельного солода в яркой медной расцветке обладает способностью придавать пиву неповторимый аромат и вкус. уникальная диастатическая активность и легкая горчинка отличают данный солод от других карамельных сортов. ароматный сорт солода, получаемый путем специализированной карамелизации методом castle malting® и процесса проращивания. несколько стадий карамелизации обеспечивают уникальные ароматические и вкусовые свойства. шато кристал благодаря своему карамельному цвету, наделяет пиво неповторимым вкусом и ароматом. в отличие от других карамельных сортов солода, обладает диастатической активностью и менее выраженным «жареным» вкусом, придавая пиву более гладкую горечь.	https://бир.рф/shop/1765/desc/solod-shato-kristal-crystal-castle-malting-25-kg	150.0 ebc	78.0 %		20.0 %		150.0
210	malt	курский пилзнер	курский солод	россия		grainrus	50.0	кг	4463.0	rub	солод ячменный светлый российский, светлый, курский солод, мешок 50 кг		https://malt.ru/catalog/solod/pilzner/	3.5-4.5 ebc					
211	malt	шато кристал / crystal	castle malting	бельгия	солод спец. 50-200 ebc	beer.rf	1.0	кг	281.0	rub	этот карамельный солод цвета яркой меди придает пиву уникальный вкус и аромат. по сравнению с другими цветными солодами, обладает большей диастатической активностью и менее выраженным «жареным» вкусом и придает пиву более мягкую горечь. цвет 150 ebc этот карамельный солод цвета яркой меди придает пиву уникальный вкус и аромат. по сравнению с другими цветными солодами, обладает большей диастатической активностью и менее выраженным «жареным» вкусом и придает пиву более мягкую горечь. цвет 150 ebc	шато кристал (castle malting) - этот сорт карамельного солода в яркой медной расцветке обладает способностью придавать пиву неповторимый аромат и вкус. уникальная диастатическая активность и легкая горчинка отличают данный солод от других карамельных сортов. шато кристал (castle malting) - этот сорт карамельного солода в яркой медной расцветке обладает способностью придавать пиву неповторимый аромат и вкус. уникальная диастатическая активность и легкая горчинка отличают данный солод от других карамельных сортов. ароматный сорт солода, получаемый путем специализированной карамелизации методом castle malting® и процесса проращивания. несколько стадий карамелизации обеспечивают уникальные ароматические и вкусовые свойства. шато кристал благодаря своему карамельному цвету, наделяет пиво неповторимым вкусом и ароматом. в отличие от других карамельных сортов солода, обладает диастатической активностью и менее выраженным «жареным» вкусом, придавая пиву более гладкую горечь.	https://бир.рф/shop/84/desc/solod-shato-kristal-crystal-castle-malting-1-kg	150.0 ebc	78.0 %		20.0 %		150.0
212	malt	курский меланоидиновый	курский солод	россия		grainrus	25.0	кг	2593.0	rub	солод ячменный специальный российский, меланоидиновый, 70, курский солод, мешок 25 кг		https://malt.ru/catalog/solod/melanoidinovyy/	65.0-85.0 ebc					
213	malt	шато кофе / cafe	castle malting	бельгия	солод жженый > 500 ebc	beer.rf	25.0	кг	7397.25	rub	придает пиву мягкий вкус с кофейно-ореховыми нотами и более «сложный» букет - всем темным элям. усиливает цветность пива. цвет 500 ebc придает пиву мягкий вкус с кофейно-ореховыми нотами и более «сложный» букет - всем темным элям. усиливает цветность пива. цвет 500 ebc	солод шато кофе (castle malting) - проявляет свои выразительные ноты кофе и орехов. солод шато кофе придает пиву неповторимый мягкий вкус и сложную ароматическую палитру, идеально подходящую для темных сортов эля. его присутствие также дарит пиву глубокий насыщенный оттенок, добавляя цветности и яркости. бельгийский «кофейный» солод шато кофе проявляется в полной мере при обработке с использованием температуры до 200°c. такие обработочные параметры обеспечивают подлинное раскрытие его вкусовых качеств. обладая выразительными кофейными и ореховыми нотами, солод шато кофе придает пиву изысканный мягкий вкус и сложный ароматный букет, особенно привлекательный для любителей темных сортов эля. более того, этот солод значительно усиливает цветность пива, делая его более ярким и привлекательным.	https://бир.рф/shop/1763/desc/solod-shato-kofe-cafe-castle-malting-25-kg	500.0 ebc	77.0 %		5.0 %		
214	malt	курский пшеничный	курский солод	россия		grainrus	25.0	кг	2380.0	rub	солод пшеничный специальный российский, пшеничный, курский солод, мешок 25 кг		https://malt.ru/catalog/solod/pshenichnyy/	5.0 ebc					
215	malt	шато копченый пшеничный / wheat smoked	castle malting	бельгия	солод копченый	beer.rf	1.0	кг	277.13	rub	пшеничный солод букового копчения производится из высококачественной пшеницы. придает пиву сильный копченый вкус и аромат. цвет: 4 - 12 ebc пшеничный солод букового копчения производится из высококачественной пшеницы. придает пиву сильный копченый вкус и аромат. цвет: 4 - 12 ebc	солод шато копченый пшеничный (castle malting) - этот пшеничный солод, произведенный из отборной пшеницы, воплощает в себе насыщенный копченый вкус и аромат, даря пиву неповторимую индивидуальность. будучи созданным по традиционной технологии, с использованием буковых дров, солод шато вит смоукт (smoked wheat) отличается интенсивными копчеными нотами, при этом сохраняя свои уникальные солодовые свойства, такие как светлый оттенок и ферментативная активность. солод шато вит смоукт доносит до пивного напитка сильный копченый вкус и аромат, оставляя послевкусие пшеницы на языке и способствуя формированию прочной и устойчивой пены благодаря высокому содержанию белка.	https://бир.рф/shop/1500/desc/solod-shato-kopchenyj-pshenichnyj-wheat-smoked-castle-malting-1-kg	4.0-12.0 ebc	80.0 %	12.0 %	15.0 %		
216	malt	курский венский	курский солод	россия		grainrus	25.0	кг	2274.0	rub	солод ячменный светлый российский, венский, курский солод, мешок 25 кг		https://malt.ru/catalog/solod/venskiy/	6.0-10.0 ebc					
217	malt	шато кара бельгия / cara belga	castle malting	бельгия	солод спец. < 50 ebc	beer.rf	1.0	кг	212.93	rub	бельгийский карамельный солод. придаст пиву золотистый оттенок и тонкие нотки карамели. цвет: 30 ebc бельгийский карамельный солод. придаст пиву золотистый оттенок и тонкие нотки карамели. цвет: 30 ebc	солод шато кара бельгия (castle malting) - это бельгийский карамельный солод, который придаст пиву изысканный золотистый оттенок и нежные нотки карамели. с его помощью вы сможете создать особые сорта бельгийского пива, такие как светлые, коричневые и янтарные эли, дюббель и трипель. этот сорт солода проходит особую обработку - проращивание при высокой температуре, а затем обжарка в барабанном ростере. благодаря такому процессу, солод придает пиву не только великолепный цвет, но и усиливает классический аромат бельгийского крафтового пива.	https://бир.рф/shop/1304/desc/solod-shato-kara-belgija-cara-belga-castle-malting-1-kg	30.0 ebc	76.0 %		30.0 %		
218	malt	castle malting vienna	castle malting	бельгия		grainrus	25.0	кг	4274.0	rub	солод ячменный светлый импортный, vienna malt, castle malting, мешок 25 кг		https://malt.ru/catalog/solod/venskiy_1/	4.0-7.0 ebc					
219	malt	castle malting arome	castle malting	бельгия		grainrus	25.0	кг	4573.0	rub	солод ячменный светлый импортный, arome, castle malting, мешок 25 кг		https://malt.ru/catalog/solod/aroma-shato/	95.0-105.0 ebc					
220	malt	шато кара амбра / cara ambra	castle malting	бельгия	солод спец. 50-200 ebc	beer.rf	1.0	кг	258.94	rub	придает пиву красноватый оттенок и привкус карамели, ирисок и теплого хлеба. придает пиву бóльшую округлость. также способствует формированию и стойкости пенной шапки. цвет 60-80 ebc придает пиву красноватый оттенок и привкус карамели, ирисок и теплого хлеба. придает пиву бóльшую округлость. также способствует формированию и стойкости пенной шапки. цвет 60-80 ebc	шато кара амбра - отличный выбор для пива. этот бельгийский солод придаст напитку красноватый оттенок и неповторимый вкус карамели, ирисок и теплого хлеба. он также придаст пиву более округлую форму и поможет сохранить стойкость и пышность пенной шапки. к тому же, его выдержанный процесс проращивания при высокой температуре и обжарка в барабанном ростере делают этот солод настоящим мастерством истинных пивоваров. не упустите возможность ощутить всю глубину вкуса и аромата с шато кара амбра.	https://бир.рф/shop/79/desc/solod-shato-kara-ambra-cara-ambra-castle-malting-1-kg	60.0-80.0 ebc	75.0 %		20.0 %		
221	malt	карамельный castle malting cara gold	castle malting	бельгия		grainrus	25.0	кг	4831.0	rub	солод ячменный специальный импортный, cara gold, 120, castle malting, мешок 25 кг		https://malt.ru/catalog/solod/kara-gold/	110.0-130.0 ebc					
222	malt	шато кара 250 / cara 250	castle malting	бельгия	солод спец. 200-500 ebc	beer.rf	1.0	кг	304.95	rub	придает пиву карамельный аромат и насыщенный цвет (от золотистого до темно-янтарного). усиливает бархатистость пива и повышает стойкость его пены. цвет 250 ebc придает пиву карамельный аромат и насыщенный цвет (от золотистого до темно-янтарного). усиливает бархатистость пива и повышает стойкость его пены. цвет 250 ebc	солод шато кара 250 - свойствами данного солода являются придание пиву карамельного аромата и насыщенного цвета, от золотистого до темно-янтарного. усиленная бархатистость пива и повышенная стойкость его пены также являются его достоинствами. применение данного солода разнообразно - он идеально подходит для использования в легком и безалкогольном светлом пиве, а также в темном и коричневом пиве. это бельгийский карамельный солод с высокой температурой просушивания, раскрывающий вкус при температуре до 220°c. его аромат также является интенсивным и ярким. при использовании солода шато кара 250 в пиве оно приобретает карамельный аромат и насыщенный цвет, от золотистого до темно-янтарного. особенностью этого солода является содержание стекловидных зерен, которые являются источником несбраживаемых декстринов. благодаря этим компонентам солод способствует улучшению бархатистости пива и стойкости его пены.	https://бир.рф/shop/78/desc/solod-shato-kara-250-cara-250-castle-malting-1-kg	250.0 ebc	77.9 %		20.0 %		
223	malt	castle malting melano	castle malting	бельгия		grainrus	25.0	кг	4545.0	rub	солод ячменный специальный импортный, melano chateu malt, castle malting, мешок 25 кг		https://malt.ru/catalog/solod/melano-shato/	36.0-44.0 ebc					
224	malt	курский пэйл эль	курский солод	россия		grainrus	25.0	кг	2316.0	rub	солод ячменный светлый российский, пэйл эль, курский солод, мешок 25 кг		https://malt.ru/catalog/solod/peyl-el/	5.5-6.5 ebc					
225	malt	castle malting chocolat	castle malting	бельгия		grainrus	25.0	кг	5089.0	rub	солод ячменный специальный импортный, chocolate malt, 900, castle malting, мешок 25 кг		https://malt.ru/catalog/solod/shokoladnyy-900_1/	900.0-1000.0 ebc					
226	malt	castle malting black	castle malting	бельгия		grainrus	25.0	кг	5157.0	rub	солод ячменный специальный импортный, black, 1300, castle malting, мешок 25 кг		https://malt.ru/catalog/solod/zhzhenyy-1300/	1150.0-1400.0 ebc					
228	malt	castle malting distilling	castle malting	бельгия		grainrus	25.0	кг	4453.0	rub	солод ячменный специальный импортный, distilling chateau light, 0 ppm, castle malting, мешок 25 кг		https://malt.ru/catalog/solod/distiling-shato-layt/	2.5-4.5 ebc					
230	malt	castle malting biscuit	castle malting	бельгия		grainrus	25.0	кг	4899.0	rub	солод ячменный специальный импортный, biscuit, castle malting, мешок 25 кг		https://malt.ru/catalog/solod/biskvit-shato/	45.0-55.0 ebc					
233	malt	castle malting pale ale	castle malting	бельгия		grainrus	25.0	кг	4301.0	rub	солод ячменный светлый импортный, pale ale, castle malting, мешок 25 кг		https://malt.ru/catalog/solod/peyl-el_1/	7.0-10.0 ebc					
235	malt	castle malting whiskey	castle malting	бельгия		grainrus	25.0	кг	7167.0	rub	солод ячменный специальный импортный, whisky chateau, 35 ppm, castle malting, мешок 25 кг		https://malt.ru/catalog/solod/viski-35/	4.0 ebc					
237	malt	castle malting cafe light	castle malting	бельгия		grainrus	25.0	кг	5782.0	rub	солод ячменный специальный импортный, cafe light, castle malting, мешок 25 кг		https://malt.ru/catalog/solod/kofe-layt/	220.0-280.0 ebc					
239	malt	castle malting roasted barley	castle malting	бельгия		grainrus	25.0	кг	5492.0	rub	солод ячменный специальный импортный, roasted barley, castle malting, мешок 25 кг		https://malt.ru/catalog/solod/bezobolochnyy-zharennyy-yachmen/	1000.0-1400.0 ebc					
241	malt	курский карамельный 50	курский солод	россия		grainrus	25.0	кг	2571.0	rub	солод ячменный специальный российский, карамельный, 50, курский солод, мешок 25 кг		https://malt.ru/catalog/solod/karamelnyy-50_1/	40.0-60.0 ebc					
243	malt	курский карамельный 100	курский солод	россия		grainrus	25.0	кг	2593.0	rub	солод ячменный специальный российский, карамельный, 100, курский солод, мешок 25 кг		https://malt.ru/catalog/solod/karamelnyy-100/	90.0-110.0 ebc					
318	malt	castle malting cafe	castle malting	бельгия		grainrus	25.0	кг		rub	солод ячменный специальный импортный, cafe, castle malting, мешок 25 кг		https://malt.ru/catalog/solod/kofe-shato/	420.0-520.0 ebc					
320	malt	курский карамельный 100	курский солод	россия		grainrus	5.0	кг		rub	солод ячменный специальный российский, дробленый, карамельный, 100, курский солод, мешок 5 кг		https://malt.ru/catalog/solod/karamelnyy-100-molotyy/	90.0-110.0 ebc					
322	malt	курский карамельный 200	курский солод	россия		grainrus	5.0	кг		rub	солод ячменный специальный российский, дробленый, карамельный, 200, курский солод, мешок 5 кг		https://malt.ru/catalog/solod/karamelnyy-200-molotyy/	190.0-210.0 ebc					
324	malt	курский гречишный	курский солод	россия		grainrus	5.0	кг		rub	солод гречишный специальный российский, дробленый, гречишный, курский солод, мешок 5 кг		https://malt.ru/catalog/solod/grechishnyy-droblenyy/	4.0-15.0 ebc					
326	malt	курский карамельный 200	курский солод	россия		grainrus	5.0	кг		rub	солод ячменный специальный российский, карамельный, 200, курский солод, мешок 5 кг		https://malt.ru/catalog/solod/karamelnyy-200_4/	190.0-210.0 ebc					
328	malt	курский гречишный	курский солод	россия		grainrus	1.0	кг		rub	солод гречишный специальный российский, дробленый, гречишный, курский солод, мешок 1 кг		https://malt.ru/catalog/solod/grechishnyy-molotyy_1/	4.0-15.0 ebc					
330	malt	курский карамельный 150	курский солод	россия		grainrus	5.0	кг	711.0	rub	солод ячменный специальный российский, карамельный, 150, курский солод, мешок 5 кг		https://malt.ru/catalog/solod/karamelnyy-150_3/	140.0-160.0 ebc					
332	malt	карамельный castle malting cara honey	castle malting	бельгия		grainrus	25.0	кг		rub	солод ячменный специальный импортный, cara honey (ambra), castle malting, мешок 25 кг		https://malt.ru/catalog/solod/kara-ambra/	60.0-80.0 ebc					
334	malt	карамельный castle malting cara belgium	castle malting	бельгия		grainrus	25.0	кг		rub	солод ячменный специальный импортный, cara b_belgium (belga), castle malting, мешок 25 кг		https://malt.ru/catalog/solod/kara-belga/	30.0-35.0 ebc					
336	malt	карамельный castle malting cara cafe	castle malting	бельгия		grainrus	25.0	кг		rub	солод ячменный специальный импортный, cara cafe, castle malting, мешок 25 кг		https://malt.ru/catalog/solod/kara-kofe/	350.0-450.0 ebc					
338	malt	курский ржаной неферментированный	органик фуд			grainrus	1.0	кг		rub	солод ржаной специальный российский, неферментированный, дробленый, ржаной, органик фуд, мешок 1 кг		https://malt.ru/catalog/solod/solod-rzhanoy-spetsialnyy-rossiyskiy-nefermentirovannyy-droblenyy-rzhanoy-organik-fud-meshok-1-kg/						
340	malt	курский ржаной неферментированный	органик фуд			grainrus	5.0	кг		rub	солод ржаной специальный российский, неферментированный, дробленый, ржаной, органик фуд, мешок 5 кг		https://malt.ru/catalog/solod/solod-rzhanoy-spetsialnyy-rossiyskiy-nefermentirovannyy-droblenyy-rzhanoy-organik-fud-meshok-5-kg/						
342	malt	castle malting acid	castle malting	бельгия		grainrus	5.0	кг		rub	солод ячменный светлый импортный, acid malt, castle malting, мешок 5 кг		https://malt.ru/catalog/solod/solod-yachmennyy-svetlyy-importnyy-acid-malt-castle-malting-meshok-5-kg/	6.0-13.0 ebc					
344	malt	castle malting munich light	castle malting	бельгия		grainrus	5.0	кг		rub	солод ячменный специальный импортный, munich light malt, castle malting, мешок 5 кг		https://malt.ru/catalog/solod/solod-yachmennyy-spetsialnyy-importnyy-munich-light-malt-castle-malting-meshok-5-kg/	13.0-18.0 ebc					
346	malt	castle malting whiskey	castle malting	бельгия		grainrus	5.0	кг	1672.0	rub	солод ячменный специальный импортный, whisky chateau, 35 ppm, castle malting, мешок 5 кг		https://malt.ru/catalog/solod/solod-yachmennyy-spetsialnyy-importnyy-whisky-chateau-35-ppm-castle-malting-meshok-5-kg/	4.0 ebc					
479	malt	курский пшеничный карамельный	курский солод	россия		grainrus	25.0	кг	2465.0	rub	солод пшеничный специальный российский, карамельный, курский солод, мешок 25 кг		https://malt.ru/catalog/solod/solod-pshenichnyy-spetsialnyy-rossiyskiy-karamelnyy-kurskiy-solod-meshok-25-kg/	9.0-350.0 ebc					
482	malt	курский меланоидиновый	курский солод	россия		grainrus	5.0	кг	594.0	rub	солод ячменный специальный российский, меланоидиновый, 70, курский солод, мешок 5 кг		https://malt.ru/catalog/solod/solod-yachmennyy-spetsialnyy-rossiyskiy-melanoidinovyy-70-kurskiy-solod-meshok-5-kg/	40.0-90.0 ebc					
483	malt	castle malting biscuit	castle malting	бельгия		grainrus	5.0	кг	1029.0	rub	солод ячменный специальный импортный, biscuit, castle malting, мешок 5 кг		https://malt.ru/catalog/solod/solod-yachmennyy-spetsialnyy-importnyy-biscuit-castle-malting-meshok-5-kg-/	45.0-55.0 ebc					
486	malt	курский копченый на торфе	ностерс			grainrus	25.0	кг	3251.0	rub	солод ячменный специальный российский, копченый, торф, ностерс, мешок 25 кг		https://malt.ru/catalog/solod/solod-yachmennyy-spetsialnyy-rossiyskiy-kopchenyy-torf-nosters-meshki-po-25-kg/	3.4-4.6 ebc					
488	malt	курский копченый на торфе	ностерс			grainrus	5.0	кг	746.0	rub	солод ячменный специальный российский, копченый, торф, ностерс, пакет 5 кг		https://malt.ru/catalog/solod/solod-yachmennyy-spetsialnyy-rossiyskiy-kopchenyy-torf-nosters-paket-5-kg/	3.4-4.6 ebc					
489	malt	курский копченый на торфе	ностерс			grainrus	5.0	кг	788.0	rub	солод ячменный специальный российский, дробленый, копченый,торф, ностерс, мешок 5 кг		https://malt.ru/catalog/solod/solod-yachmennyy-spetsialnyy-rossiyskiy-droblenyy-kopchenyy-torf-nosters-meshok-5-kg/	3.4-4.6 ebc					
491	malt	курский пилзнер премиум	курский солод	россия		grainrus	5.0	кг	580.0	rub	солод ячменный светлый российский, pilsner премиум, курский солод, мешок 5 кг		https://malt.ru/catalog/solod/solod-yachmennyy-svetlyy-rossiyskiy-premium-kurskiy-solod-meshok-5-kg/	3.7 ebc					
493	malt	курский ржаной ферментированный	органик фуд			grainrus	25.0	кг	2486.0	rub	солод ржаной специальный российский, ферментированный, дробленый хлебопекарный, ржаной, органик фуд, мешок 25 кг		https://malt.ru/catalog/solod/solod-rzhanoy-spetsialnyy-rossiyskiy-fermentirovannyy-droblenyy-khlebopekarny-rzhanoy-organik-fud-meshok-25-kg/						
495	malt	castle malting black	castle malting	бельгия		grainrus	5.0	кг	722.0	rub	солод ячменный специальный импортный, black, 1300, castle malting, мешок 5 кг		https://malt.ru/catalog/solod/solod-yachmennyy-spetsialnyy-importnyy-black-1300-castle-malting-meshok-5-kg/	1150.0-1400.0 ebc					
497	malt	castle malting rye	castle malting	бельгия		grainrus	5.0	кг	1208.0	rub	солод ржаной специальный импортный, rye, castle malting, мешок 5 кг		https://malt.ru/catalog/solod/solod-rzhanoy-spetsialnyy-importnyy-rye-castle-malting-meshok-5-kg/	3.0-8.0 ebc					
499	malt	курский пилзнер	курский солод	россия		grainrus	45.0	кг	4016.0	rub	солод ячменный светлый российский, светлый, курский солод, мешок 45 кг		https://malt.ru/catalog/solod/solod-yachmennyy-svetlyy-rossiyskiy-svetlyy-kurskiy-solod-meshok-45-kg/	3.5-4.5 ebc					
502	malt	курский пилзнер	курский солод	россия		grainrus	40.0	кг	3570.0	rub	солод ячменный светлый российский, светлый, курский солод, мешок 40 кг		https://malt.ru/catalog/solod/solod-yachmennyy-svetlyy-rossiyskiy-svetlyy-kurskiy-solod-meshok-40-kg/	3.5-4.5 ebc					
504	malt	castle malting oat	castle malting	бельгия		grainrus	25.0	кг	5760.0	rub	солод овсяный специальный импортный, oat, castle malting, мешок 25 кг		https://malt.ru/catalog/solod/solod-ovsyanyy-spetsialnyy-importnyy-oat-castle-malting-meshok-25-kg/	5.0 ebc					
506	malt	castle malting oat	castle malting	бельгия		grainrus	5.0	кг	1180.0	rub	солод овсяный специальный импортный, oat, castle malting, мешок 5 кг		https://malt.ru/catalog/solod/solod-ovsyanyy-spetsialnyy-importnyy-oat-castle-malting-meshok-5-kg/	5.0 ebc					
508	malt	""""	органик фуд			grainrus	5.0	кг	773.0	rub	ячмень жженый органик фуд, пакет 5 кг		https://malt.ru/catalog/solod/yachmen-zhzhenyy-organik-fud-paket-5-kg/	600.0-1000.0 ebc					
511	malt	ячмень жженый органик фуд	органик фуд			grainrus	1.0	кг	174.0	rub	ячмень жженый органик фуд, пакет 1 кг		https://malt.ru/catalog/solod/yachmen-zhzhenyy-organik-fud-paket-1-kg/	600.0-1000.0 ebc					
513	malt	castle malting cara ruby	castle malting	бельгия		grainrus	5.0	кг	1012.0	rub	солод ячменный специальный импортный, cara ruby, castle malting, пакет 5 кг		https://malt.ru/catalog/solod/solod-yachmennyy-spetsialnyy-importnyy-cara-ruby-castle-malting-paket-5-kg/						
515	malt	castle malting distilling	castle malting	бельгия		grainrus	5.0	кг	936.0	rub	солод ячменный специальный импортный, distilling chateau light, 0 ppm, castle malting, пакет 5 кг г		https://malt.ru/catalog/solod/solod-yachmennyy-spetsialnyy-importnyy-distilling-chateau-light-0-ppm-castle-malting-paket-5-kg-g/						
517	malt	дробленный castle malting pale ale	castle malting	бельгия		grainrus	5.0	кг	954.0	rub	солод ячменный светлый импортный, дроблёный, pale ale, castle malting, мешок 5 кг		https://malt.ru/catalog/solod/solod-yachmennyy-svetlyy-importnyy-droblyenyy-pale-ale-castle-malting-meshok-5-kg/						
519	malt	дробленный castle malting pilsner	castle malting	бельгия		grainrus	5.0	кг	936.0	rub	солод ячменный светлый импортный, дроблёный, pilsner malt, castle malting, мешок 5 кг, ,		https://malt.ru/catalog/solod/solod-yachmennyy-svetlyy-importnyy-droblyenyy-pilsner-malt-castle-malting-meshok-5-kg-/						
521	malt	дробленный castle malting vienna	castle malting	бельгия		grainrus	5.0	кг	950.0	rub	солод ячменный светлый импортный, дроблёный, vienna malt, castle malting, мешок 5 кг		https://malt.ru/catalog/solod/solod-yachmennyy-svetlyy-importnyy-droblyenyy-vienna-malt-castle-malting-meshok-5-kg/						
523	malt	дробленный castle malting munich	castle malting	бельгия		grainrus	5.0	кг	977.0	rub	солод ячменный специальный импортный, дроблёный, munich malt, castle malting, мешок 5 кг		https://malt.ru/catalog/solod/solod-yachmennyy-spetsialnyy-importnyy-droblyenyy-munich-malt-castle-malting-meshok-5-kg/						
592	malt	венский / vienna	ireks	германия	солод венский	beer.rf	1.0	кг	241.0	rub	базовый солод. придает пиву немного более интенсивный аромат солода и зерна, чем солод pilsner, а также легкие ноты карамели. цвет 8-10 ebc. базовый солод. придает пиву немного более интенсивный аромат солода и зерна, чем солод pilsner, а также легкие ноты карамели. цвет 8-10 ebc.	солод венский от ireks является одним из основных видов солода, который обладает уникальными свойствами, способными придать пиву нежные ароматы солода и зерна с нотками сладковатой карамели. эти ароматы превосходят интенсивность, которую может дать ,базовый солод пильзнер. однако, его вклад в пиво не ограничивается только ароматом. солод венский также придает пиву прекрасный золотистый оттенок, который делает его визуально привлекательным. кроме того, он подчеркивает богатый вкус пива, делая его еще более насыщенным и приятным для питья. солод венский от ireks является одним из основных видов солода, который обладает уникальными свойствами, способными придать пиву нежные ароматы солода и зерна с нотками сладковатой карамели. эти ароматы превосходят интенсивность, которую может дать ,базовый солод пильзнер. однако, его вклад в пиво не ограничивается только ароматом. солод венский также придает пиву прекрасный золотистый оттенок, который делает его визуально привлекательным. кроме того, он подчеркивает богатый вкус пива, делая его еще более насыщенным и приятным для питья. именно благодаря своим уникальным свойствам, солод венский идеально подходит для создания таких немецких пивных стилей, как экспортное и мартовское. эти стили пива известны своей высокой популярностью и востребованностью среди пивных ценителей. солод венский от ireks является одним из основных видов солода, который обладает уникальными свойствами, способными придать пиву нежные ароматы солода и зерна с нотками сладковатой карамели. эти ароматы превосходят интенсивность, которую может дать ,базовый солод пильзнер. однако, его вклад в пиво не ограничивается только ароматом. солод венский также придает пиву прекрасный золотистый оттенок, который делает его визуально привлекательным. кроме того, он подчеркивает богатый вкус пива, делая его еще более насыщенным и приятным для питья. именно благодаря своим уникальным свойствам, солод венский идеально подходит для создания таких немецких пивных стилей, как экспортное и мартовское. эти стили пива известны своей высокой популярностью и востребованностью среди пивных ценителей. характеристики солода венского включают его цветность, которая составляет примерно 8-10 ebc (единицы цветности). это значит, что солод венский придает пиву приятный золотистый оттенок, который добавляет ему визуальную привлекательность. также важно отметить, что солод венский может использоваться в доле засыпи до 100%. это означает, что его можно использовать в качестве основного солода при производстве пива, чтобы достичь желаемого вкуса и аромата. кроме экспортного и мартовского пива, венский солод также подходит для создания других стилей пива, таких как балтийский портер и венский лагер (аналог жигулевского в ссср), а также многи другие сорта пива верхового брожения. его способность придавать пиву богатый вкус и аромат делает его важным ингредиентом для многих пивоваров.	https://бир.рф/shop/1547/desc/solod-venskij-vienna-ireks-1-kg	8.0-10.0 ebc			100.0 %		
593	malt	венский	курский солод	россия	солод венский	beer.rf	5.0	кг	569.0	rub	используется для увеличение цветности и аромата светлых сортов пива. увеличивает полновкусие и придает пиву золотистый оттенок. характерный нежный вкус с ароматом ириски и карамели. цвет: 6-10 ebc используется для увеличение цветности и аромата светлых сортов пива. увеличивает полновкусие и придает пиву золотистый оттенок. характерный нежный вкус с ароматом ириски и карамели. цвет: 6-10 ebc	"настоящий венский солод - это сушеная при более высокой температуре версия пильзенского солода. благодаря этому он способен добавить пиву более насыщенный, ""богатый"" золотистый цвет и обильный вкус. обладает достаточной ферментной силой, чтобы находиться в гармонии с широким спектром специальных солодов. дополнительно отличается характерным солодовым ароматом с привкусом карамели и ириски, способствует усилению стойкости пены. широко известен как основной солод в традиционных европейских янтарных сортах пива, которые характеризуются более насыщенным солодовым вкусом и ароматом: мерцен, фестбир, бок, венский лагер, альтбир, бельгийский пэйл эль и другие. также возможно его использование в небольших пропорциях в сочетании с другими основными солодами для регулирования цвета и вкуса пива."	https://бир.рф/shop/51/desc/solod-venskij-kurskij-solod-5-kg	6.0-10.0 ebc	80.8 %		100.0 %		
594	malt	венский	курский солод	россия	солод венский	beer.rf	25.0	кг	2499.0	rub	применим для придания светлым сортам пива более насыщенного цвета и аромата. усиливает полноту вкуса и придает золотистый оттенок. отличается мягким вкусом с нотками ириски и карамели. цвет: 6-10 ebc. применим для придания светлым сортам пива более насыщенного цвета и аромата. усиливает полноту вкуса и придает золотистый оттенок. отличается мягким вкусом с нотками ириски и карамели. цвет: 6-10 ebc.	"настоящий венский солод - это сушеная при более высокой температуре версия пильзенского солода. благодаря этому он способен добавить пиву более насыщенный, ""богатый"" золотистый цвет и обильный вкус. обладает достаточной ферментной силой, чтобы находиться в гармонии с широким спектром специальных солодов. дополнительно отличается характерным солодовым ароматом с привкусом карамели и ириски, способствует усилению стойкости пены. широко известен как основной солод в традиционных европейских янтарных сортах пива, которые характеризуются более насыщенным солодовым вкусом и ароматом: мерцен, фестбир, бок, венский лагер, альтбир, бельгийский пэйл эль и другие. также возможно его использование в небольших пропорциях в сочетании с другими основными солодами для регулирования цвета и вкуса пива."	https://бир.рф/shop/63/desc/solod-venskij-kurskij-solod-25-kg	6.0-10.0 ebc	80.8 %		100.0 %		
595	malt	венский	курский солод	россия	солод венский	beer.rf	1.0	кг	129.0	rub	применим для придания светлым сортам пива более насыщенного цвета и аромата. усиливает полноту вкуса и придает золотистый оттенок. отличается мягким вкусом с нотками ириски и карамели. цвет: 6-10 ebc. применим для придания светлым сортам пива более насыщенного цвета и аромата. усиливает полноту вкуса и придает золотистый оттенок. отличается мягким вкусом с нотками ириски и карамели. цвет: 6-10 ebc.	"настоящий венский солод - это сушеная при более высокой температуре версия пильзенского солода. благодаря этому он способен добавить пиву более насыщенный, ""богатый"" золотистый цвет и обильный вкус. обладает достаточной ферментной силой, чтобы находиться в гармонии с широким спектром специальных солодов. дополнительно отличается характерным солодовым ароматом с привкусом карамели и ириски, способствует усилению стойкости пены. широко известен как основной солод в традиционных европейских янтарных сортах пива, которые характеризуются более насыщенным солодовым вкусом и ароматом: мерцен, фестбир, бок, венский лагер, альтбир, бельгийский пэйл эль и другие. также возможно его использование в небольших пропорциях в сочетании с другими основными солодами для регулирования цвета и вкуса пива."	https://бир.рф/shop/52/desc/solod-venskij-kurskij-solod-1-kg	6.0-10.0 ebc	80.8 %		100.0 %		
596	malt	бисквит / biscuit	ireks	германия	солод спец. < 50 ebc	beer.rf	25.0	кг	5777.0	rub	придает пиву вкус теплого хлеба, аромат печенья и легкогое ореховое послевкусие. этот тип солода используется для усиления вкуса и аромата, типичных для элей и лагеров. цвет 50 ebc придает пиву вкус теплого хлеба, аромат печенья и легкогое ореховое послевкусие. этот тип солода используется для усиления вкуса и аромата, типичных для элей и лагеров. цвет 50 ebc	солод ireks biscuit malt обогащает пиво не только нежным шоколадным тоном, но и деликатными оттенками печенья, а также лёгким ореховым послевкусием. этот сорт солода наделяет пиво рубиново-каштановым цветом и полным, насыщенным вкусом, гармонично сбалансированным с щедрой, сладкой солодовой палитрой.	https://бир.рф/shop/2134/desc/solod-biskvit-biscuit-ireks-25-kg	45.0-50.0 ebc	76.0 %		30.0 %		
597	malt	бисквит / biscuit	ireks	германия	солод спец. < 50 ebc	beer.rf	1.0	кг	273.0	rub	придает пиву вкус теплого хлеба, аромат печенья и легкое ореховое послевкусие. этот тип солода используется для усиления вкуса и аромата, типичных для элей и лагеров. цвет 50 ebc придает пиву вкус теплого хлеба, аромат печенья и легкое ореховое послевкусие. этот тип солода используется для усиления вкуса и аромата, типичных для элей и лагеров. цвет 50 ebc	солод ireks biscuit malt обогащает пиво не только нежным шоколадным тоном, но и деликатными оттенками печенья, а также лёгким ореховым послевкусием. этот сорт солода наделяет пиво рубиново-каштановым цветом и полным, насыщенным вкусом, гармонично сбалансированным с щедрой, сладкой солодовой палитрой.	https://бир.рф/shop/2087/desc/solod-biskvit-biscuit-ireks-1-kg	45.0-50.0 ebc	76.0 %		30.0 %		
598	malt	пильзнер премиум/ premium pilsner	weyermann	германия	солод пильзенский	beer.rf	5.0	кг	927.37	rub	отличный премиальный светлый солод, обеспечивает особый светлый цвет пиву. подойдет для премиальных пильзнеров и любых других сортов пива. цвет 2-3,5 евс отличный премиальный светлый солод, обеспечивает особый светлый цвет пиву. подойдет для премиальных пильзнеров и любых других сортов пива. цвет 2-3,5 евс	солод extra pale premium pilsner (пильзнер премиум экстра светлый) - обладает очень низким значением цвета, что делает этот солод отличным выбором для континентальных лагеров, а также элей, для получения бледного соломенно-золотистого цвета. этот солод также отлично подойдет для стиля пильзнер в качестве основы вкуса и аромата, которыми ценится этот популярный стиль пива. аромат: сладковато-солодовый с легкими медовыми нотками. стили пива: премиум пильзнер, пильзнер, безалкогольное пиво, пиво с пониженным содержанием алкоголя, любые другие сорта пива.	https://бир.рф/shop/250/desc/solod-pilzner-premium-ehkstra-svetlyj-premium-pilsner-weyermann-5-kg	2.0 ebc					
599	malt	карафа спешл тип 2 / carafa special type 2	weyermann	германия	солод жженый > 500 ebc	beer.rf	0.25	кг	78.21	rub	изготовлен из ячменя с удаленной мякинной оболочкой. усиливает типичный аромат темного пива, а также цвет пива. меньше горечи, чем при использовании обычного жженого солода. цвет: 1100 - 1200 ebc изготовлен из ячменя с удаленной мякинной оболочкой. усиливает типичный аромат темного пива, а также цвет пива. меньше горечи, чем при использовании обычного жженого солода. цвет: 1100 - 1200 ebc	weyermann® carafa® special type 2 - это специальный темно-жареный солод сделанный из высококачественного ярового ячменя. солод не содержит мякинную оболочку при обжарки, что приводит к меньшему содержанию солодовой горечи в пиве, в отличие от weyermann® carafa® type 2. как не обрушенная версии carafa®, он производит богатый цвет, крепость, вкус и аромат, но без резкости и терпкости типичного жженого солода. аромат: лёгкий аромат кофе. стили пива: портер, тёмное пиво, бок, стаут, альтбир, шварцбир.	https://бир.рф/shop/720/desc/solod-karafa-speshl-tip-2-carafa-special-type-2-250-g	1133.2 ebc					
600	malt	караарома / caraaroma	weyermann	германия	солод спец. 200-500 ebc	beer.rf	1.0	кг	319.93	rub	ароматный солод с нотками жареных орехов и тёмной карамели, сладкий кофейный вкус. отлично подходит для янтарных элей и лагеров, стаутов и портеров, боков и дункелей. цвет: 350 - 450 ebc ароматный солод с нотками жареных орехов и тёмной карамели, сладкий кофейный вкус. отлично подходит для янтарных элей и лагеров, стаутов и портеров, боков и дункелей. цвет: 350 - 450 ebc	weyermann® caraaroma® - это барабанной обжарки карамельный солод изготовлены из двухрядного немецкого ячменя. carаaroma® привнесет ноты жареных орехов, темной карамели, сухофруктов, вместе с приданием глубоких янтарных и красных оттенков в готовом пиве. caraaroma® также может быть использован, чтобы улучшить тело в пиве. аромат: ноты жареных орехов, темной карамели, сухофруктов. стили пива: отлично подходит для янтарных элей и лагеров, стаутов и портеров, боков и дункелей.	https://бир.рф/shop/272/desc/solod-karaaroma-caraaroma-weyermann-1-kg	399.0 ebc					
601	malt	ячменный венский / vienna malt	староминский солод	россия	солод венский	beer.rf	25.0	кг	2305.0	rub	пивоваренный базовый солод с более ярким вкусом и янтарным цветом в сравнение с пильзенским солодом. цвет 6-12 ebc пивоваренный базовый солод с более ярким вкусом и янтарным цветом в сравнение с пильзенским солодом. цвет 6-12 ebc	уникальность венского солода / vienna malt заключается в особом способе сушки при более высоких температурах по сравнению с производством пильзенского солода. именно эта технологическая особенность определяет его ключевые характеристики и широкое применение в пивоварении. венский солод придает светлым сортам пива более глубокий, насыщенный золотистый цвет, который значительно отличается от бледности, характерной для пива, сваренного исключительно на пильзенском солоде. этот богатый, «драгоценный» оттенок является одним из главных преимуществ использования венского солода. но не только цвет меняется - солод существенно обогащает вкусовую палитру напитка, добавляя полноту и мягкость. в аромате и вкусе пива, приготовленного с использованием венского солода, отчетливо проявляются нотки карамели и ириски, создающие приятное, сбалансированное ощущение. этот сладковатый, чуть карамельный оттенок прекрасно дополняет, а не затмевает, другие компоненты пивного букета. важным аспектом является и достаточная ферментная активность венского солода. это означает, что он способен эффективно взаимодействовать с другими, специальными солодами, входящими в рецептуру пива, создавая гармоничный и сложный вкус. возможность использования в разных пропорциях - от малых добавок до 100% засыпи - делает его невероятно универсальным инструментом в руках пивовара. добавление небольшого количества венского солода позволяет тонко корректировать цвет и вкусовой профиль готового напитка, добавляя сложности и глубины. венский солод заслуженно занимает почетное место в качестве основного солода при производстве многих традиционных европейских сортов пива янтарного цвета. к таким сортам относятся известные и любимые многими мерцен, фестбир, бок, венский лагер, альтбир, а также бельгийский пэйл эль и другие. эти сорта отличаются более интенсивным и выраженным солодовым вкусом и ароматом, в котором венский солод играет главную роль. он вносит свой значительный вклад в формирование характерного вкусового профиля этих пивных стилей, придавая им полноту и уникальность.	https://бир.рф/shop/1965/desc/solod-jachmennyj-venskij-vienna-malt-starominskij-solod-25-kg	6.0-12.0 евс	78.0 %	12.0 %	100.0 %		
602	malt	шато пэйл эль / pale ale	castle malting	бельгия	солод пэйл эль	beer.rf	25.0	кг	5020.0	rub	более насыщенный и полный вкус, чем у pilsner. усиливает золотистый оттенок и придает пиву приятную ароматику. цвет: 8 ebc более насыщенный и полный вкус, чем у pilsner. усиливает золотистый оттенок и придает пиву приятную ароматику. цвет: 8 ebc	"солод шато пэйл эль (castle malting) - предлагает богатый и полный вкус, превосходящий характер pilsner'а. он обогащает пиво золотистым оттенком и придает ему приятную ароматику. цвет данного солода составляет 8 ebc. этот солод представляет собой светлую базу из бельгии, который был подсушен при температуре от 90 до 95°c. солод шато пэйл эль (castle malting) - предлагает богатый и полный вкус, превосходящий характер pilsner'а. он обогащает пиво золотистым оттенком и придает ему приятную ароматику. цвет данного солода составляет 8 ebc. этот солод представляет собой светлую базу из бельгии, который был подсушен при температуре от 90 до 95°c. обычно используется в качестве основного солода или совместно с солодом ""château pilsen 2rs"" для получения более насыщенного солодового вкуса и более интенсивного цвета пива. благодаря ферментативной активности солода шато пэйл эль, он прекрасно сочетается со специальными солодами, которые не обладают ферментативными свойствами."	https://бир.рф/shop/61/desc/solod-shato-pehjl-ehl-pale-ale-castle-malting-25-kg	8.0 ebc	80.4 %		100.0 %		
603	malt	шато мелано / melano	castle malting	бельгия	солод спец. 50-200 ebc	beer.rf	1.0	кг	278.0	rub	придает пиву насыщенный и полный цвет и стойкий аромат, «обогащает» цветность красных сортов пива. повышает крепость пива. цвет 80 евс придает пиву насыщенный и полный цвет и стойкий аромат, «обогащает» цветность красных сортов пива. повышает крепость пива. цвет 80 евс	"солод melano (castle malting) - является отличным выбором для придания пиву насыщенного и полного цвета, а также стойкого аромата. этот солод также способствует ""обогащению"" цветности красных сортов пива и повышению его крепости. melano имеет цвет 80 евс и характеризуется особым методом обсушки при температуре до 130°c, что приводит к образованию меланоидов в процессе проращивания. этот солод известен своим ароматным характерным вкусом и также называют ""turbo munich""."	https://бир.рф/shop/83/desc/solod-shato-melano-melano-castle-malting-1-kg	80.0 ebc	78.0 %		20.0 %		
604	malt	шато блэк / black	castle malting	бельгия	солод жженый > 500 ebc	beer.rf	0.25	кг	105.0	rub	усиливает аромат пива «с характером», придавая ему более вяжущий вкус, чем остальные цветные солода. готовое пиво обладает легким «дымным» привкусом. цвет 1300 ebc усиливает аромат пива «с характером», придавая ему более вяжущий вкус, чем остальные цветные солода. готовое пиво обладает легким «дымным» привкусом. цвет 1300 ebc		https://бир.рф/shop/728/desc/solod-shato-blehk-black-castle-malting-250-g	1300.0 ebc	73.0 %		6.0 %		
605	malt	пшеничный светлый / wheat light	ireks	германия	солод пшеничный	beer.rf	5.0	кг	1051.0	rub	слабо влияет на цветность сусла, и способствует надежному хлебному вкусу с освежающей кислинкой и терпкостью для пшеничного пива. цвет 3-5 ebc. слабо влияет на цветность сусла, и способствует надежному хлебному вкусу с освежающей кислинкой и терпкостью для пшеничного пива. цвет 3-5 ebc.	солод пшеничный светлый от ireks- это идеальный выбор для пивоваров, которые хотят создать пшеничное пиво с богатым вкусом и ароматом. он обладает высоким содержанием экстрактивных веществ, что придает пиву глубокий и насыщенный вкус. однако, несмотря на это, данный солод не влияет на цвет пива, что позволяет сохранить его светлый оттенок. солод пшеничный светлый от ireks- это идеальный выбор для пивоваров, которые хотят создать пшеничное пиво с богатым вкусом и ароматом. он обладает высоким содержанием экстрактивных веществ, что придает пиву глубокий и насыщенный вкус. однако, несмотря на это, данный солод не влияет на цвет пива, что позволяет сохранить его светлый оттенок. этот солод идеально подходит для использования в качестве основы для пшеничного пива или как компонент пива верхового брожения. он подчеркивает искрящуюся свежесть и типичный вкус пшеничного пива, придавая ему особую привлекательность. благодаря своим характеристикам, солод пшеничный светлый может быть использован в различных стилях пива, включая вайценбир, эль, стаут, портер, кёльш, альтбир, а также во всех сортах многозернового пива. цветность солода составляет от 3 до 5 ebc (1,6-2,3 ловибонд), что позволяет контролировать цвет пива и достичь желаемого оттенка. он рекомендуется засыпать в дозе до 80% от общего количества солода, чтобы достичь оптимального баланса в рецепте пшеничного пива.	https://бир.рф/shop/1557/desc/solod-pshenichnyj-svetlyj-wheat-light-ireks-5-kg	3.0-5.0 ebc			80.0 %		
606	malt	мюнхенский тип 2	курский солод	россия	солод мюнхенский	beer.rf	5.0	кг	580.0	rub	изготовлен из двухрядного ячменя мягким подсушиванием зерен. придает пиву слабый аромат хлеба и улучшает пеностойкость готового пива. рекомендуется для варки темных сортов пива и придает характерный солодовый полный вкус. цвет: 19-25 ebc изготовлен из двухрядного ячменя мягким подсушиванием зерен. придает пиву слабый аромат хлеба и улучшает пеностойкость готового пива. рекомендуется для варки темных сортов пива и придает характерный солодовый полный вкус. цвет: 19-25 ebc	солод мюнхенский тип 2 - это высококачественный солод, произведенный из двухрядного ячменя с использованием мягкого подсушивания зерен. он отличается слабым ароматом хлеба и способствует улучшению пеностойкости пива. этот солод рекомендуется использовать для варки темных сортов пива, так как он придает им характерный солодовый полный вкус. его цвет составляет 19-25 ebc, что делает его самым темным базовым солодом. это достигается благодаря специальным режимам проращивания и сушки, которые повышают содержание меланоидинов в солоде.меланоидины придают пиву яркий ореховый аромат, насыщенную палитру вкуса и красноватый оттенок. несмотря на то, что более высокая температура сушки разрушает большую часть ферментов, все равно есть возможность выбора между светлой (тип 1) и более темной (тип 2) версиями мюнхенского солода. многие производители рекомендуют использовать светлую версию до 80-100% и темную до 60% в сочетании с базовым солодом. мюнхенский солод обычно применяется в темных лагерах и элях, особенно в мюнхенских темных стилях пива.	https://бир.рф/shop/34/desc/solod-mjunkhenskij-tip-2-kurskij-solod-5-kg	19.0-25.0 ebc	80.0 %		50.0 %		
607	malt	кислый / sour	ireks	германия	солод кислый	beer.rf	1.0	кг	313.0	rub	благодаря содержанию натуральной молочной кислоты (до 4,5%), прекрасно подходит для корректировки значения рн затора. повышает выход экстракта. цвет 3-4 евс благодаря содержанию натуральной молочной кислоты (до 4,5%), прекрасно подходит для корректировки значения рн затора. повышает выход экстракта. цвет 3-4 евс	кислый солод от компании ireks является идеальным решением для регулирования ph значения сусла благодаря его высокому содержанию натуральной молочной кислоты, которое составляет 4,5%. этот солод отлично справляется с оптимизацией работы ферментов во время затирания, что в итоге приводит к повышению выхода экстракта при варке и способствует снижению цвета и смягчению вкуса в светлых сортах пива. цветность этого солода составляет 3-4 ebc, что позволяет не оказывать влияние на цвет пива. доля засыпи может быть до 5%, что обеспечивает экономичное использование солода для достижения желаемых результатов варки. кислый солод обычно используют в светлых сортах пива для снижения ph затирания с использованием достаточно щелочной воды. кислый солод от компании ireks является идеальным решением для регулирования ph значения сусла благодаря его высокому содержанию натуральной молочной кислоты, которое составляет 4,5%. этот солод отлично справляется с оптимизацией работы ферментов во время затирания, что в итоге приводит к повышению выхода экстракта при варке и способствует снижению цвета и смягчению вкуса в светлых сортах пива. цветность этого солода составляет 3-4 ebc, что позволяет не оказывать влияние на цвет пива. доля засыпи может быть до 5%, что обеспечивает экономичное использование солода для достижения желаемых результатов варки. кислый солод обычно используют в светлых сортах пива для снижения ph затирания с использованием достаточно щелочной воды. кроме того, кислый солод от ireks предлагает еще больше преимуществ. он помогает не только регулировать ph значения сусла, но и вносит свой вклад в улучшение структуры и стабильности пены пива. благодаря высокому содержанию молочной кислоты, солод способствует более эффективному процессу ферментации и повышает ароматические характеристики пива.	https://бир.рф/shop/1580/desc/solod-kislyj-sour-ireks-1-kg	3.0-4.0 ebc	4.5 %		5.0 %		
608	malt	карамельный 20	курский солод	россия	солод спец. < 50 ebc	beer.rf	1.0	кг	145.0	rub	придает пиву мягкий карамельный аромат и золотистый цвет. цвет: 20 ebc придает пиву мягкий карамельный аромат и золотистый цвет. цвет: 20 ebc	солод карамельный 20 - представляет собой идеальное решение для тех, кто хочет придать своему пиву неповторимый мягкий карамельный аромат и захватывающий золотистый цвет. независимо от того, какую пропорцию вы используете - до 5% или до 20%, солод карамельный 20 насытит вкус и придаст солодовый характер напитку, без значимых изменений в его цвете. к тому же, он с легкостью улучшит пенные качества пива, добавляя нотку изысканности в каждый глоток. отлично подходит для янтарных и темных сортов пива.	https://бир.рф/shop/1608/desc/solod-karamelnyj-20-kurskij-solod-1-kg	15.0-25.0 ebc	75.0 %		20.0 %		
609	malt	карамельный 150 “тиковое дерево” / crystal teak	ireks	германия	солод спец. 50-200 ebc	beer.rf	1.0	кг	293.0	rub	карамельный сорт солода служит для придания цвета, увеличивает пенообразование и придает полноту вкуса с интенсивным карамельным оттенком и мягким ароматом обжаренного солода. цвет 150 ebc. карамельный сорт солода служит для придания цвета, увеличивает пенообразование и придает полноту вкуса с интенсивным карамельным оттенком и мягким ароматом обжаренного солода. цвет 150 ebc.	"солод карамельный 150 ""тиковое дерево"" от ireks - это особый вид солода, который используется в процессе приготовления пива для придания насыщенного цвета и увеличения пенообразования. он также служит для подчеркивания полноты вкуса с интенсивным карамельным оттенком и мягким ароматом обжаренного солода. этот уникальный ""кристаллический"" сорт солода позволяет варьировать цвет пива, одновременно усиливая стойкость пены и подчеркивая его полноту. солод карамельный 150 ""тиковое дерево"" от ireks - это особый вид солода, который используется в процессе приготовления пива для придания насыщенного цвета и увеличения пенообразования. он также служит для подчеркивания полноты вкуса с интенсивным карамельным оттенком и мягким ароматом обжаренного солода. этот уникальный ""кристаллический"" сорт солода позволяет варьировать цвет пива, одновременно усиливая стойкость пены и подчеркивая его полноту. солод ""тиковое дерево"" имеет характеристики, которые делают его идеальным для различных типов и стилей пива. его цветность составляет 140-160 ebc, что позволяет использовать его в темных сортах пива, таких как стаут, шварцбир, дункель и портер, а также в светлых фестбир, экспорт и т.д. в небольших пропорциях. он также может быть использован в других стилях пива для добавления глубины и сложности вкуса. использование солода ""тиковое дерево"" раскрывает богатый аромат карамели и нежный аромат обжаренного солода. этот солод проходит процесс осахаривания, карамелизации и высушивания в обжарочном барабане, что делает его идеальным выбором для создания уникальных пивных рецептов. он добавляет пиву не только цвет и аромат, но также вносит особенный вкусовой профиль."	https://бир.рф/shop/1538/desc/solod-karamelnyj-150-tikovoe-derevo-crystal-teak-ireks-1-kg	140.0-160.0 ebc			15.0 %		
610	malt	карамельный 150	курский солод	россия	солод спец. 50-200 ebc	beer.rf	1.0	кг	147.0	rub	используется для увеличения цветности и аромата пива. придает пиву более насыщенный цвет и характерный, нежный вкус с ароматом ириски и карамели. цвет 150 ebc используется для увеличения цветности и аромата пива. придает пиву более насыщенный цвет и характерный, нежный вкус с ароматом ириски и карамели. цвет 150 ebc	данный вид солода применяется для придания пиву насыщенного цвета и характерного вкуса с нотами ириски и карамели. он является идеальным выбором для тех, кто желает достичь более темного оттенка варки пива. использование cолода карамельного 150 обеспечивает увеличение аромата пива и добавляет нежные нюансы в его вкус. имеет цветность 150 ebc и рекомендуется для готовки эля и других сортов пива.	https://бир.рф/shop/38/desc/solod-karamelnyj-150-kurskij-solod-1-kg	150.0 ebc	75.0 %		20.0 %		
611	malt	карамельный 120 “палисандровое дерево” / crystal rosewood	ireks	германия	солод спец. 50-200 ebc	beer.rf	1.0	кг	283.0	rub	позволяет варьировать цвет пива, повышать стойкость пены и полноту вкуса. одновременно раскрывется насыщенный аромат карамели и нерезкий аромат обжаренного солода. цвет 120 ebc. позволяет варьировать цвет пива, повышать стойкость пены и полноту вкуса. одновременно раскрывется насыщенный аромат карамели и нерезкий аромат обжаренного солода. цвет 120 ebc.	"солод карамельный 120 ""палисандровое дерево"" от ireks - это превосходный кристальный тип солод, производимый в германии. он является идеальным ингредиентом для тех, кто хочет придать своему пиву разнообразный цвет и улучшить его пенообразование и насыщенность вкуса. уникальное сочетание богатого аромата карамели с легкими нотами обжаренного солода делает этот солод с непревзойденным вкусом при каждом глотке. используя карамельный солод ireks ""палисандр"", вы сможете придать вашему напитку интенсивные ноты карамели и приятный, но ненавязчивый аромат обжаренного солода. это отличное решение для тех, кто стремится создать темные сорта пива, такие как стауты, портеры, шварцбиры или светлые фестбиры. солод карамельный 120 ""палисандровое дерево"" от ireks - это превосходный кристальный тип солод, производимый в германии. он является идеальным ингредиентом для тех, кто хочет придать своему пиву разнообразный цвет и улучшить его пенообразование и насыщенность вкуса. уникальное сочетание богатого аромата карамели с легкими нотами обжаренного солода делает этот солод с непревзойденным вкусом при каждом глотке. используя карамельный солод ireks ""палисандр"", вы сможете придать вашему напитку интенсивные ноты карамели и приятный, но ненавязчивый аромат обжаренного солода. это отличное решение для тех, кто стремится создать темные сорта пива, такие как стауты, портеры, шварцбиры или светлые фестбиры. характеристики этого солода впечатляют. цветность составляет 110-130 ebc, что гарантирует насыщенный и привлекательный цвет вашего пива. доля засыпи может достигать до 15%, что позволяет вам контролировать интенсивность карамельного вкуса в зависимости от ваших предпочтений."	https://бир.рф/shop/1537/desc/solod-karamelnyj-120-palisandrovoe-derevo-crystal-rosewood-ireks-1-kg	110.0-130.0 ebc			15.0 %		
612	malt	карамельный 100	курский солод	россия	солод спец. 50-200 ebc	beer.rf	25.0	кг	2808.0	rub	используется для увеличения цветности и аромата пива. придает пиву более насыщенный цвет и характерный, нежный вкус с ароматом ириски и карамели. цвет 100 ebc используется для увеличения цветности и аромата пива. придает пиву более насыщенный цвет и характерный, нежный вкус с ароматом ириски и карамели. цвет 100 ebc	используется для придания пиву более яркого цвета и нежного карамельного вкуса с ароматом ириски и карамели. этот специальный солод изготавливается из отборного ячменя и обладает приятным, полнотелым вкусом с нотками свежеиспеченного хлеба. в зависимости от объема добавления, он придает пиву от легкого до насыщенного янтарного оттенка. кроме того, этот солод улучшает стойкость пены. производитель рекомендует использовать его для янтарного пива и темных лагеров.	https://бир.рф/shop/1513/desc/solod-karamelnyj-100-kurskij-solod-25-kg	100.0 ebc	75.0 %		20.0 %		
613	malt	карамельный 100	курский солод	россия	солод спец. 50-200 ebc	beer.rf	1.0	кг	146.0	rub	используется для увеличения цветности и аромата пива. придает пиву более насыщенный цвет и характерный, нежный вкус с ароматом ириски и карамели. цвет 100 ebc используется для увеличения цветности и аромата пива. придает пиву более насыщенный цвет и характерный, нежный вкус с ароматом ириски и карамели. цвет 100 ebc	используется для придания пиву более яркого цвета и нежного карамельного вкуса с ароматом ириски и карамели. этот специальный солод изготавливается из отборного ячменя и обладает приятным, полнотелым вкусом с нотками свежеиспеченного хлеба. в зависимости от объема добавления, он придает пиву от легкого до насыщенного янтарного оттенка. кроме того, этот солод улучшает стойкость пены. производитель рекомендует использовать его для янтарного пива и темных лагеров.	https://бир.рф/shop/1463/desc/solod-karamelnyj-100-kurskij-solod-1-kg	100.0 ebc	75.0 %		20.0 %		
614	malt	карамельный 10 “берёза” / crystal birch	ireks	германия	солод спец. < 50 ebc	beer.rf	1.0	кг	282.0	rub	применяется для умеренной вариации цвета пива при одновременном повышении полноты вкуса и стойкости пены. цвет 10 ebc. применяется для умеренной вариации цвета пива при одновременном повышении полноты вкуса и стойкости пены. цвет 10 ebc.	"карамельный солод ""берёза"" от компании ireks является отличным ингредиентом для придания пиву не только умеренного оттенка цвета, но и для повышения насыщенности вкуса и стойкости пены. его рекомендуется использовать, если вы стремитесь достичь желаемого цвета пива, улучшить насыщенность вкуса и получить пышную пену. процесс приготовления карамельного солода ""берёза"" включает несколько этапов. сначала происходит осахаривание зерна, что позволяет достичь определенной сладости и аромата. затем идет карамелизация, где сахары из зерна превращаются в карамельные соединения, добавляющие глубину и сложность вкуса и сушится в специальной роторной печи, чтобы сохранить его качества и готовность к использованию. карамельный солод ""берёза"" от компании ireks является отличным ингредиентом для придания пиву не только умеренного оттенка цвета, но и для повышения насыщенности вкуса и стойкости пены. его рекомендуется использовать, если вы стремитесь достичь желаемого цвета пива, улучшить насыщенность вкуса и получить пышную пену. процесс приготовления карамельного солода ""берёза"" включает несколько этапов. сначала происходит осахаривание зерна, что позволяет достичь определенной сладости и аромата. затем идет карамелизация, где сахары из зерна превращаются в карамельные соединения, добавляющие глубину и сложность вкуса и сушится в специальной роторной печи, чтобы сохранить его качества и готовность к использованию. карамельный солод ""берёза"" обладает следующими характеристиками: цветность составляет 10-15 ebc (единиц цвета европейской пивоваренной комиссии), доля засыпи может варьироваться от 5% до 30%. это означает, что вы можете регулировать количество солода в своем рецепте, чтобы достичь желаемого эффекта в пиве. карамельный солод ""берёза"" от компании ireks является отличным ингредиентом для придания пиву не только умеренного оттенка цвета, но и для повышения насыщенности вкуса и стойкости пены. его рекомендуется использовать, если вы стремитесь достичь желаемого цвета пива, улучшить насыщенность вкуса и получить пышную пену. процесс приготовления карамельного солода ""берёза"" включает несколько этапов. сначала происходит осахаривание зерна, что позволяет достичь определенной сладости и аромата. затем идет карамелизация, где сахары из зерна превращаются в карамельные соединения, добавляющие глубину и сложность вкуса и сушится в специальной роторной печи, чтобы сохранить его качества и готовность к использованию. карамельный солод ""берёза"" обладает следующими характеристиками: цветность составляет 10-15 ebc (единиц цвета европейской пивоваренной комиссии), доля засыпи может варьироваться от 5% до 30%. это означает, что вы можете регулировать количество солода в своем рецепте, чтобы достичь желаемого эффекта в пиве. этот вид карамельного солода идеально подходит для различных типов и стилей пива. например, он может использоваться при приготовлении пилзнера, лагера, экспорта, кёльша или любого эля. благодаря своим свойствам, карамельный солод ""берёза"" способен придать вашему пиву уникальный оттенок и богатый вкус, а также обеспечить стабильную и пышную пену."	https://бир.рф/shop/1534/desc/solod-karamelnyj-10-berjoza-crystal-birch-ireks-1-kg	10.0-15.0 ebc			5.0 %		
615	malt	жженый 1400 / black	ireks	германия	солод жженый > 500 ebc	beer.rf	1.0	кг	313.0	rub	сильно обжаренный солод. предназначен для усиления насыщенности цвета и достижения отчётливого жжёного вкуса. цвет 1400 ebc. сильно обжаренный солод. предназначен для усиления насыщенности цвета и достижения отчётливого жжёного вкуса. цвет 1400 ebc.	солод жженый 1400 от ireks - это сорт солода, который проходит интенсивную обжарку для достижения глубокого цвета и насыщенного жженого вкуса. он имеет уникальный оттенок, измеряемый в 1400 единиц по международной шкале цвета (ebc). благодаря сильной обжарке, солод ireks позволяет усилить цвет и придать пиву выразительное послевкусие. этот сорт солода обладает цветностью от 1300 до 1500 ebc и может использоваться в доле до 5% в рецептах пивоварения. он идеально подходит для различных типов и стилей темного пива, таких как шварцбир, портер, стаут и другие крафтовые сорта. жженый солод добавляет не только глубину окраски, но и специфический аромат и вкус к пиву. его жженый характер придаст напитку неповторимую сложность и интенсивность. этот сорт солода может быть использован в крафтовых пивоварнях для создания уникальных и экспериментальных вариаций пива. кроме того, жженый солод имеет положительное влияние на текстуру и плотность пива. он может придать напитку более полное тело и улучшить его структуру. это особенно важно для портера и стаута, которые стремятся к насыщенной и кремовой текстуре. использование жженого солода в пивоварении открывает новые возможности для пивоваров, позволяя им создавать пиво с яркими и сложными вкусовыми профилями. благодаря его особенностям, пиво, приготовленное с использованием этого солода, будет отличаться от обычных вариантов и порадует ценителей пива своей уникальностью и интенсивностью вкуса. его использование позволяет добавить новые измерения в мир пивоварения и удовлетворить самых требовательных пивных гурманов.	https://бир.рф/shop/1544/desc/solod-zhzhenyj-1400-black-ireks-1-kg	1300.0-1500.0 ebc			5.0 %		
616	malt	жженый 1400	курский солод	россия	солод жженый > 500 ebc	beer.rf	0.25	кг	54.0	rub	используется для темных сортов пива, придает глубокий насыщенный темный цвет пиву, а также привносит в аромат нотки кофе, поджаренных орехов. цвет: 1400 ebc используется для темных сортов пива, придает глубокий насыщенный темный цвет пиву, а также привносит в аромат нотки кофе, поджаренных орехов. цвет: 1400 ebc	этот солод идеально подходит для темных сортов пива, обеспечивая им насыщенный темно-коричневый оттенок и приятные нотки кофе и орехов. с его помощью ваше пиво приобретет особый аромат и вкус. рекомендуется добавлять этот солод в конце затирания или перед промывкой затора, чтобы избежать выраженной жженой горечи. самый темный и пряный солод из всего ассортимента курской солодовни.	https://бир.рф/shop/859/desc/solod-zhzhenyj-1400-kurskij-solod-250-g	1300.0-1500.0 ebc			5.0 %		
617	malt	жженый 1400	курский солод	россия	солод жженый > 500 ebc	beer.rf	25.0	кг	3337.0	rub	используется для темных сортов пива, придает глубокий насыщенный темный цвет пиву, а также привносит в аромат нотки кофе, поджаренных орехов. цвет: 1400 ebc используется для темных сортов пива, придает глубокий насыщенный темный цвет пиву, а также привносит в аромат нотки кофе, поджаренных орехов. цвет: 1400 ebc	этот солод идеально подходит для темных сортов пива, обеспечивая им насыщенный темно-коричневый оттенок и приятные нотки кофе и орехов. с его помощью ваше пиво приобретет особый аромат и вкус. рекомендуется добавлять этот солод в конце затирания или перед промывкой затора, чтобы избежать выраженной жженой горечи. самый темный и пряный солод из всего ассортимента курской солодовни.	https://бир.рф/shop/1464/desc/solod-zhzhenyj-1400-kurskij-solod-25-kg	1300.0-1500.0 ebc			5.0 %		
618	malt	жженый 1400	курский солод	россия	солод жженый > 500 ebc	beer.rf	1.0	кг	175.0	rub	используется для темных сортов пива, придает глубокий насыщенный темный цвет пиву, а также привносит в аромат нотки кофе, поджаренных орехов. цвет: 1400 ebc используется для темных сортов пива, придает глубокий насыщенный темный цвет пиву, а также привносит в аромат нотки кофе, поджаренных орехов. цвет: 1400 ebc	этот солод идеально подходит для темных сортов пива, обеспечивая им насыщенный темно-коричневый оттенок и приятные нотки кофе и орехов. с его помощью ваше пиво приобретет особый аромат и вкус. рекомендуется добавлять этот солод в конце затирания или перед промывкой затора, чтобы избежать выраженной жженой горечи. самый темный и пряный солод из всего ассортимента курской солодовни.	https://бир.рф/shop/37/desc/solod-zhzhenyj-1400-kurskij-solod-1-kg	1300.0-1500.0 ebc			5.0 %		
619	malt	гречишный / buckwheat	курский солод	россия	солод гречишный	beer.rf	25.0	кг	4809.0	rub	придает пиву особенный, ореховый и солодовый вкус и аромат. не обладает диастатической силой придает пиву особенный, ореховый и солодовый вкус и аромат. не обладает диастатической силой	солод из гречихи - отличный выбор для изготовления безглютенового пива. он придает напитку уникальный, ореховый и солодовый вкус и аромат. более того, он может быть использован в специализированных сортах пива для достижения насыщенного и глубокого цвета. важно отметить, что этот солод не обладает диастатической активностью.	https://бир.рф/shop/1508/desc/solod-grechishnyj-buckwheat-kurskij-solod-25-kg	5.0 ebc	56.0 %	12.7 %	30.0 %		
620	malt	гречишный / buckwheat	курский солод	россия	солод гречишный	beer.rf	1.0	кг	243.0	rub	придает пиву особенный, ореховый и солодовый вкус и аромат. не обладает диастатической силой придает пиву особенный, ореховый и солодовый вкус и аромат. не обладает диастатической силой	солод из гречихи - отличный выбор для изготовления безглютенового пива. он придает напитку уникальный, ореховый и солодовый вкус и аромат. более того, он может быть использован в специализированных сортах пива для достижения насыщенного и глубокого цвета. важно отметить, что этот солод не обладает диастатической активностью.	https://бир.рф/shop/918/desc/solod-grechishnyj-buckwheat-kurskij-solod-1-kg	5.0 ebc	56.0 %	12.7 %	30.0 %		
621	malt	висковый / whiskey	курский солод	россия	солод вискарный	beer.rf	5.0	кг	754.0	rub	солод предназначен для производства виски и других крепких спиртных напитков премиального качества. дает высокую бродильную активность, соответствующую ферментативность и уровень растворимого азота. цвет: 4 ebc солод предназначен для производства виски и других крепких спиртных напитков премиального качества. дает высокую бродильную активность, соответствующую ферментативность и уровень растворимого азота. цвет: 4 ebc	висковый - это дистилляционный солод, который производится из уникального сорта ячменя. его основное предназначение заключается в использовании при производстве виски и других премиальных дистиллятов. одним из ключевых качеств этого продукта является его повышенная степень сбраживаемости, что делает его идеальным для процесса дистилляции. во-первых, высокая бродильная активность этого солода позволяет получить более качественный и ароматный конечный продукт. это обеспечивает более глубокий и насыщенный вкус виски, делая его более привлекательным для ценителей этого напитка. кроме того, дистилляционный солод имеет высокий уровень растворимого азота, что способствует более эффективному процессу брожения и увеличивает выход готового продукта. этот фактор также влияет на конечный вкус и качество виски, делая его более гармоничным и богатым. не менее важным аспектом является то, что дистилляционный солод может использоваться в дозировке до 100%. это означает, что он может полностью составлять основу сусла для дистилляции. этот показатель говорит о его отличной осахаривающей способности, обеспечивающей высокое содержание сбраживаемых углеводов и глубокую степень сбраживания сусла. висковый - это дистилляционный солод, который производится из уникального сорта ячменя. его основное предназначение заключается в использовании при производстве виски и других премиальных дистиллятов. одним из ключевых качеств этого продукта является его повышенная степень сбраживаемости, что делает его идеальным для процесса дистилляции. во-первых, высокая бродильная активность этого солода позволяет получить более качественный и ароматный конечный продукт. это обеспечивает более глубокий и насыщенный вкус виски, делая его более привлекательным для ценителей этого напитка. кроме того, дистилляционный солод имеет высокий уровень растворимого азота, что способствует более эффективному процессу брожения и увеличивает выход готового продукта. этот фактор также влияет на конечный вкус и качество виски, делая его более гармоничным и богатым. не менее важным аспектом является то, что дистилляционный солод может использоваться в дозировке до 100%. это означает, что он может полностью составлять основу сусла для дистилляции. этот показатель говорит о его отличной осахаривающей способности, обеспечивающей высокое содержание сбраживаемых углеводов и глубокую степень сбраживания сусла. важно отметить, что выбор качественного дистилляционного солода играет решающую роль в производстве высококлассного виски. его уникальные свойства и специфика позволяют создавать напитки с неповторимым вкусом и ароматом, которые ценятся ценителями виски по всему миру.	https://бир.рф/shop/1754/desc/solod-viskovyj-whiskey-kurskij-solod-5-kg	3.5-4.5 ebc			100.0 %		
622	malt	висковый / whiskey	курский солод	россия	солод вискарный	beer.rf	25.0	кг	3350.0	rub	солод предназначен для производства виски и других крепких спиртных напитков премиального качества. дает высокую бродильную активность, соответствующую ферментативность и уровень растворимого азота. цвет: 4 ebc солод предназначен для производства виски и других крепких спиртных напитков премиального качества. дает высокую бродильную активность, соответствующую ферментативность и уровень растворимого азота. цвет: 4 ebc	висковый - это дистилляционный солод, который производится из уникального сорта ячменя. его основное предназначение заключается в использовании при производстве виски и других премиальных дистиллятов. одним из ключевых качеств этого продукта является его повышенная степень сбраживаемости, что делает его идеальным для процесса дистилляции. во-первых, высокая бродильная активность этого солода позволяет получить более качественный и ароматный конечный продукт. это обеспечивает более глубокий и насыщенный вкус виски, делая его более привлекательным для ценителей этого напитка. кроме того, дистилляционный солод имеет высокий уровень растворимого азота, что способствует более эффективному процессу брожения и увеличивает выход готового продукта. этот фактор также влияет на конечный вкус и качество виски, делая его более гармоничным и богатым. не менее важным аспектом является то, что дистилляционный солод может использоваться в дозировке до 100%. это означает, что он может полностью составлять основу сусла для дистилляции. этот показатель говорит о его отличной осахаривающей способности, обеспечивающей высокое содержание сбраживаемых углеводов и глубокую степень сбраживания сусла. висковый - это дистилляционный солод, который производится из уникального сорта ячменя. его основное предназначение заключается в использовании при производстве виски и других премиальных дистиллятов. одним из ключевых качеств этого продукта является его повышенная степень сбраживаемости, что делает его идеальным для процесса дистилляции. во-первых, высокая бродильная активность этого солода позволяет получить более качественный и ароматный конечный продукт. это обеспечивает более глубокий и насыщенный вкус виски, делая его более привлекательным для ценителей этого напитка. кроме того, дистилляционный солод имеет высокий уровень растворимого азота, что способствует более эффективному процессу брожения и увеличивает выход готового продукта. этот фактор также влияет на конечный вкус и качество виски, делая его более гармоничным и богатым. не менее важным аспектом является то, что дистилляционный солод может использоваться в дозировке до 100%. это означает, что он может полностью составлять основу сусла для дистилляции. этот показатель говорит о его отличной осахаривающей способности, обеспечивающей высокое содержание сбраживаемых углеводов и глубокую степень сбраживания сусла. важно отметить, что выбор качественного дистилляционного солода играет решающую роль в производстве высококлассного виски. его уникальные свойства и специфика позволяют создавать напитки с неповторимым вкусом и ароматом, которые ценятся ценителями виски по всему миру.	https://бир.рф/shop/1751/desc/solod-viskovyj-whiskey-kurskij-solod-25-kg	3.5-4.5 ebc			100.0 %		
623	malt	висковый / whiskey	курский солод	россия	солод вискарный	beer.rf	1.0	кг	170.0	rub	солод предназначен для производства виски и других крепких спиртных напитков премиального качества. дает высокую бродильную активность, соответствующую ферментативность и уровень растворимого азота. цвет: 4 ebc солод предназначен для производства виски и других крепких спиртных напитков премиального качества. дает высокую бродильную активность, соответствующую ферментативность и уровень растворимого азота. цвет: 4 ebc	висковый - это дистилляционный солод, который производится из уникального сорта ячменя. его основное предназначение заключается в использовании при производстве виски и других премиальных дистиллятов. одним из ключевых качеств этого продукта является его повышенная степень сбраживаемости, что делает его идеальным для процесса дистилляции. во-первых, высокая бродильная активность этого солода позволяет получить более качественный и ароматный конечный продукт. это обеспечивает более глубокий и насыщенный вкус виски, делая его более привлекательным для ценителей этого напитка. кроме того, дистилляционный солод имеет высокий уровень растворимого азота, что способствует более эффективному процессу брожения и увеличивает выход готового продукта. этот фактор также влияет на конечный вкус и качество виски, делая его более гармоничным и богатым. не менее важным аспектом является то, что дистилляционный солод может использоваться в дозировке до 100%. это означает, что он может полностью составлять основу сусла для дистилляции. этот показатель говорит о его отличной осахаривающей способности, обеспечивающей высокое содержание сбраживаемых углеводов и глубокую степень сбраживания сусла. висковый - это дистилляционный солод, который производится из уникального сорта ячменя. его основное предназначение заключается в использовании при производстве виски и других премиальных дистиллятов. одним из ключевых качеств этого продукта является его повышенная степень сбраживаемости, что делает его идеальным для процесса дистилляции. во-первых, высокая бродильная активность этого солода позволяет получить более качественный и ароматный конечный продукт. это обеспечивает более глубокий и насыщенный вкус виски, делая его более привлекательным для ценителей этого напитка. кроме того, дистилляционный солод имеет высокий уровень растворимого азота, что способствует более эффективному процессу брожения и увеличивает выход готового продукта. этот фактор также влияет на конечный вкус и качество виски, делая его более гармоничным и богатым. не менее важным аспектом является то, что дистилляционный солод может использоваться в дозировке до 100%. это означает, что он может полностью составлять основу сусла для дистилляции. этот показатель говорит о его отличной осахаривающей способности, обеспечивающей высокое содержание сбраживаемых углеводов и глубокую степень сбраживания сусла. важно отметить, что выбор качественного дистилляционного солода играет решающую роль в производстве высококлассного виски. его уникальные свойства и специфика позволяют создавать напитки с неповторимым вкусом и ароматом, которые ценятся ценителями виски по всему миру.	https://бир.рф/shop/1753/desc/solod-viskovyj-whiskey-kurskij-solod-1-kg	3.5-4.5 ebc			100.0 %		
624	malt	венский / vienna	ireks	германия	солод венский	beer.rf	5.0	кг	1102.0	rub	базовый солод. придает пиву немного более интенсивный аромат солода и зерна, чем солод pilsner, а также легкие ноты карамели. цвет 8-10 ebc. базовый солод. придает пиву немного более интенсивный аромат солода и зерна, чем солод pilsner, а также легкие ноты карамели. цвет 8-10 ebc.	солод венский от ireks является одним из основных видов солода, который обладает уникальными свойствами, способными придать пиву нежные ароматы солода и зерна с нотками сладковатой карамели. эти ароматы превосходят интенсивность, которую может дать ,базовый солод пильзнер. однако, его вклад в пиво не ограничивается только ароматом. солод венский также придает пиву прекрасный золотистый оттенок, который делает его визуально привлекательным. кроме того, он подчеркивает богатый вкус пива, делая его еще более насыщенным и приятным для питья. солод венский от ireks является одним из основных видов солода, который обладает уникальными свойствами, способными придать пиву нежные ароматы солода и зерна с нотками сладковатой карамели. эти ароматы превосходят интенсивность, которую может дать ,базовый солод пильзнер. однако, его вклад в пиво не ограничивается только ароматом. солод венский также придает пиву прекрасный золотистый оттенок, который делает его визуально привлекательным. кроме того, он подчеркивает богатый вкус пива, делая его еще более насыщенным и приятным для питья. именно благодаря своим уникальным свойствам, солод венский идеально подходит для создания таких немецких пивных стилей, как экспортное и мартовское. эти стили пива известны своей высокой популярностью и востребованностью среди пивных ценителей. солод венский от ireks является одним из основных видов солода, который обладает уникальными свойствами, способными придать пиву нежные ароматы солода и зерна с нотками сладковатой карамели. эти ароматы превосходят интенсивность, которую может дать ,базовый солод пильзнер. однако, его вклад в пиво не ограничивается только ароматом. солод венский также придает пиву прекрасный золотистый оттенок, который делает его визуально привлекательным. кроме того, он подчеркивает богатый вкус пива, делая его еще более насыщенным и приятным для питья. именно благодаря своим уникальным свойствам, солод венский идеально подходит для создания таких немецких пивных стилей, как экспортное и мартовское. эти стили пива известны своей высокой популярностью и востребованностью среди пивных ценителей. характеристики солода венского включают его цветность, которая составляет примерно 8-10 ebc (единицы цветности). это значит, что солод венский придает пиву приятный золотистый оттенок, который добавляет ему визуальную привлекательность. также важно отметить, что солод венский может использоваться в доле засыпи до 100%. это означает, что его можно использовать в качестве основного солода при производстве пива, чтобы достичь желаемого вкуса и аромата. кроме экспортного и мартовского пива, венский солод также подходит для создания других стилей пива, таких как балтийский портер и венский лагер (аналог жигулевского в ссср), а также многи другие сорта пива верхового брожения. его способность придавать пиву богатый вкус и аромат делает его важным ингредиентом для многих пивоваров.	https://бир.рф/shop/1548/desc/solod-venskij-vienna-ireks-5-kg	8.0-10.0 ebc			100.0 %		
625	malt	венский / vienna	ireks	германия	солод венский	beer.rf	25.0	кг	5006.0	rub	базовый солод. придает пиву немного более интенсивный аромат солода и зерна, чем солод pilsner, а также легкие ноты карамели. цвет 8-10 ebc. базовый солод. придает пиву немного более интенсивный аромат солода и зерна, чем солод pilsner, а также легкие ноты карамели. цвет 8-10 ebc.	солод венский от ireks является одним из основных видов солода, который обладает уникальными свойствами, способными придать пиву нежные ароматы солода и зерна с нотками сладковатой карамели. эти ароматы превосходят интенсивность, которую может дать ,базовый солод пильзнер. однако, его вклад в пиво не ограничивается только ароматом. солод венский также придает пиву прекрасный золотистый оттенок, который делает его визуально привлекательным. кроме того, он подчеркивает богатый вкус пива, делая его еще более насыщенным и приятным для питья. солод венский от ireks является одним из основных видов солода, который обладает уникальными свойствами, способными придать пиву нежные ароматы солода и зерна с нотками сладковатой карамели. эти ароматы превосходят интенсивность, которую может дать ,базовый солод пильзнер. однако, его вклад в пиво не ограничивается только ароматом. солод венский также придает пиву прекрасный золотистый оттенок, который делает его визуально привлекательным. кроме того, он подчеркивает богатый вкус пива, делая его еще более насыщенным и приятным для питья. именно благодаря своим уникальным свойствам, солод венский идеально подходит для создания таких немецких пивных стилей, как экспортное и мартовское. эти стили пива известны своей высокой популярностью и востребованностью среди пивных ценителей. солод венский от ireks является одним из основных видов солода, который обладает уникальными свойствами, способными придать пиву нежные ароматы солода и зерна с нотками сладковатой карамели. эти ароматы превосходят интенсивность, которую может дать ,базовый солод пильзнер. однако, его вклад в пиво не ограничивается только ароматом. солод венский также придает пиву прекрасный золотистый оттенок, который делает его визуально привлекательным. кроме того, он подчеркивает богатый вкус пива, делая его еще более насыщенным и приятным для питья. именно благодаря своим уникальным свойствам, солод венский идеально подходит для создания таких немецких пивных стилей, как экспортное и мартовское. эти стили пива известны своей высокой популярностью и востребованностью среди пивных ценителей. характеристики солода венского включают его цветность, которая составляет примерно 8-10 ebc (единицы цветности). это значит, что солод венский придает пиву приятный золотистый оттенок, который добавляет ему визуальную привлекательность. также важно отметить, что солод венский может использоваться в доле засыпи до 100%. это означает, что его можно использовать в качестве основного солода при производстве пива, чтобы достичь желаемого вкуса и аромата. кроме экспортного и мартовского пива, венский солод также подходит для создания других стилей пива, таких как балтийский портер и венский лагер (аналог жигулевского в ссср), а также многи другие сорта пива верхового брожения. его способность придавать пиву богатый вкус и аромат делает его важным ингредиентом для многих пивоваров.	https://бир.рф/shop/1549/desc/solod-venskij-vienna-ireks-25-kg	8.0-10.0 ebc			100.0 %		
626	malt	карамюнх тип 3 / caramunich type 3	weyermann	германия	солод спец. 50-200 ebc	beer.rf	1.0	кг	310.3	rub	применяется для приготовления мартовского пива, боков, портеров и стаутов, янтарных и коричневых элей. цвет 150 ebc применяется для приготовления мартовского пива, боков, портеров и стаутов, янтарных и коричневых элей. цвет 150 ebc		https://бир.рф/shop/927/desc/solod-karamjunkh-tip-3-caramunich-type-3-weyermann-1-kg	150.0 ebc					
627	malt	карамельный 50	курский солод	россия	солод спец. 50-200 ebc	beer.rf	25.0	кг	2816.0	rub	используется для увеличения цветности и аромата пива. придает пиву более насыщенный цвет и характерный, нежный вкус с ароматом ириски и карамели. цвет 50 ebc используется для увеличения цветности и аромата пива. придает пиву более насыщенный цвет и характерный, нежный вкус с ароматом ириски и карамели. цвет 50 ebc	карамельный солод 50 - создан для придания яркости и аромата светлым и полутемным сортам пива. его 50 ebc цвет добавляет насыщенность и неповторимость, обогащая напиток сладковатым вкусом ирисок и карамели, а также повышая его пеностойкость и полнотелость. насладитесь более насыщенным и характерным пивным опытом благодаря нашему солоду.	https://бир.рф/shop/1441/desc/solod-karamelnyj-50-kurskij-solod-25-kg	40.0-60.0 ebc	75.0 %		30.0 %		
628	malt	карамельный 50	курский солод	россия	солод спец. < 50 ebc	beer.rf	1.0	кг	148.0	rub	используется для увеличения цветности и аромата пива в светлых и полутемных сортах пива. цвет 50 ebc используется для увеличения цветности и аромата пива в светлых и полутемных сортах пива. цвет 50 ebc	карамельный солод 50 - создан для придания яркости и аромата светлым и полутемным сортам пива. его 50 ebc цвет добавляет насыщенность и неповторимость, обогащая напиток сладковатым вкусом ирисок и карамели, а также повышая его пеностойкость и полнотелость. насладитесь более насыщенным и характерным пивным опытом благодаря нашему солоду.	https://бир.рф/shop/39/desc/solod-karamelnyj-50-kurskij-solod-1-kg	40.0-60.0 ebc	75.0 %		30.0 %		
629	malt	карамельный 400 “эбеновое дерево” / crystal ebony	ireks	германия	солод спец. 200-500 ebc	beer.rf	1.0	кг	316.0	rub	в небольших количествах используется при производстве светлых сортов пива для корректировки цвета без существенного влияния на вкус. у пива тёмных сортов - улучшается насыщенность цвета, полнота вкуса и стойкость пены. цвет 400 ebc. в небольших количествах используется при производстве светлых сортов пива для корректировки цвета без существенного влияния на вкус. у пива тёмных сортов - улучшается насыщенность цвета, полнота вкуса и стойкость пены. цвет 400 ebc.	"солод карамельный 400 ""эбеновое дерево"" является важным ингредиентом при производстве пива. он используется в небольших дозах для придания светлым сортам пива более насыщенного цвета, не влияя существенно на его вкус. однако для темных сортов пива этот солод имеет большое значение, так как он улучшает интенсивность цвета, придает пиву полноту вкуса и обеспечивает стойкую пену. солод карамельный 400 также обладает вариативностью в цвете, что позволяет создавать разнообразные оттенки пива. благодаря этому солоду можно достичь не только желаемого цвета, но и усилить стойкость пены и полноту вкуса. при его использовании в пивоварении раскрывается богатый аромат карамели и нежный аромат жареного солода, что придает пиву особую привлекательность и уникальность."	https://бир.рф/shop/1539/desc/solod-karamelnyj-400-ehbenovoe-derevo-crystal-ebony-ireks-1-kg	380.0-420.0 ebc			10.0 %		
630	malt	карамельный 4 “клён” / crystal maple	ireks	германия	солод спец. < 50 ebc	beer.rf	1.0	кг	284.0	rub	предназначен для повышения стойкости пены и полноты вкуса у очень светлых сортов пива, не оказывая отрицательного влияния на его цвет. цвет 4 ebc. предназначен для повышения стойкости пены и полноты вкуса у очень светлых сортов пива, не оказывая отрицательного влияния на его цвет. цвет 4 ebc.	"карамельный солод ""клен"" от компании ireks предназначен для усиления стойкости пены и насыщенности вкуса в светлых сортах пива, при этом сохраняя их цветовые характеристики. этот вид солода является самым бледным из карамельной линейки продукции ireks. он способствует образованию плотной пены и придает светлым сортам более насыщенный вкус, не влияя на их цветовые оттенки. светлый карамельный солод ""клен"" имеет цветность в диапазоне от 3 до 6 ebc и рекомендуется использовать в доле засыпи от 3 до 10 процентов. этот солод идеально подходит для светлых сортов пива, таких как пилзнер, лагер, кельш, а также слабоалкогольного. карамельный солод ""клен"" от компании ireks предназначен для усиления стойкости пены и насыщенности вкуса в светлых сортах пива, при этом сохраняя их цветовые характеристики. этот вид солода является самым бледным из карамельной линейки продукции ireks. он способствует образованию плотной пены и придает светлым сортам более насыщенный вкус, не влияя на их цветовые оттенки. светлый карамельный солод ""клен"" имеет цветность в диапазоне от 3 до 6 ebc и рекомендуется использовать в доле засыпи от 3 до 10 процентов. этот солод идеально подходит для светлых сортов пива, таких как пилзнер, лагер, кельш, а также слабоалкогольного. кроме того, этот солод обладает уникальными свойствами, которые способствуют насыщенности вкуса пива. он добавляет нотки карамели и сладости, придавая более полный и глубокий вкус. это особенно важно для светлых сортов пива, которые часто имеют более нейтральный вкус. с использованием карамельного солода ""клен"" вы можете придать своему пиву более выразительный и насыщенный вкус, делая его более привлекательным для поклонников пенного напитка."	https://бир.рф/shop/1536/desc/solod-karamelnyj-4-kljon-crystal-maple-ireks-1-kg	3.0-6.0 ebc			3.0-10.0 %		
631	malt	карамельный 300 двойной обжарки	курский солод	россия	солод спец. 200-500 ebc	beer.rf	0.25	кг	45.0	rub	используется для получения насыщенного пива темно-коричневого цвета с уникальным привкусом изюма, карамели, орехов и слив. цвет: 250 - 350 ebc используется для получения насыщенного пива темно-коричневого цвета с уникальным привкусом изюма, карамели, орехов и слив. цвет: 250 - 350 ebc	солод карамельный 300 двойной обжарки - прекрасно подходит для приготовления крепкого темного пива, придающего напитку богатый коричневый оттенок и неповторимый вкус сочетания изюма, карамели, орехов и сливы. оптимальная замена шоколадных и жженых солодов, если необходимо избежать горечи в пиве.	https://бир.рф/shop/808/desc/solod-karamelnyj-300-dvojnoj-obzharki-kurskij-solod-250-g	250.0-350.0 ebc	75.0 %				
632	malt	карамельный 300 двойной обжарки	курский солод	россия	солод спец. 200-500 ebc	beer.rf	25.0	кг	2848.0	rub	используется для получения насыщенного пива темно-коричневого цвета с уникальным привкусом изюма, карамели, орехов и слив. цвет: 250 - 350 ebc используется для получения насыщенного пива темно-коричневого цвета с уникальным привкусом изюма, карамели, орехов и слив. цвет: 250 - 350 ebc	солод карамельный 300 двойной обжарки - прекрасно подходит для приготовления крепкого темного пива, придающего напитку богатый коричневый оттенок и неповторимый вкус сочетания изюма, карамели, орехов и сливы. оптимальная замена для шоколадных и жженых солодов, если необходимо избежать горечи в пиве.	https://бир.рф/shop/1470/desc/solod-karamelnyj-300-dvojnoj-obzharki-kurskij-solod-25-kg	250.0-350.0 ebc	75.0 %				
633	malt	карамельный 300 двойной обжарки	курский солод	россия	солод спец. 200-500 ebc	beer.rf	1.0	кг	150.0	rub	используется для получения насыщенного пива темно-коричневого цвета с уникальным привкусом изюма, карамели, орехов и слив. цвет: 250 - 350 ebc используется для получения насыщенного пива темно-коричневого цвета с уникальным привкусом изюма, карамели, орехов и слив. цвет: 250 - 350 ebc	солод карамельный 300 двойной обжарки - прекрасно подходит для приготовления крепкого темного пива, придающего напитку богатый коричневый оттенок и неповторимый вкус сочетания изюма, карамели, орехов и сливы. оптимальная замена шоколадных и жженых солодов, если необходимо избежать горечи в пиве.	https://бир.рф/shop/807/desc/solod-karamelnyj-300-dvojnoj-obzharki-kurskij-solod-1-kg	250.0-350.0 ebc	75.0 %				
634	malt	карамельный 300	курский солод	россия	солод спец. 200-500 ebc	beer.rf	0.25	кг	45.0	rub	самый темный карамельный солод из линейки карамельных солодов, придает глубокий и насыщенный цвет, а также яркий карамельный аромат с ореховыми нотками. цвет: 280 - 320 ebc самый темный карамельный солод из линейки карамельных солодов, придает глубокий и насыщенный цвет, а также яркий карамельный аромат с ореховыми нотками. цвет: 280 - 320 ebc	солод карамельный 300 - представляющий самый темный оттенок в линейке карамельных солодов. его использование обеспечивает глубокий и насыщенный цвет пива, а также приятный аромат карамели с нотками ореха. цветовая гамма: 280 - 320 ebc. занимающий лидирующее положение среди карамельных солодов, продукт способен добавить солодовый шарм и неповторимый характер пиву.	https://бир.рф/shop/1289/desc/solod-karamelnyj-300-kurskij-solod-250-g	280.0-320.0 ebc	75.0 %				
635	malt	карамельный 300	курский солод	россия	солод спец. 200-500 ebc	beer.rf	25.0	кг	2810.0	rub	самый темный карамельный солод из линейки карамельных солодов, придает глубокий и насыщенный цвет, а также яркий карамельный аромат с ореховыми нотками. цвет: 280 - 320 ebc самый темный карамельный солод из линейки карамельных солодов, придает глубокий и насыщенный цвет, а также яркий карамельный аромат с ореховыми нотками. цвет: 280 - 320 ebc	солод карамельный 300 - представляющий самый темный оттенок в линейке карамельных солодов. его использование обеспечивает глубокий и насыщенный цвет пива, а также приятный аромат карамели с нотками ореха. цветовая гамма: 280 - 320 ebc. занимающий лидирующее положение среди карамельных солодов, продукт способен добавить солодовый шарм и неповторимый характер пиву.	https://бир.рф/shop/1469/desc/solod-karamelnyj-300-kurskij-solod-25-kg	280.0-320.0 ebc	75.0 %				
636	malt	карамельный 300	курский солод	россия	солод спец. 200-500 ebc	beer.rf	1.0	кг	148.0	rub	самый темный карамельный солод из линейки карамельных солодов, придает глубокий и насыщенный цвет, а также яркий карамельный аромат с ореховыми нотками. цвет: 280 - 320 ebc самый темный карамельный солод из линейки карамельных солодов, придает глубокий и насыщенный цвет, а также яркий карамельный аромат с ореховыми нотками. цвет: 280 - 320 ebc	солод карамельный 300 - представляющий самый темный оттенок в линейке карамельных солодов. его использование обеспечивает глубокий и насыщенный цвет пива, а также приятный аромат карамели с нотками ореха. цветовая гамма: 280 - 320 ebc. занимающий лидирующее положение среди карамельных солодов, продукт способен добавить солодовый шарм и неповторимый характер пиву.	https://бир.рф/shop/1288/desc/solod-karamelnyj-300-kurskij-solod-1-kg	280.0-320.0 ebc	75.0 %				
637	malt	карамельный 30 “дуб” / crystal oak	ireks	германия	солод спец. < 50 ebc	beer.rf	1.0	кг	279.0	rub	не только придаёт пиву спокойные коричневые оттенки и улучшает стойкость пены, но одновременно вносит в него мягкие ноты карамели. цвет 30 ebc. не только придаёт пиву спокойные коричневые оттенки и улучшает стойкость пены, но одновременно вносит в него мягкие ноты карамели. цвет 30 ebc.	"солод карамельный 30 ""дуб"" - это особый вид солода, предоставляемый компанией ireks, который придает пиву спокойные коричневые оттенки и улучшает стойкость пены. но его влияние на пиво не ограничивается только внешним видом. этот солод также обогащает напиток неповторимыми нотами мягкой карамели, добавляя нежности и обольщающего аромата. процесс создания этого уникального солода включает несколько ключевых этапов. один из них - осахаривание, где крахмал в зерне превращается в сахара, которые в последующем будут использоваться дрожжами для брожения. другой важный этап - карамелизация, которая придает солоду его характерный коричневый оттенок. во время этого процесса сахар из зерна солода превращается в карамель, придавая пиву неповторимый вкус и аромат. солод карамельный ""дуб"" имеет цветность в диапазоне от 25 до 35 ebc, что соответствует легкому коричневому оттенку. доля засыпи этого солода может варьироваться от 5% до 30%, в зависимости от желаемого эффекта в пиве. этот солод идеально подходит для светлых сортов пива, таких как экспорт, фестбир (праздничное пиво) и мартовское пиво. добавление солода карамельный 30 ""дуб"" в ваш рецепт пива придаст ему не только уникальный внешний вид, но и богатый вкус и аромат мягкой карамели. это отличный способ придать вашему пиву некоторую нежность и обольщение, которые будут радовать ваши вкусовые рецепторы. попробуйте экспериментировать с различными долями засыпи этого солода, чтобы найти идеальное сочетание вкуса и цвета для вашего пива."	https://бир.рф/shop/1535/desc/solod-karamelnyj-30-dub-crystal-oak-ireks-1-kg	25.0-35.0 ebc			5.0-30.0 %		
638	malt	карамельный 250	курский солод	россия	солод спец. 200-500 ebc	beer.rf	25.0	кг	2850.0	rub	ячменный, темный карамельный солод, придает насыщенный карамельный привкус и аромат, темный цвет. цветность: 250 ebc ячменный, темный карамельный солод, придает насыщенный карамельный привкус и аромат, темный цвет. цветность: 250 ebc	карамельный солод 250 - наделен уникальными свойствами, которые делают его желанным ингредиентом для опытных пивоваров и пиволюбов. почувствуйте богатый и вкусный оттенок карамели и насладитесь приятным ароматом, которые добавят неповторимого насыщенного настроения в вашем пиве. карамельный солод 250 - наделен уникальными свойствами, которые делают его желанным ингредиентом для опытных пивоваров и пиволюбов. почувствуйте богатый и вкусный оттенок карамели и насладитесь приятным ароматом, которые добавят неповторимого насыщенного настроения в вашем пиве. этот карамельный ячменный солод не только придаст вашему пиву темный цвет, но и наделит его весьма привлекательными свойствами. оцените ценность и качество этого солода с его цветом, равным 250 ebc.	https://бир.рф/shop/1519/desc/solod-karamelnyj-250-kurskij-solod-25-kg	250.0 ebc	75.0 %				
639	malt	карамельный 250	курский солод	россия	солод спец. 200-500 ebc	beer.rf	1.0	кг	148.0	rub	ячменный, темный карамельный солод, придает насыщенный карамельный привкус и аромат, темный цвет. цветность: 250 ebc ячменный, темный карамельный солод, придает насыщенный карамельный привкус и аромат, темный цвет. цветность: 250 ebc	карамельный солод 250 - наделен уникальными свойствами, которые делают его желанным ингредиентом для опытных пивоваров и пиволюбов. почувствуйте богатый и вкусный оттенок карамели и насладитесь приятным ароматом, которые добавят неповторимого насыщенного настроения в вашем пиве. карамельный солод 250 - наделен уникальными свойствами, которые делают его желанным ингредиентом для опытных пивоваров и пиволюбов. почувствуйте богатый и вкусный оттенок карамели и насладитесь приятным ароматом, которые добавят неповторимого насыщенного настроения в вашем пиве. этот карамельный ячменный солод не только придаст вашему пиву темный цвет, но и наделит его весьма привлекательными свойствами. оцените ценность и качество этого солода с его цветом, равным 250 ebc.	https://бир.рф/shop/1153/desc/solod-karamelnyj-250-kurskij-solod-1-kg	250.0 ebc	75.0 %				
640	malt	карамельный 200	курский солод	россия	солод спец. 200-500 ebc	beer.rf	25.0	кг	2792.0	rub	ячменный, темный карамельный солод, придает насыщенный карамельный привкус и аромат, темный цвет. цветность: 200 ebc ячменный, темный карамельный солод, придает насыщенный карамельный привкус и аромат, темный цвет. цветность: 200 ebc	солод карамельный 200 - темным и ароматным, ячменный солод. обладает уникальной способностью придавать напитку насыщенный карамельный оттенок. его темный цвет является еще одним привлекательным качеством. идеально подходят для обогащения и придания характерного вкуса и аромата вареному пиву, коньяку и другим напиткам. их великолепная цветность составляет 200 ebc.	https://бир.рф/shop/1468/desc/solod-karamelnyj-200-kurskij-solod-25-kg	200.0 ebc	75.0 %				
641	malt	карамельный 200	курский солод	россия	солод спец. 200-500 ebc	beer.rf	1.0	кг	147.0	rub	ячменный, темный карамельный солод, придает насыщенный карамельный привкус и аромат, темный цвет. цветность: 200 ebc ячменный, темный карамельный солод, придает насыщенный карамельный привкус и аромат, темный цвет. цветность: 200 ebc	этот темный карамельный солод из ячменя добавит богатый карамельный оттенок и аромат вашему пиву. его глубокий цвет создаст привлекательный визуальный эффект.	https://бир.рф/shop/1253/desc/solod-karamelnyj-200-kurskij-solod-1-kg	200.0 ebc	75.0 %				
642	malt	карамельный 20	курский солод	россия	солод спец. < 50 ebc	beer.rf	25.0	кг	2830.0	rub	придает пиву мягкий карамельный аромат и золотистый цвет. цвет: 20 ebc придает пиву мягкий карамельный аромат и золотистый цвет. цвет: 20 ebc	солод карамельный 20 - представляет собой идеальное решение для тех, кто хочет придать своему пиву неповторимый мягкий карамельный аромат и захватывающий золотистый цвет. независимо от того, какую пропорцию вы используете - до 5% или до 20%, солод карамельный 20 насытит вкус и придаст солодовый характер напитку, без значимых изменений в его цвете. к тому же, он с легкостью улучшит пенные качества пива, добавляя нотку изысканности в каждый глоток. отлично подходит для янтарных и темных сортов пива.	https://бир.рф/shop/1727/desc/solod-karamelnyj-20-kurskij-solod-25-kg	15.0-25.0 ebc	75.0 %		20.0 %		
643	malt	мюнхенский тип 2	курский солод	россия	солод мюнхенский	beer.rf	1.0	кг	133.0	rub	изготовлен из двухрядного ячменя мягким подсушиванием зерен. придает пиву слабый аромат хлеба и улучшает пеностойкость готового пива. рекомендуется для варки темных сортов пива и придает характерный солодовый полный вкус. цвет: 19-25 ebc изготовлен из двухрядного ячменя мягким подсушиванием зерен. придает пиву слабый аромат хлеба и улучшает пеностойкость готового пива. рекомендуется для варки темных сортов пива и придает характерный солодовый полный вкус. цвет: 19-25 ebc	солод мюнхенский тип 2 - это высококачественный солод, произведенный из двухрядного ячменя с использованием мягкого подсушивания зерен. он отличается слабым ароматом хлеба и способствует улучшению пеностойкости пива. этот солод рекомендуется использовать для варки темных сортов пива, так как он придает им характерный солодовый полный вкус. его цвет составляет 19-25 ebc, что делает его самым темным базовым солодом. это достигается благодаря специальным режимам проращивания и сушки, которые повышают содержание меланоидинов в солоде.меланоидины придают пиву яркий ореховый аромат, насыщенную палитру вкуса и красноватый оттенок. несмотря на то, что более высокая температура сушки разрушает большую часть ферментов, все равно есть возможность выбора между светлой (тип 1) и более темной (тип 2) версиями мюнхенского солода. многие производители рекомендуют использовать светлую версию до 80-100% и темную до 60% в сочетании с базовым солодом. мюнхенский солод обычно применяется в темных лагерах и элях, особенно в мюнхенских темных стилях пива.	https://бир.рф/shop/35/desc/solod-mjunkhenskij-tip-2-kurskij-solod-1-kg	19.0-25.0 ebc	80.0 %		50.0 %		
644	malt	мюнхенский / munich	ireks	германия	солод мюнхенский	beer.rf	5.0	кг	1074.0	rub	высушенный до тёмного цвета, предназначен для тёмных сортов пива, но также может использоваться в качестве добавки в светлые сорта для варьирования цвета и аромата пива. цвет 18-22 ebc. высушенный до тёмного цвета, предназначен для тёмных сортов пива, но также может использоваться в качестве добавки в светлые сорта для варьирования цвета и аромата пива. цвет 18-22 ebc.	солод мюнхенский, производимый компанией ireks, представляет собой солод, который подвергается процессу сушки до достижения темного оттенка. он является идеальным ингредиентом для создания различных сортов темного пива. однако его использование не ограничивается только темными сортами, так как он также может придать светлым сортам пива разнообразие цвета и аромата. солод мюнхенский является одним из самых старых из базовых сортов солода на рынке. он обладает темным оттенком и выраженным ароматом, благодаря специальной обработке, которая полностью соответствует требованиям для создания темного пива. этот солод имеет цветность в диапазоне от 18 до 22 ebc (единицы цветности) и может использоваться в засыпи солодового состава пива до 100%. солод мюнхенский подходит для различных типов и стилей пива, включая темное пиво, фестбир, крепкое пиво и шварцбир. его использование позволяет придать пиву не только желаемый цвет, но и уникальный аромат, который отличает эти стили пива. солод мюнхенский, производимый компанией ireks, представляет собой солод, который подвергается процессу сушки до достижения темного оттенка. он является идеальным ингредиентом для создания различных сортов темного пива. однако его использование не ограничивается только темными сортами, так как он также может придать светлым сортам пива разнообразие цвета и аромата. солод мюнхенский является одним из самых старых из базовых сортов солода на рынке. он обладает темным оттенком и выраженным ароматом, благодаря специальной обработке, которая полностью соответствует требованиям для создания темного пива. этот солод имеет цветность в диапазоне от 18 до 22 ebc (единицы цветности) и может использоваться в засыпи солодового состава пива до 100%. солод мюнхенский подходит для различных типов и стилей пива, включая темное пиво, фестбир, крепкое пиво и шварцбир. его использование позволяет придать пиву не только желаемый цвет, но и уникальный аромат, который отличает эти стили пива. благодаря своим характеристикам и долгой истории на рынке, солод мюнхенский заслужил доверие пивоваров со всего мира. его высокое качество и специальная обработка делают его незаменимым компонентом для создания вкусного и ароматного темного пива. будь то традиционное немецкое пиво или современный экспериментальный стиль, солод мюнхенский отлично справляется с задачей придания пиву глубокого цвета и насыщенного вкуса.	https://бир.рф/shop/1551/desc/solod-mjunkhenskij-munich-ireks-5-kg	18.0-22.0 ebc			100.0 %		
645	malt	мюнхенский / munich	ireks	германия	солод мюнхенский	beer.rf	25.0	кг	4900.0	rub	высушенный до тёмного цвета, предназначен для тёмных сортов пива, но также может использоваться в качестве добавки в светлые сорта для варьирования цвета и аромата пива. цвет 18-22 ebc. высушенный до тёмного цвета, предназначен для тёмных сортов пива, но также может использоваться в качестве добавки в светлые сорта для варьирования цвета и аромата пива. цвет 18-22 ebc.	солод мюнхенский, производимый компанией ireks, представляет собой солод, который подвергается процессу сушки до достижения темного оттенка. он является идеальным ингредиентом для создания различных сортов темного пива. однако его использование не ограничивается только темными сортами, так как он также может придать светлым сортам пива разнообразие цвета и аромата. солод мюнхенский является одним из самых старых из базовых сортов солода на рынке. он обладает темным оттенком и выраженным ароматом, благодаря специальной обработке, которая полностью соответствует требованиям для создания темного пива. этот солод имеет цветность в диапазоне от 18 до 22 ebc (единицы цветности) и может использоваться в засыпи солодового состава пива до 100%. солод мюнхенский подходит для различных типов и стилей пива, включая темное пиво, фестбир, крепкое пиво и шварцбир. его использование позволяет придать пиву не только желаемый цвет, но и уникальный аромат, который отличает эти стили пива. солод мюнхенский, производимый компанией ireks, представляет собой солод, который подвергается процессу сушки до достижения темного оттенка. он является идеальным ингредиентом для создания различных сортов темного пива. однако его использование не ограничивается только темными сортами, так как он также может придать светлым сортам пива разнообразие цвета и аромата. солод мюнхенский является одним из самых старых из базовых сортов солода на рынке. он обладает темным оттенком и выраженным ароматом, благодаря специальной обработке, которая полностью соответствует требованиям для создания темного пива. этот солод имеет цветность в диапазоне от 18 до 22 ebc (единицы цветности) и может использоваться в засыпи солодового состава пива до 100%. солод мюнхенский подходит для различных типов и стилей пива, включая темное пиво, фестбир, крепкое пиво и шварцбир. его использование позволяет придать пиву не только желаемый цвет, но и уникальный аромат, который отличает эти стили пива. благодаря своим характеристикам и долгой истории на рынке, солод мюнхенский заслужил доверие пивоваров со всего мира. его высокое качество и специальная обработка делают его незаменимым компонентом для создания вкусного и ароматного темного пива. будь то традиционное немецкое пиво или современный экспериментальный стиль, солод мюнхенский отлично справляется с задачей придания пиву глубокого цвета и насыщенного вкуса.	https://бир.рф/shop/1550/desc/solod-mjunkhenskij-munich-ireks-25-kg	18.0-22.0 ebc			100.0 %		
646	malt	мюнхенский / munich	ireks	германия	солод мюнхенский	beer.rf	1.0	кг	233.0	rub	высушенный до тёмного цвета, предназначен для тёмных сортов пива, но также может использоваться в качестве добавки в светлые сорта для варьирования цвета и аромата пива. цвет 18-22 ebc. высушенный до тёмного цвета, предназначен для тёмных сортов пива, но также может использоваться в качестве добавки в светлые сорта для варьирования цвета и аромата пива. цвет 18-22 ebc.	солод мюнхенский, производимый компанией ireks, представляет собой солод, который подвергается процессу сушки до достижения темного оттенка. он является идеальным ингредиентом для создания различных сортов темного пива. однако его использование не ограничивается только темными сортами, так как он также может придать светлым сортам пива разнообразие цвета и аромата. солод мюнхенский является одним из самых старых из базовых сортов солода на рынке. он обладает темным оттенком и выраженным ароматом, благодаря специальной обработке, которая полностью соответствует требованиям для создания темного пива. этот солод имеет цветность в диапазоне от 18 до 22 ebc (единицы цветности) и может использоваться в засыпи солодового состава пива до 100%. солод мюнхенский подходит для различных типов и стилей пива, включая темное пиво, фестбир, крепкое пиво и шварцбир. его использование позволяет придать пиву не только желаемый цвет, но и уникальный аромат, который отличает эти стили пива. солод мюнхенский, производимый компанией ireks, представляет собой солод, который подвергается процессу сушки до достижения темного оттенка. он является идеальным ингредиентом для создания различных сортов темного пива. однако его использование не ограничивается только темными сортами, так как он также может придать светлым сортам пива разнообразие цвета и аромата. солод мюнхенский является одним из самых старых из базовых сортов солода на рынке. он обладает темным оттенком и выраженным ароматом, благодаря специальной обработке, которая полностью соответствует требованиям для создания темного пива. этот солод имеет цветность в диапазоне от 18 до 22 ebc (единицы цветности) и может использоваться в засыпи солодового состава пива до 100%. солод мюнхенский подходит для различных типов и стилей пива, включая темное пиво, фестбир, крепкое пиво и шварцбир. его использование позволяет придать пиву не только желаемый цвет, но и уникальный аромат, который отличает эти стили пива. благодаря своим характеристикам и долгой истории на рынке, солод мюнхенский заслужил доверие пивоваров со всего мира. его высокое качество и специальная обработка делают его незаменимым компонентом для создания вкусного и ароматного темного пива. будь то традиционное немецкое пиво или современный экспериментальный стиль, солод мюнхенский отлично справляется с задачей придания пиву глубокого цвета и насыщенного вкуса.	https://бир.рф/shop/1552/desc/solod-mjunkhenskij-munich-ireks-1-kg	18.0-22.0 ebc			100.0 %		
647	malt	меланоидиновый 80 “бук” / mela beech	ireks	германия	солод спец. 50-200 ebc	beer.rf	1.0	кг	253.0	rub	привнесет глубокий янтарный до красно-коричневого цвет в готовом пиве. богатый солодовый вкус имеет нотки меда и печенья. цвет 80 ebc. привнесет глубокий янтарный до красно-коричневого цвет в готовом пиве. богатый солодовый вкус имеет нотки меда и печенья. цвет 80 ebc.	"солод меланоидиновый 80 ""бук"" от компании ireks - это особый вид солода, который добавляется в процессе приготовления пива для придания ему глубокого янтарного или красно-коричневого оттенка. вкус этого солода богатый и солодовый, с нотами меда и печенья. однако, что делает этот солод особенным, так это специальная технология запарки, которая позволяет создавать большое количество низкомолекулярных веществ в процессе сушки. затем, при последующей отсушке, эти вещества превращаются в насыщенные ароматические и красящие вещества. солод меланоидиновый 80 ""бук"" от компании ireks - это особый вид солода, который добавляется в процессе приготовления пива для придания ему глубокого янтарного или красно-коричневого оттенка. вкус этого солода богатый и солодовый, с нотами меда и печенья. однако, что делает этот солод особенным, так это специальная технология запарки, которая позволяет создавать большое количество низкомолекулярных веществ в процессе сушки. затем, при последующей отсушке, эти вещества превращаются в насыщенные ароматические и красящие вещества. именно благодаря этим свойствам, солод меланоидиновый идеально подходит для сохранения интенсивного солодового аромата в пиве, придавая ему также привлекательные красноватые оттенки, которые образуются благодаря меланоидинам. этот солод можно использовать в различных типах крафтового пива, такие как фестбир, ротбир и различные красные и крепкие стили пива. цветность меланоидинового солода ""бук"" составляет 80-90 ebc, а его доля засыпи может варьироваться от 5 до 20 %. это означает, что в зависимости от желаемого эффекта и интенсивности аромата, можно использовать различное количество этого солода при приготовлении пива."	https://бир.рф/shop/1540/desc/solod-melanoidinovyj-80-buk-mela-beech-ireks-1-kg	80.0-90.0 ebc			5.0-20.0 %		
648	malt	меланоидиновый 40 “красная ольха” / red alder	ireks	германия	солод спец. 50-200 ebc	beer.rf	1.0	кг	254.0	rub	благодаря особой технологии-запарке, подходит для поддержания интенсивного солодового аромата с одновременным получением красноватых оттенков цвета. цвет 40 ebc. благодаря особой технологии-запарке, подходит для поддержания интенсивного солодового аромата с одновременным получением красноватых оттенков цвета. цвет 40 ebc.	"солод ""красная ольха"" от компании ireks является меланоидиновым солодом, который обладает уникальной технологией-запарки. благодаря этому процессу, солод сохраняет свой насыщенный аромат и придает пиву красноватые оттенки. этот солод проходит специальную сушку, что позволяет образованию большого количества низкомолекулярных веществ. в процессе последующей обработки, эти вещества превращаются в ароматические и красящие компоненты. таким образом, солод ""красная ольха"" обеспечивает интенсивный солодовый аромат и придает пиву коричневатые оттенки благодаря образованию меланоидинов. меланоидины - это класс соединений, которые образуются в результате реакции майяра, происходящей при высоких температурах и наличии аминокислот и сахаров. они придают пиву глубокий красноватый цвет и характерный солодовый аромат. благодаря меланоидинам, пиво приобретает сложные нотки карамели, тоста и сухофруктов. эти ароматические компоненты делают пиво более интересным и насыщенным. солод ""красная ольха"" от компании ireks является меланоидиновым солодом, который обладает уникальной технологией-запарки. благодаря этому процессу, солод сохраняет свой насыщенный аромат и придает пиву красноватые оттенки. этот солод проходит специальную сушку, что позволяет образованию большого количества низкомолекулярных веществ. в процессе последующей обработки, эти вещества превращаются в ароматические и красящие компоненты. таким образом, солод ""красная ольха"" обеспечивает интенсивный солодовый аромат и придает пиву коричневатые оттенки благодаря образованию меланоидинов. меланоидины - это класс соединений, которые образуются в результате реакции майяра, происходящей при высоких температурах и наличии аминокислот и сахаров. они придают пиву глубокий красноватый цвет и характерный солодовый аромат. благодаря меланоидинам, пиво приобретает сложные нотки карамели, тоста и сухофруктов. эти ароматические компоненты делают пиво более интересным и насыщенным. солод ""красная ольха"" предоставляет пивовару возможность экспериментировать с цветом и ароматом пива. он может быть использован в различных стилях пива, таких как красное эль, амбер эль или даже в некоторых сортах портера. солод меланоидиновый 40 ""красная ольха"" добавляет не только визуальную привлекательность, но и улучшает вкусовые характеристики пива. благодаря использованию солода ""красная ольха"" в пивоварении, пиво приобретает богатый, полный вкус и уникальный аромат. красноватые оттенки, которые придает этот солод, делают пиво привлекательным и аппетитным. будь то домашнее пиво или коммерческий бренд, солод ""красная ольха"" является отличным выбором для тех, кто стремится создать пиво высокого качества с особым характером и внешним видом."	https://бир.рф/shop/1541/desc/solod-melanoidinovyj-40-krasnaja-olkha-red-alder-ireks-1-kg	40.0-50.0 ebc			10.0-50.0 %		
649	malt	меланоидиновый	курский солод	россия	солод спец. 50-200 ebc	beer.rf	25.0	кг	2816.0	rub	солод с сильной ароматикой, улучшает стабильность и полноту вкуса. используется для придания насыщенного цвета с характерным красноватым оттенком. цвет 80 ebc солод с сильной ароматикой, улучшает стабильность и полноту вкуса. используется для придания насыщенного цвета с характерным красноватым оттенком. цвет 80 ebc	использование курского меланоидинового солода в крафтовом пивоварении придает напитку сильную ароматику, улучшает стабильность и дает полноту вкуса. благодаря своей способности придавать пиву насыщенный цвет с характерным красноватым оттенком, данный солод является идеальным выбором для создания уникальных рецептов. технология производства курского меланоидинового солода отличается от традиционного карамельного, и это обусловлено специальным процессом обработки увлажненного солода при определенной температуре. сначала солод подвергается продолжительному томлению при 50 °c, что приводит к разрушению высокомолекулярного белка до аминокислот и крахмала до более простых сахаров, таких как глюкоза и фруктоза. затем солод нагревается и сушится при температуре около 100 °c, что позволяет образованным аминокислотам и сахарам реагировать между собой, создавая новые ароматические и красящие вещества, которые называются меланоидинами. реакция аминокислот с углеводами при высоких температурах, известная как реакция майяра, является всеобщей и встречается повсеместно в производстве хлебобулочных изделий, придавая им приятный аромат запеченного хлеба. в пивоварении меланоидины считаются ключевым ингредиентом, придающим пиву более насыщенный аромат, красноватый оттенок, повышающим стабильность и физико-химическую стойкость пива, а также усиливающим полноту вкуса и снижающим ph затора. добавление небольшого количества курского меланоидинового солода (до 5%) в светлые сорта пива позволяет избавиться от более трудоемкого и затратного процесса затирания с отварками. весьма интересно, что при длительном кипячении частей затора также образуются меланоидины, что широко применяется в пивоварении чешских пильзнеров и многих других европейских лагеров. кроме того, курский меланоидиновый солод успешно используется в различных темных и красных сортах пива (до 20%) для достижения желаемого красноватого оттенка.	https://бир.рф/shop/860/desc/solod-melanoidinovyj-kurskij-solod-25-kg	65.0-85.0 ebc	70.0 %		20.0 %		
650	malt	меланоидиновый	курский солод	россия	солод спец. 50-200 ebc	beer.rf	1.0	кг	148.0	rub	солод с сильной ароматикой, улучшает стабильность и полноту вкуса. используется для придания насыщенного цвета с характерным красноватым оттенком. цвет 80 ebc солод с сильной ароматикой, улучшает стабильность и полноту вкуса. используется для придания насыщенного цвета с характерным красноватым оттенком. цвет 80 ebc	использование курского меланоидинового солода в крафтовом пивоварении придает напитку сильную ароматику, улучшает стабильность и дает полноту вкуса. благодаря своей способности придавать пиву насыщенный цвет с характерным красноватым оттенком, данный солод является идеальным выбором для создания уникальных рецептов. технология производства курского меланоидинового солода отличается от традиционного карамельного, и это обусловлено специальным процессом обработки увлажненного солода при определенной температуре. сначала солод подвергается продолжительному томлению при 50 °c, что приводит к разрушению высокомолекулярного белка до аминокислот и крахмала до более простых сахаров, таких как глюкоза и фруктоза. затем солод нагревается и сушится при температуре около 100 °c, что позволяет образованным аминокислотам и сахарам реагировать между собой, создавая новые ароматические и красящие вещества, которые называются меланоидинами. реакция аминокислот с углеводами при высоких температурах, известная как реакция майяра, является всеобщей и встречается повсеместно в производстве хлебобулочных изделий, придавая им приятный аромат запеченного хлеба. в пивоварении меланоидины считаются ключевым ингредиентом, придающим пиву более насыщенный аромат, красноватый оттенок, повышающим стабильность и физико-химическую стойкость пива, а также усиливающим полноту вкуса и снижающим ph затора. добавление небольшого количества курского меланоидинового солода (до 5%) в светлые сорта пива позволяет избавиться от более трудоемкого и затратного процесса затирания с отварками. весьма интересно, что при длительном кипячении частей затора также образуются меланоидины, что широко применяется в пивоварении чешских пильзнеров и многих других европейских лагеров. кроме того, курский меланоидиновый солод успешно используется в различных темных и красных сортах пива (до 20%) для достижения желаемого красноватого оттенка.	https://бир.рф/shop/40/desc/solod-melanoidinovyj-kurskij-solod-1-kg	65.0-85.0 ebc	70.0 %		20.0 %		
651	malt	копченый на торфе / peated	курский солод	россия	солод копченый	beer.rf	5.0	кг	832.0	rub	дымчатый солод используется для изготовления пива и виски. благодаря процессу копчения на торфе, этот солод обретает насыщенный копченый вкус, который передается напиткам. доля в засыпи может достигать 100%. фенольность 35 ppm дымчатый солод используется для изготовления пива и виски. благодаря процессу копчения на торфе, этот солод обретает насыщенный копченый вкус, который передается напиткам. доля в засыпи может достигать 100%. фенольность 35 ppm	"ячменный солод, прошедший копчение на торфе - это ключевой ингредиент для создания пива и виски с неповторимым вкусом и ароматом. процесс копчения, происходящий во время сушки солода, придает ему характерные дымные и пряные ноты, которые ценятся поклонниками как шотландского виски, так и пива, созданного на его основе. этот уникальный метод обработки, использующий торф в качестве топлива, придает солоду специфический профиль вкуса, который сложно воспроизвести другими способами. торф, являясь продуктом разложения болотных растений, содержит множество органических соединений, которые при сгорании выделяют разнообразные ароматические вещества, проникающие в зерна ячменя, напоминающего запах костра. ячменный солод, прошедший копчение на торфе - это ключевой ингредиент для создания пива и виски с неповторимым вкусом и ароматом. процесс копчения, происходящий во время сушки солода, придает ему характерные дымные и пряные ноты, которые ценятся поклонниками как шотландского виски, так и пива, созданного на его основе. этот уникальный метод обработки, использующий торф в качестве топлива, придает солоду специфический профиль вкуса, который сложно воспроизвести другими способами. торф, являясь продуктом разложения болотных растений, содержит множество органических соединений, которые при сгорании выделяют разнообразные ароматические вещества, проникающие в зерна ячменя, напоминающего запах костра. этот ""копченый"" солод (peated malt) обладает рядом специфических характеристик. уровень фенолов, выраженный в ppm (частей на миллион), служит показателем интенсивности торфяного копчения. указанные 35 ppm указывают на средний уровень, позволяющий получить выраженный, но не чрезмерно агрессивный дымный аромат. рекомендуемая доля копченого солода в засыпи варьируется от 5 до 100%, в зависимости от желаемого результата. добавление небольшого количества (например, 5-10%) придаст напитку тонкие дымные нюансы, которые могут дополнять другие вкусовые компоненты. использование же 100% копченого солода приведет к созданию напитка с исключительно мощным, насыщенным дымным характером."	https://бир.рф/shop/1926/desc/solod-kopchenyj-na-torfe-peated-kurskij-solod-5-kg	3.5-4.5 ebc			100.0 %		
652	malt	копченый на торфе / peated	курский солод	россия	солод копченый	beer.rf	25.0	кг	3705.0	rub	дымчатый солод используется для изготовления пива и виски. благодаря процессу копчения на торфе, этот солод обретает насыщенный копченый вкус, который передается напиткам. доля в засыпи может достигать 100%. фенольность 35 ppm дымчатый солод используется для изготовления пива и виски. благодаря процессу копчения на торфе, этот солод обретает насыщенный копченый вкус, который передается напиткам. доля в засыпи может достигать 100%. фенольность 35 ppm	"ячменный солод, прошедший копчение на торфе - это ключевой ингредиент для создания пива и виски с неповторимым вкусом и ароматом. процесс копчения, происходящий во время сушки солода, придает ему характерные дымные и пряные ноты, которые ценятся поклонниками как шотландского виски, так и пива, созданного на его основе. этот уникальный метод обработки, использующий торф в качестве топлива, придает солоду специфический профиль вкуса, который сложно воспроизвести другими способами. торф, являясь продуктом разложения болотных растений, содержит множество органических соединений, которые при сгорании выделяют разнообразные ароматические вещества, проникающие в зерна ячменя, напоминающего запах костра. ячменный солод, прошедший копчение на торфе - это ключевой ингредиент для создания пива и виски с неповторимым вкусом и ароматом. процесс копчения, происходящий во время сушки солода, придает ему характерные дымные и пряные ноты, которые ценятся поклонниками как шотландского виски, так и пива, созданного на его основе. этот уникальный метод обработки, использующий торф в качестве топлива, придает солоду специфический профиль вкуса, который сложно воспроизвести другими способами. торф, являясь продуктом разложения болотных растений, содержит множество органических соединений, которые при сгорании выделяют разнообразные ароматические вещества, проникающие в зерна ячменя, напоминающего запах костра. этот ""копченый"" солод (peated malt) обладает рядом специфических характеристик. уровень фенолов, выраженный в ppm (частей на миллион), служит показателем интенсивности торфяного копчения. указанные 35 ppm указывают на уверенный уровень, позволяющий получить выраженный, но не чрезмерно агрессивный дымный аромат. рекомендуемая доля копченого солода в засыпи варьируется от 5 до 100%, в зависимости от желаемого результата. добавление небольшого количества (например, 5-10%) придаст напитку тонкие дымные нюансы, которые могут дополнять другие вкусовые компоненты. использование же 100% копченого солода приведет к созданию напитка с исключительно мощным, насыщенным дымным характером."	https://бир.рф/shop/1924/desc/solod-kopchenyj-na-torfe-peated-kurskij-solod-25-kg	3.5-4.5 ebc			100.0 %		
653	malt	копченый на торфе / peated	курский солод	россия	солод копченый	beer.rf	1.0	кг	187.0	rub	дымчатый солод используется для изготовления пива и виски. благодаря процессу копчения на торфе, этот солод обретает насыщенный копченый вкус, который передается напиткам. доля в засыпи может достигать 100%. фенольность 35 ppm дымчатый солод используется для изготовления пива и виски. благодаря процессу копчения на торфе, этот солод обретает насыщенный копченый вкус, который передается напиткам. доля в засыпи может достигать 100%. фенольность 35 ppm	"ячменный солод, прошедший копчение на торфе - это ключевой ингредиент для создания пива и виски с неповторимым вкусом и ароматом. процесс копчения, происходящий во время сушки солода, придает ему характерные дымные и пряные ноты, которые ценятся поклонниками как шотландского виски, так и пива, созданного на его основе. этот уникальный метод обработки, использующий торф в качестве топлива, придает солоду специфический профиль вкуса, который сложно воспроизвести другими способами. торф, являясь продуктом разложения болотных растений, содержит множество органических соединений, которые при сгорании выделяют разнообразные ароматические вещества, проникающие в зерна ячменя, напоминающего запах костра. ячменный солод, прошедший копчение на торфе - это ключевой ингредиент для создания пива и виски с неповторимым вкусом и ароматом. процесс копчения, происходящий во время сушки солода, придает ему характерные дымные и пряные ноты, которые ценятся поклонниками как шотландского виски, так и пива, созданного на его основе. этот уникальный метод обработки, использующий торф в качестве топлива, придает солоду специфический профиль вкуса, который сложно воспроизвести другими способами. торф, являясь продуктом разложения болотных растений, содержит множество органических соединений, которые при сгорании выделяют разнообразные ароматические вещества, проникающие в зерна ячменя, напоминающего запах костра. этот ""копченый"" солод (peated malt) обладает рядом специфических характеристик. уровень фенолов, выраженный в ppm (частей на миллион), служит показателем интенсивности торфяного копчения. указанные 35 ppm указывают на высокий уровень, позволяющий получить выраженный, но не чрезмерно агрессивный дымный аромат. рекомендуемая доля копченого солода в засыпи варьируется от 5 до 100%, в зависимости от желаемого результата. добавление небольшого количества (например, 5-10%) придаст напитку тонкие дымные нюансы, которые могут дополнять другие вкусовые компоненты. использование же 100% копченого солода приведет к созданию напитка с исключительно мощным, насыщенным дымным характером."	https://бир.рф/shop/1925/desc/solod-kopchenyj-na-torfe-peated-kurskij-solod-1-kg	3.5-4.5 ebc			100.0 %		
654	malt	копченый на буке / smoked	курский солод	россия	солод копченый	beer.rf	5.0	кг	832.0	rub	дымчатый солод используется для изготовления различных видов пива и виски. благодаря процессу копчения на древесных опилках, этот солод обретает насыщенный копченый вкус, который передается напиткам. доля в засыпи достигает 100%. дымчатый солод используется для изготовления различных видов пива и виски. благодаря процессу копчения на древесных опилках, этот солод обретает насыщенный копченый вкус, который передается напиткам. доля в засыпи достигает 100%.	копченый солод - это уникальный ингредиент, который придает пиву и виски необычный дымный характер. его использование в пивоварении и винокурении открывает широкие возможности для экспериментов и создания исключительных вкусовых композиций. но помните, что все хорошо в меру, и не перебарщивайте с копченым солодом, чтобы не заглушить основные ароматы вашего напитка. для истинных ценителей пива каждый глоток - это путешествие в мир ароматов и вкусов. и если вы жаждете экспериментов и стремитесь к созданию уникальных сортов, копченый солод станет вашим верным спутником. изготовленный из отборного российского пивоваренного солода, этот ингредиент приобретает свой неповторимый характер благодаря окуриванию на ароматной буковой щепе. традиционный процесс придает солоду богатый спектр дымных нот, способных превратить обычное пиво в шедевр. уникальность копченого солода заключается в его многогранности. дозировка - ваш инструмент для создания желаемого вкусового профиля: копченый солод открывает бескрайние горизонты для творчества: копченый солод - это возможность выйти за рамки привычного и создать пиво, которое запомнится своим ярким вкусом и неповторимым характером. помните:	https://бир.рф/shop/1756/desc/solod-kopchenyj-na-buke-smoked-kurskij-solod-5-kg	3.5-4.5 ebc			100.0 %		
655	malt	копченый на буке / smoked	курский солод	россия	солод копченый	beer.rf	25.0	кг	3705.0	rub	дымчатый солод используется для изготовления различных видов пива и виски. благодаря процессу копчения на древесных опилках, этот солод обретает насыщенный копченый вкус, который передается напиткам. доля в засыпи достигает 100%. дымчатый солод используется для изготовления различных видов пива и виски. благодаря процессу копчения на древесных опилках, этот солод обретает насыщенный копченый вкус, который передается напиткам. доля в засыпи достигает 100%.	копченый солод - это уникальный ингредиент, который придает пиву и виски необычный дымный характер. его использование в пивоварении и винокурении открывает широкие возможности для экспериментов и создания исключительных вкусовых композиций. но помните, что все хорошо в меру, и не перебарщивайте с копченым солодом, чтобы не заглушить основные ароматы вашего напитка. для истинных ценителей пива каждый глоток - это путешествие в мир ароматов и вкусов. и если вы жаждете экспериментов и стремитесь к созданию уникальных сортов, копченый солод станет вашим верным спутником. изготовленный из отборного российского пивоваренного солода, этот ингредиент приобретает свой неповторимый характер благодаря окуриванию на ароматной буковой щепе. традиционный процесс придает солоду богатый спектр дымных нот, способных превратить обычное пиво в шедевр. уникальность копченого солода заключается в его многогранности. дозировка - ваш инструмент для создания желаемого вкусового профиля: копченый солод открывает бескрайние горизонты для творчества: копченый солод - это возможность выйти за рамки привычного и создать пиво, которое запомнится своим ярким вкусом и неповторимым характером. помните:	https://бир.рф/shop/1752/desc/solod-kopchenyj-na-buke-smoked-kurskij-solod-25-kg	3.5-4.5 ebc			100.0 %		
656	malt	копченый на буке / smoked	курский солод	россия	солод копченый	beer.rf	1.0	кг	187.0	rub	дымчатый солод используется для изготовления различных видов пива и виски. благодаря процессу копчения на древесных опилках, этот солод обретает насыщенный копченый вкус, который передается напиткам. доля в засыпи достигает 100%. дымчатый солод используется для изготовления различных видов пива и виски. благодаря процессу копчения на древесных опилках, этот солод обретает насыщенный копченый вкус, который передается напиткам. доля в засыпи достигает 100%.	копченый солод - это уникальный ингредиент, который придает пиву и виски необычный дымный характер. его использование в пивоварении и винокурении открывает широкие возможности для экспериментов и создания исключительных вкусовых композиций. но помните, что все хорошо в меру, и не перебарщивайте с копченым солодом, чтобы не заглушить основные ароматы вашего напитка. для истинных ценителей пива каждый глоток - это путешествие в мир ароматов и вкусов. и если вы жаждете экспериментов и стремитесь к созданию уникальных сортов, копченый солод станет вашим верным спутником. изготовленный из отборного российского пивоваренного солода, этот ингредиент приобретает свой неповторимый характер благодаря окуриванию на ароматной буковой щепе. традиционный процесс придает солоду богатый спектр дымных нот, способных превратить обычное пиво в шедевр. уникальность копченого солода заключается в его многогранности. дозировка - ваш инструмент для создания желаемого вкусового профиля: копченый солод открывает бескрайние горизонты для творчества: копченый солод - это возможность выйти за рамки привычного и создать пиво, которое запомнится своим ярким вкусом и неповторимым характером. помните:	https://бир.рф/shop/1755/desc/solod-kopchenyj-na-buke-smoked-kurskij-solod-1-kg	3.5-4.5 ebc			100.0 %		
657	malt	копченый / smoked	ireks	германия	солод копченый	beer.rf	5.0	кг	1509.0	rub	копчёный солод. придает пиву характерный «дымный» и пряный аромат и вкус, свойственные копченым немецким сортам пива. цвет 5 ebc. копчёный солод. придает пиву характерный «дымный» и пряный аромат и вкус, свойственные копченым немецким сортам пива. цвет 5 ebc.	"солод копченый (ireks) - этот копченый солод наделяет пиво особенным и узнаваемым ""дымным"" и пряным ароматом, который характерен для немецких сортов пива, такой как раухбир. прекрасно дополнит ваше пиво типичным копченым вкусом и ароматом, придавая неповторимую нотку. может использоваться в разных пропорция (вплоть до 100%) в специальных копченых стилях пива для достижения типичного вкуса и аромата, напоминающих копченую ветчину. интересно отметить, что использование копченого солода в пивоварении имеет долгую историю. этот метод копчения солода был разработан в германии многие века назад и до сих пор является одним из ключевых факторов, определяющих вкус и аромат некоторых немецких сортов пива."	https://бир.рф/shop/1546/desc/solod-kopchenyj-smoked-ireks-5-kg	3.0-8.0 ebc			100.0 %		
658	malt	копченый / smoked	ireks	германия	солод копченый	beer.rf	25.0	кг	6930.0	rub	копчёный солод. придает пиву характерный «дымный» и пряный аромат и вкус, свойственные копченым немецким сортам пива. цвет 5 ebc. копчёный солод. придает пиву характерный «дымный» и пряный аромат и вкус, свойственные копченым немецким сортам пива. цвет 5 ebc.	"солод копченый (ireks) - этот копченый солод наделяет пиво особенным и узнаваемым ""дымным"" и пряным ароматом, который характерен для немецких сортов пива, такой как раухбир. прекрасно дополнит ваше пиво типичным копченым вкусом и ароматом, придавая неповторимую нотку. может использоваться в разных пропорция (вплоть до 100%) в специальных копченых стилях пива для достижения типичного вкуса и аромата, напоминающих копченую ветчину. интересно отметить, что использование копченого солода в пивоварении имеет долгую историю. этот метод копчения солода был разработан в германии многие века назад и до сих пор является одним из ключевых факторов, определяющих вкус и аромат некоторых немецких сортов пива."	https://бир.рф/shop/1808/desc/solod-kopchenyj-smoked-ireks-25-kg	3.0-8.0 ebc			100.0 %		
659	malt	копченый / smoked	ireks	германия	солод копченый	beer.rf	1.0	кг	326.0	rub	копчёный солод. придает пиву характерный «дымный» и пряный аромат и вкус, свойственные копченым немецким сортам пива. цвет 5 ebc. копчёный солод. придает пиву характерный «дымный» и пряный аромат и вкус, свойственные копченым немецким сортам пива. цвет 5 ebc.	"солод копченый (ireks) - этот копченый на буке солод наделяет пиво особенным и узнаваемым ""дымным"" и пряным ароматом, который характерен для немецких сортов пива, такой как раухбир. прекрасно дополнит ваше пиво типичным копченым вкусом и ароматом, придавая неповторимую нотку. может использоваться в разных пропорция (вплоть до 100%) в специальных копченых стилях пива для достижения типичного вкуса и аромата, напоминающих копченую ветчину. интересно отметить, что использование копченого солода в пивоварении имеет долгую историю. этот метод копчения солода был разработан в германии многие века назад и до сих пор является одним из ключевых факторов, определяющих вкус и аромат некоторых немецких сортов пива."	https://бир.рф/shop/1545/desc/solod-kopchenyj-smoked-ireks-1-kg	3.0-8.0 ebc			100.0 %		
660	malt	пшеничный светлый / wheat light	ireks	германия	солод пшеничный	beer.rf	25.0	кг	4795.0	rub	слабо влияет на цветность сусла, и способствует надежному хлебному вкусу с освежающей кислинкой и терпкостью для пшеничного пива. цвет 3-5 ebc. годен до слабо влияет на цветность сусла, и способствует надежному хлебному вкусу с освежающей кислинкой и терпкостью для пшеничного пива. цвет 3-5 ebc. годен до	солод пшеничный светлый от ireks- это идеальный выбор для пивоваров, которые хотят создать пшеничное пиво с богатым вкусом и ароматом. он обладает высоким содержанием экстрактивных веществ, что придает пиву глубокий и насыщенный вкус. однако, несмотря на это, данный солод не влияет на цвет пива, что позволяет сохранить его светлый оттенок. солод пшеничный светлый от ireks- это идеальный выбор для пивоваров, которые хотят создать пшеничное пиво с богатым вкусом и ароматом. он обладает высоким содержанием экстрактивных веществ, что придает пиву глубокий и насыщенный вкус. однако, несмотря на это, данный солод не влияет на цвет пива, что позволяет сохранить его светлый оттенок. этот солод идеально подходит для использования в качестве основы для пшеничного пива или как компонент пива верхового брожения. он подчеркивает искрящуюся свежесть и типичный вкус пшеничного пива, придавая ему особую привлекательность. благодаря своим характеристикам, солод пшеничный светлый может быть использован в различных стилях пива, включая вайценбир, эль, стаут, портер, кёльш, альтбир, а также во всех сортах многозернового пива. цветность солода составляет от 3 до 5 ebc (1,6-2,3 ловибонд), что позволяет контролировать цвет пива и достичь желаемого оттенка. он рекомендуется засыпать в дозе до 80% от общего количества солода, чтобы достичь оптимального баланса в рецепте пшеничного пива.	https://бир.рф/shop/1556/desc/solod-pshenichnyj-svetlyj-wheat-light-ireks-25-kg	3.0-5.0 ebc			80.0 %		
661	malt	пшеничный светлый / wheat light	ireks	германия	солод пшеничный	beer.rf	1.0	кг	229.0	rub	слабо влияет на цветность сусла, и способствует надежному хлебному вкусу с освежающей кислинкой и терпкостью для пшеничного пива. цвет 3-5 ebc. слабо влияет на цветность сусла, и способствует надежному хлебному вкусу с освежающей кислинкой и терпкостью для пшеничного пива. цвет 3-5 ebc.	солод пшеничный светлый от ireks- это идеальный выбор для пивоваров, которые хотят создать пшеничное пиво с богатым вкусом и ароматом. он обладает высоким содержанием экстрактивных веществ, что придает пиву глубокий и насыщенный вкус. однако, несмотря на это, данный солод не влияет на цвет пива, что позволяет сохранить его светлый оттенок. солод пшеничный светлый от ireks- это идеальный выбор для пивоваров, которые хотят создать пшеничное пиво с богатым вкусом и ароматом. он обладает высоким содержанием экстрактивных веществ, что придает пиву глубокий и насыщенный вкус. однако, несмотря на это, данный солод не влияет на цвет пива, что позволяет сохранить его светлый оттенок. этот солод идеально подходит для использования в качестве основы для пшеничного пива или как компонент пива верхового брожения. он подчеркивает искрящуюся свежесть и типичный вкус пшеничного пива, придавая ему особую привлекательность. благодаря своим характеристикам, солод пшеничный светлый может быть использован в различных стилях пива, включая вайценбир, эль, стаут, портер, кёльш, альтбир, а также во всех сортах многозернового пива. цветность солода составляет от 3 до 5 ebc (1,6-2,3 ловибонд), что позволяет контролировать цвет пива и достичь желаемого оттенка. он рекомендуется засыпать в дозе до 80% от общего количества солода, чтобы достичь оптимального баланса в рецепте пшеничного пива.	https://бир.рф/shop/1558/desc/solod-pshenichnyj-svetlyj-wheat-light-ireks-1-kg	3.0-5.0 ebc			80.0 %		
662	malt	пшеничный светлый / pale wheat	weyermann	германия	солод пшеничный	beer.rf	1.0	кг	273.92	rub	базовый пшеничный светлый солод с нотками хлеба, орехов, бисквита. используются до 70 % в пшеничных сортах пива и в небольшой пропорции в элях и лагерах для усиления хлебного вкуса. цвет 3 - 5 евс базовый пшеничный светлый солод с нотками хлеба, орехов, бисквита. используются до 70 % в пшеничных сортах пива и в небольшой пропорции в элях и лагерах для усиления хлебного вкуса. цвет 3 - 5 евс	светлый пшеничный солод в основном используется для континентальных стилей пшеничного пива, таких как и хафевайцен, кристаллвайцен и является важным составляющим в североамериканских пшеничных элях. он очень слабо влияет на цветность сусла, и способствует надежному солодово-сладковатому вкусу с нотками хлеба, орехов, ириса и легкой карамели. пшеничный солод с высоким содержанием белка, который помогает производить более полнотелое пиво. пшеничный солод также поможет улучшить пенообразование и пеностойкость. в пиве верхового брожения, weyermann светлый пшеничный солод особенно хорошо привносит, бархатистость, тело и сложные ароматы пшеницы. аромат: нотки хлеба, орехов, бисквита и лѐгкие нотки карамели. стили пива: пшеничное, лёгкое, кёльш, альт, безалкогольное.	https://бир.рф/shop/260/desc/solod-pshenichnyj-svetlyj-pale-wheat-weyermann-1-kg	3.8 ebc					
663	malt	пшеничный	курский солод	россия	солод пшеничный	beer.rf	5.0	кг	613.0	rub	пшеничный солод изготовлен из отборной яровой пшеницы. используется как базовый солод для пшеничных сортов пива. так же добавляется в затор при производстве других сортов пива верхового брожения для придания характерного вкуса и аромата. цвет: 5,5 ebc пшеничный солод изготовлен из отборной яровой пшеницы. используется как базовый солод для пшеничных сортов пива. так же добавляется в затор при производстве других сортов пива верхового брожения для придания характерного вкуса и аромата. цвет: 5,5 ebc	пшеничный солод курский - отборная яровая пшеница, использование для пшеничного пива и других сортов, усиление качества пенной шапки и мутности. применяется в различных стилях пива, повышает пеностойкость и хлебный аромат. высокое содержание нерастворенного белка требует интенсивного затирания при низких температурах, с использованием белковой паузы.	https://бир.рф/shop/30/desc/solod-pshenichnyj-kurskij-solod-5-kg	5.5 ebc	83.0 %		80.0 %		
664	malt	пшеничный	курский солод	россия	солод пшеничный	beer.rf	25.0	кг	2683.0	rub	пшеничный солод изготовлен из отборной яровой пшеницы. используется как базовый солод для пшеничных сортов пива. так же добавляется в затор при производстве других сортов пива верхового брожения для придания характерного вкуса и аромата. цвет: 5,5 ebc пшеничный солод изготовлен из отборной яровой пшеницы. используется как базовый солод для пшеничных сортов пива. так же добавляется в затор при производстве других сортов пива верхового брожения для придания характерного вкуса и аромата. цвет: 5,5 ebc	пшеничный солод курский - отборная яровая пшеница, использование для пшеничного пива и других сортов, усиление качества пенной шапки и мутности. применяется в различных стилях пива, повышает пеностойкость и хлебный аромат. высокое содержание нерастворенного белка требует интенсивного затирания при низких температурах, с использованием белковой паузы.	https://бир.рф/shop/64/desc/solod-pshenichnyj-kurskij-solod-25-kg	5.5 ebc	83.0 %		80.0 %		
665	malt	пшеничный	курский солод	россия	солод пшеничный	beer.rf	1.0	кг	139.0	rub	используется как базовый солод для пшеничных сортов пива. так же добавляется в затор при производстве других сортов пива верхового брожения для придания характерного вкуса и аромата. цвет: 5,5 ebc используется как базовый солод для пшеничных сортов пива. так же добавляется в затор при производстве других сортов пива верхового брожения для придания характерного вкуса и аромата. цвет: 5,5 ebc	пшеничный солод курский - отборная яровая пшеница, использование для пшеничного пива и других сортов, усиление качества пенной шапки и мутности. применяется в различных стилях пива, повышает пеностойкость и хлебный аромат. высокое содержание нерастворенного белка требует интенсивного затирания при низких температурах, с использованием белковой паузы.	https://бир.рф/shop/31/desc/solod-pshenichnyj-kurskij-solod-1-kg	5.5 ebc	83.0 %		80.0 %		
666	malt	пильзнер премиум / premium pilsner	курский солод	россия	солод пильзенский	beer.rf	5.0	кг	613.0	rub	особенностью солода «пилзнер премиум» является его более высокая экстрактивность и ферментативная активность, что позволяет улучшить вкус и прозрачность напитка, но и способствует снижению количества используемого солода на пивоварне. цвет: 3,7 ebc особенностью солода «пилзнер премиум» является его более высокая экстрактивность и ферментативная активность, что позволяет улучшить вкус и прозрачность напитка, но и способствует снижению количества используемого солода на пивоварне. цвет: 3,7 ebc	"солод ""пильзнер премиум"" отличается высокой экстрактивностью и ферментативной активностью, что улучшает вкус и прозрачность напитка, а также позволяет снизить количество необходимого солода. его цветность составляет 3,7 ebc, что говорит о низком содержание красящих веществ, что идеально для светлых сортов пива. благодаря высокой ферментативной активности и степени сбраживания, солод ""пильзнер премиум"" позволяет получить максимальный выход экстракта. низкий уровень бета-глюканов облегчает фильтрацию сусла и готового пива. солод ""пильзнер премиум"" производится из отобранных партий ячменя одной сортности, обеспечивая при соложении оптимальные результаты. при его производстве применяются специальные технологические рецепты, которые позволяют максимально раскрыть качественные характеристики сырья. использование солода ""пильзнер премиум"" в пивоварении позволяет легко достичь насыщенного вкуса и цвета, обеспечивая при этом хорошую консистенцию и отличную пеностойкость напитка. он приобретает сладковато-солодовый аромат с легкими медовыми нотками. доля данного солода в засыпи может достигать 100%."	https://бир.рф/shop/33/desc/solod-pilzner-premium-premium-pilsner-kurskij-solod-5-kg	3.7 ebc			100.0 %		
667	malt	пильзнер премиум / premium pilsner	курский солод	россия	солод пильзенский	beer.rf	25.0	кг	2683.0	rub	особенностью солода «пилзнер премиум» является его более высокая экстрактивность и ферментативная активность, что позволяет улучшить вкус и прозрачность напитка, но и способствует снижению количества используемого солода на пивоварне. цвет: 3,7 ebc особенностью солода «пилзнер премиум» является его более высокая экстрактивность и ферментативная активность, что позволяет улучшить вкус и прозрачность напитка, но и способствует снижению количества используемого солода на пивоварне. цвет: 3,7 ebc	"солод ""пильзнер премиум"" отличается высокой экстрактивностью и ферментативной активностью, что улучшает вкус и прозрачность напитка, а также позволяет снизить количество необходимого солода. его цветность составляет 3,7 ebc, что говорит о низком содержание красящих веществ, что идеально для светлых сортов пива. благодаря высокой ферментативной активности и степени сбраживания, солод ""пильзнер премиум"" позволяет получить максимальный выход экстракта. низкий уровень бета-глюканов облегчает фильтрацию сусла и готового пива. солод ""пильзнер премиум"" производится из отобранных партий ячменя одной сортности, обеспечивая при соложении оптимальные результаты. при его производстве применяются специальные технологические рецепты, которые позволяют максимально раскрыть качественные характеристики сырья. использование солода ""пильзнер премиум"" в пивоварении позволяет легко достичь насыщенного вкуса и цвета, обеспечивая при этом хорошую консистенцию и отличную пеностойкость напитка. он приобретает сладковато-солодовый аромат с легкими медовыми нотками. доля данного солода в засыпи может достигать 100%."	https://бир.рф/shop/986/desc/solod-pilzner-premium-premium-pilsner-kurskij-solod-25-kg	3.7 ebc			100.0 %		
668	malt	пильзнер премиум / premium pilsner	курский солод	россия	солод пильзенский	beer.rf	1.0	кг	139.0	rub	особенностью солода «пилзнер премиум» является его более высокая экстрактивность и ферментативная активность, что позволяет улучшить вкус и прозрачность напитка, но и способствует снижению количества используемого солода на пивоварне. цвет: 3,7 ebc особенностью солода «пилзнер премиум» является его более высокая экстрактивность и ферментативная активность, что позволяет улучшить вкус и прозрачность напитка, но и способствует снижению количества используемого солода на пивоварне. цвет: 3,7 ebc	"солод ""пильзнер премиум"" отличается высокой экстрактивностью и ферментативной активностью, что улучшает вкус и прозрачность напитка, а также позволяет снизить количество необходимого солода. его цветность составляет 3,7 ebc, что говорит о низком содержание красящих веществ, что идеально для светлых сортов пива. благодаря высокой ферментативной активности и степени сбраживания, солод ""пильзнер премиум"" позволяет получить максимальный выход экстракта. низкий уровень бета-глюканов облегчает фильтрацию сусла и готового пива. солод ""пильзнер премиум"" производится из отобранных партий ячменя одной сортности, обеспечивая при соложении оптимальные результаты. при его производстве применяются специальные технологические рецепты, которые позволяют максимально раскрыть качественные характеристики сырья. использование солода ""пильзнер премиум"" в пивоварении позволяет легко достичь насыщенного вкуса и цвета, обеспечивая при этом хорошую консистенцию и отличную пеностойкость напитка. он приобретает сладковато-солодовый аромат с легкими медовыми нотками. доля данного солода в засыпи может достигать 100%."	https://бир.рф/shop/32/desc/solod-pilzner-premium-premium-pilsner-kurskij-solod-1-kg	3.7 ebc			100.0 %		
669	malt	пильзнер / pilsner	курский солод	россия	солод пильзенский	beer.rf	5.0	кг	562.0	rub	изготовлен из отборного двухрядного пивоваренного ячменя. применяется как базовый солод при варке большинства сортов светлого пива. цвет: 2,8-4,5 ebc изготовлен из отборного двухрядного пивоваренного ячменя. применяется как базовый солод при варке большинства сортов светлого пива. цвет: 2,8-4,5 ebc	солод пильзнер - изготовлен из отборного двухрядного пивоваренного ячменя. используется в качестве базового солода для приготовления большинства светлых сортов пива. его цвет варьирует в диапазоне от 2,8 до 4,5 ebc. солод пильзнер - изготовлен из отборного двухрядного пивоваренного ячменя. используется в качестве базового солода для приготовления большинства светлых сортов пива. его цвет варьирует в диапазоне от 2,8 до 4,5 ebc. процесс замачивания и проращивания ячменя осуществляется в оптимальных условиях, что позволяет получить солод высокого качества и однородных характеристик. температура воздуха при обжиге составляет 80-85°с. светлый солод характеризуется слегка сладковатым вкусом с небольшим ореховым оттенком.	https://бир.рф/shop/29/desc/solod-pilzner-pilsner-kurskij-solod-5-kg	4.5 ebc					
670	malt	пильзнер / pilsner	курский солод	россия	солод пильзенский	beer.rf	25.0	кг	2468.0	rub	изготовлен из отборного двухрядного пивоваренного ячменя. применяется как базовый солод при варке большинства сортов светлого пива. цвет: 2,8-4,5 ebc изготовлен из отборного двухрядного пивоваренного ячменя. применяется как базовый солод при варке большинства сортов светлого пива. цвет: 2,8-4,5 ebc	солод пильзнер - изготовлен из отборного двухрядного пивоваренного ячменя. используется в качестве базового солода для приготовления большинства светлых сортов пива. его цвет варьирует в диапазоне от 2,8 до 4,5 ebc. солод пильзнер - изготовлен из отборного двухрядного пивоваренного ячменя. используется в качестве базового солода для приготовления большинства светлых сортов пива. его цвет варьирует в диапазоне от 2,8 до 4,5 ebc. процесс замачивания и проращивания ячменя осуществляется в оптимальных условиях, что позволяет получить солод высокого качества и однородных характеристик. температура воздуха при обжиге составляет 80-85°с. светлый солод характеризуется слегка сладковатым вкусом с небольшим ореховым оттенком.	https://бир.рф/shop/886/desc/solod-pilzner-pilsner-kurskij-solod-25-kg	4.5 ebc					
671	malt	пильзнер / pilsner	курский солод	россия	солод пильзенский	beer.rf	1.0	кг	129.0	rub	изготовлен из отборного двухрядного пивоваренного ячменя. применяется как базовый солод при варке большинства сортов светлого пива. цвет: 2,8-4,5 ebc изготовлен из отборного двухрядного пивоваренного ячменя. применяется как базовый солод при варке большинства сортов светлого пива. цвет: 2,8-4,5 ebc	солод пильзнер - изготовлен из отборного двухрядного пивоваренного ячменя. используется в качестве базового солода для приготовления большинства светлых сортов пива. его цвет варьирует в диапазоне от 2,8 до 4,5 ebc. солод пильзнер - изготовлен из отборного двухрядного пивоваренного ячменя. используется в качестве базового солода для приготовления большинства светлых сортов пива. его цвет варьирует в диапазоне от 2,8 до 4,5 ebc. процесс замачивания и проращивания ячменя осуществляется в оптимальных условиях, что позволяет получить солод высокого качества и однородных характеристик. температура воздуха при обжиге составляет 80-85°с. светлый солод характеризуется слегка сладковатым вкусом с небольшим ореховым оттенком.	https://бир.рф/shop/12/desc/solod-pilzner-pilsner-kurskij-solod-1-kg	4.5 ebc					
672	malt	пильзнер / pilsner	ireks	германия	солод пильзенский	beer.rf	5.0	кг	1059.0	rub	самый светлый базовый солод. применяется как основа при варке множества сортов пива. цвет 2,5-5 ebc. самый светлый базовый солод. применяется как основа при варке множества сортов пива. цвет 2,5-5 ebc.	солод pilsner от компании ireks, является идеальным выбором для пивоваров всех уровней. этот сорт солода является самым светлым и базовым, что делает его идеальным для создания разнообразных сортов пива. он имеет цветность от 2,5 до 5 ebc, может быть использован в качестве основы для засыпи на 100% и обладает высокой ферментативной активностью, что позволяет получать хороший выход экстракта. этот солод подходит для всех сортов пива, а идеально для пилснера, который является одним из самых популярных стилей пива. он придает пиву светлый цвет, хорошую ферментативную активность и высокое содержание экстракта. вы можете экспериментировать с различными сочетаниями этого солода с другими видами солода или добавлять дополнительные ингредиенты, чтобы придать своему пиву уникальный характер.	https://бир.рф/shop/1554/desc/solod-pilzner-pilsner-ireks-5-kg	2.5-5.0 ebc			100.0 %		
673	malt	пильзнер / pilsner	ireks	германия	солод пильзенский	beer.rf	25.0	кг	4832.0	rub	самый светлый базовый солод. применяется как основа при варке множества сортов пива. цвет 2,5-5 ebc. годен до самый светлый базовый солод. применяется как основа при варке множества сортов пива. цвет 2,5-5 ebc. годен до	солод pilsner от компании ireks, является идеальным выбором для пивоваров всех уровней. этот сорт солода является самым светлым и базовым, что делает его идеальным для создания разнообразных сортов пива. он имеет цветность от 2,5 до 5 ebc, может быть использован в качестве основы для засыпи на 100% и обладает высокой ферментативной активностью, что позволяет получать хороший выход экстракта. этот солод подходит для всех сортов пива, а идеально для пилснера, который является одним из самых популярных стилей пива. он придает пиву светлый цвет, хорошую ферментативную активность и высокое содержание экстракта. вы можете экспериментировать с различными сочетаниями этого солода с другими видами солода или добавлять дополнительные ингредиенты, чтобы придать своему пиву уникальный характер.	https://бир.рф/shop/1555/desc/solod-pilzner-pilsner-ireks-25-kg	2.5-5.0 ebc			100.0 %		
674	malt	пильзнер / pilsner	ireks	германия	солод пильзенский	beer.rf	1.0	кг	230.0	rub	самый светлый базовый солод. применяется как основа при варке множества сортов пива. цвет 2,5-5 ebc. самый светлый базовый солод. применяется как основа при варке множества сортов пива. цвет 2,5-5 ebc.	солод pilsner от компании ireks, является идеальным выбором для пивоваров всех уровней. этот сорт солода является самым светлым и базовым, что делает его идеальным для создания разнообразных сортов пива. он имеет цветность от 2,5 до 5 ebc, может быть использован в качестве основы для засыпи на 100% и обладает высокой ферментативной активностью, что позволяет получать хороший выход экстракта. этот солод подходит для всех сортов пива, а идеально для пилснера, который является одним из самых популярных стилей пива. он придает пиву светлый цвет, хорошую ферментативную активность и высокое содержание экстракта. вы можете экспериментировать с различными сочетаниями этого солода с другими видами солода или добавлять дополнительные ингредиенты, чтобы придать своему пиву уникальный характер.	https://бир.рф/shop/1553/desc/solod-pilzner-pilsner-ireks-1-kg	2.5-5.0 ebc			100.0 %		
675	malt	овсяный голозерный	курский солод	россия	солод овсяный	beer.rf	1.0	кг	139.1	rub	применяется в небольших пропорциях в бельгийских витбирах и сейзонах, а также американские neipa. цвет 10 ebc применяется в небольших пропорциях в бельгийских витбирах и сейзонах, а также американские neipa. цвет 10 ebc	"солод овсяный - применяется в небольших пропорциях в бельгийских витбирах, сейзонах и американском neipa. с его помощью пивовары создают тёмное пиво с более насыщенным вкусом и ароматом, которое радует стойкой пеной. овсяный солод добавляет ""шелковистость"" этому напитку и усиливает его букет, придавая вкус свежего печенья, уникальную текстуру и кремовое наслаждение."	https://бир.рф/shop/41/desc/solod-ovsjanyj-golozernyj-kurskij-solod-1-kg	10.0 ebc	70.0 %		30.0 %		
676	malt	мюнхнер тип 1 / munich type 1	weyermann	германия	солод мюнхенский	beer.rf	1.0	кг	289.97	rub	базовый солод легкой обжарки с нотками карамели, меда и хлеба. отлично подойдет для темных сортов пива. цвет 12 - 18 евс базовый солод легкой обжарки с нотками карамели, меда и хлеба. отлично подойдет для темных сортов пива. цвет 12 - 18 евс	солод мюнхнер тип 1 (светлый мюнхенский) - это солод легкой обжарки для лагерных стилей пива, производимый из качественного двухрядного немецкого ярового ячменя. обычно используется как специальный солод. он содержит достаточно ферментов, несмотря на свой цвет, и может составлять до 100% от засыпи. так же он обладает надёжными характеристиками, в том числе полное тело, янтарный цвет и мягкое послевкусие. вкус сильно солодовый, а богатый аромат имеет ноты светлой карамели, меда и хлеба. аромат: выраженный солодовый аромат с нотками карамели, мёда и хлеба. стили пива: мюнхенское светлое (munich-style helles), майбок (maibock), тёмное пиво, октоберфест (праздничное), стаут, мартовское, тёмный эль.	https://бир.рф/shop/258/desc/solod-mjunkhner-tip-1-munich-type-1-weyermann-1-kg	21.2 ebc	82.2 %	10.6 %	100.0 %		
677	malt	шато блэк / black	castle malting	бельгия	солод жженый > 500 ebc	beer.rf	1.0	кг	324.0	rub	усиливает аромат пива «с характером», придавая ему более вяжущий вкус, чем остальные цветные солода. готовое пиво обладает легким «дымным» привкусом.. цвет 1300 ebc усиливает аромат пива «с характером», придавая ему более вяжущий вкус, чем остальные цветные солода. готовое пиво обладает легким «дымным» привкусом.. цвет 1300 ebc		https://бир.рф/shop/88/desc/solod-shato-blehk-black-castle-malting-1-kg	1300.0 ebc	73.0 %		6.0 %		
678	malt	шато бисквит / biscuit	castle malting	бельгия	солод спец. < 50 ebc	beer.rf	25.0	кг	5805.0	rub	придает пиву вкус теплого хлеба, аромат печенья и ярко выраженное послевкусие «поджаренного хлеба». этот тип солода используется для усиления «жареного» вкуса и аромата, типичных для элей и лагеров. цвет 50 ebc придает пиву вкус теплого хлеба, аромат печенья и ярко выраженное послевкусие «поджаренного хлеба». этот тип солода используется для усиления «жареного» вкуса и аромата, типичных для элей и лагеров. цвет 50 ebc	"солод шато бисквит - его аромат теплого хлеба и запах печенья, а также ярко выраженное послевкусие ""поджаренного хлеба"" добавят пиву уникальную нотку вкуса. этот солод идеально подходит для усиления ""жареного"" вкуса и аромата, характерных для эля и лагера. это уникальный специальный бельгийский солод. он проходит легкое обсушивание и обжаривание при температуре до 160°c. он отлично сочетается с солодами, обладающими высокой диастатической активностью, идеально подходя для композиции с элями и лагерами. более того, шато бисквит не содержит энзимы, что позволяет его использовать в комбинированных рецептах благодаря его уникальным качествам."	https://бир.рф/shop/1777/desc/solod-shato-biskvit-biscuit-castle-malting-25-kg	50.0 ebc	77.0 %		15.0 %		
679	malt	шато бисквит / biscuit	castle malting	бельгия	солод спец. < 50 ebc	beer.rf	1.0	кг	299.0	rub	придает пиву вкус теплого хлеба, аромат печенья и ярко выраженное послевкусие «поджаренного хлеба». этот тип солода используется для усиления «жареного» вкуса и аромата, типичных для элей и лагеров. цвет 50 ebc придает пиву вкус теплого хлеба, аромат печенья и ярко выраженное послевкусие «поджаренного хлеба». этот тип солода используется для усиления «жареного» вкуса и аромата, типичных для элей и лагеров. цвет 50 ebc	"солод шато бисквит - его аромат теплого хлеба и запах печенья, а также ярко выраженное послевкусие ""поджаренного хлеба"" добавят пиву уникальную нотку вкуса. этот солод идеально подходит для усиления ""жареного"" вкуса и аромата, характерных для эля и лагера. это уникальный специальный бельгийский солод. он проходит легкое обсушивание и обжаривание при температуре до 160°c. он отлично сочетается с солодами, обладающими высокой диастатической активностью, идеально подходя для композиции с элями и лагерами. более того, шато бисквит не содержит энзимы, что позволяет его использовать в комбинированных рецептах благодаря его уникальным качествам."	https://бир.рф/shop/77/desc/solod-shato-biskvit-biscuit-castle-malting-1-kg	50.0 ebc	77.0 %		15.0 %		
680	malt	шато арома / arome	castle malting	бельгия	солод спец. 50-200 ebc	beer.rf	25.0	кг	5360.0	rub	придает насыщенный вкус и аромат янтарному пиву и темным лагерам. по сравнению с другими традиционными цветными солодами, обладает довольно высокой диастатической активностью и придает пиву менее выраженную горечь. цвет 100 ebc придает насыщенный вкус и аромат янтарному пиву и темным лагерам. по сравнению с другими традиционными цветными солодами, обладает довольно высокой диастатической активностью и придает пиву менее выраженную горечь. цвет 100 ebc	солод шато арома (castle malting) - идеальный выбор для придания насыщенного вкуса и аромата янтарному пиву и темным лагерам. в отличие от других цветных солодов, он обладает высокой диастатической активностью и придает пиву более мягкую горечь. бельгийский ароматный солод, который обладает интенсивным ароматом благодаря процессу проращивания при высокой температуре и обсушке при 115°c.	https://бир.рф/shop/1764/desc/solod-shato-aroma-arome-castle-malting-25-kg	100.0 ebc	78.0 %		20.0 %		100.0
681	malt	шато арома / arome	castle malting	бельгия	солод спец. 50-200 ebc	beer.rf	1.0	кг	269.0	rub	придает насыщенный вкус и аромат янтарному пиву и темным лагерам. по сравнению с другими традиционными цветными солодами, обладает довольно высокой диастатической активностью и придает пиву менее выраженную горечь. цвет 100 ebc придает насыщенный вкус и аромат янтарному пиву и темным лагерам. по сравнению с другими традиционными цветными солодами, обладает довольно высокой диастатической активностью и придает пиву менее выраженную горечь. цвет 100 ebc	солод шато арома (castle malting) - идеальный выбор для придания насыщенного вкуса и аромата янтарному пиву и темным лагерам. в отличие от других цветных солодов, он обладает высокой диастатической активностью и придает пиву более мягкую горечь. бельгийский ароматный солод, который обладает интенсивным ароматом благодаря процессу проращивания при высокой температуре и обсушке при 115°c.	https://бир.рф/shop/76/desc/solod-shato-aroma-arome-castle-malting-1-kg	100.0 ebc	78.0 %		20.0 %		100.0
682	malt	шато аббатский / abbey	castle malting	бельгия	солод спец. < 50 ebc	beer.rf	25.0	кг	5545.0	rub	придает пиву сильный вкус свежевыпеченного хлеба, орехов и фруктов. этот янтарный солод обладает чуть горьковатым привкусом, который со временем становится более мягким. цвет 45 ebc придает пиву сильный вкус свежевыпеченного хлеба, орехов и фруктов. этот янтарный солод обладает чуть горьковатым привкусом, который со временем становится более мягким. цвет 45 ebc	солод шато аббатский - придает пиву насыщенный вкус свежеиспеченного хлеба, орехов и фруктов. этот медово-янтарный солод обладает легкой горчинкой, которая со временем становится более приятной и мягкой на вкус. солод отличается своим бельгийским происхождением и специальным процессом проращивания, а также сушки при температуре до 110°c. солод шато аббатский - это светлоокрашенный солод с длительной обсушкой, который придает пиву интенсивный вкус свежего хлеба, а также оттенки орехов и фруктов. в производстве пива он обычно используется в небольших дозах для достижения яркой цветности.	https://бир.рф/shop/1778/desc/solod-shato-abbatskij-abbey-castle-malting-25-kg	45.0 ebc	78.0 %		10.0 %		
683	malt	шато аббатский / abbey	castle malting	бельгия	солод спец. < 50 ebc	beer.rf	1.0	кг	267.0	rub	придает пиву сильный вкус свежевыпеченного хлеба, орехов и фруктов. этот янтарный солод обладает чуть горьковатым привкусом, который со временем становится более мягким. цвет 45 ebc придает пиву сильный вкус свежевыпеченного хлеба, орехов и фруктов. этот янтарный солод обладает чуть горьковатым привкусом, который со временем становится более мягким. цвет 45 ebc	солод шато аббатский - придает пиву насыщенный вкус свежеиспеченного хлеба, орехов и фруктов. этот медово-янтарный солод обладает легкой горчинкой, которая со временем становится более приятной и мягкой на вкус. солод отличается своим бельгийским происхождением и специальным процессом проращивания, а также сушки при температуре до 110°c. солод шато аббатский - это светлоокрашенный солод с длительной обсушкой, который придает пиву интенсивный вкус свежего хлеба, а также оттенки орехов и фруктов. в производстве пива он обычно используется в небольших дозах для достижения яркой цветности.	https://бир.рф/shop/75/desc/solod-shato-abbatskij-abbey-castle-malting-1-kg	45.0 ebc	78.0 %		10.0 %		
684	malt	спешл w / special w	weyermann	германия	солод спец. 200-500 ebc	beer.rf	1.0	кг	319.93	rub	очень ароматный, тёмно-коричневый карамельный солод. цвет от темно-янтарного до глубокого медного, добавляет полновкусия, очень интенсивный, сложный, мягкий карамельный вкус, вкус хлебной корочки, изюма, орехов. цвет: 280 - 320 ebc очень ароматный, тёмно-коричневый карамельный солод. цвет от темно-янтарного до глубокого медного, добавляет полновкусия, очень интенсивный, сложный, мягкий карамельный вкус, вкус хлебной корочки, изюма, орехов. цвет: 280 - 320 ebc	солод вайерманн ® спэшл w ® бельгийского типа произведен из отборного пивоваренного ячменя. благодаря двойной обжарки достигается практически полная карамелизация зерна. аромат: нотки изюма, тёмной карамели, орехов и хлебной корочки. стили пива: бельгийское специальное, бельгийский эль, ячменное вино, портер, стаут, браун эль, шварцбир, доппельбок, айсбок	https://бир.рф/shop/271/desc/solod-speshl-w-special-w-weyermann-1-kg	300.2 ebc					
685	malt	ржаной ферментированный	курский солод	россия	солод ржаной	beer.rf	1.0	кг	133.0	rub	применяется в небольшом количестве для придания пиву привкуса бородинского хлеба или хлебной корочки. данный солод часто используют в приготовлении кваса. цвет 10-35 ebc применяется в небольшом количестве для придания пиву привкуса бородинского хлеба или хлебной корочки. данный солод часто используют в приготовлении кваса. цвет 10-35 ebc	солод ржаной ферментированный - этот ферментированный ржаной солод идеально подходит для создания уникального вкуса пива, напоминающего аромат бородинского хлеба или хрустящей корочки. благодаря процессу ферментации, солод оживляется и высушивается при высокой температуре, что позволяет сохранить большое количество меланоидинов и создать неповторимую атмосферу хлебного вкуса. кроме того, этот солод также широко используется в приготовлении кваса, добавляя ему особый оттенок.	https://бир.рф/shop/42/desc/solod-rzhanoj-fermentirovannyj-kurskij-solod-1-kg	10.0-35.0 ebc	84.0 %		30.0 %		
686	malt	ржаной	курский солод	россия	солод ржаной	beer.rf	5.0	кг	576.0	rub	неферментированный ржаной солод используется для приготовления ржаных сортов пива, кваса и дистиллятов. в пиве повышает пеностойкость, обеспечивает и привносит пряные и ржаные оттенки во вкусе и аромате. цвет 3 ebc неферментированный ржаной солод используется для приготовления ржаных сортов пива, кваса и дистиллятов. в пиве повышает пеностойкость, обеспечивает и привносит пряные и ржаные оттенки во вкусе и аромате. цвет 3 ebc	неферментированный ржаной солод используется для приготовления ржаных сортов пива, кваса и дистиллятов. в пиве он улучшает пеностойкость и придает пряные и ржаные оттенки во вкусе и аромате. его цвет 3 ebc. этот продукт получен из пророщенного ржаного зерна и имеет сладковатый привкус и светло-зеленоватый цвет. благодаря термической обработке после проращивания, все ферменты, включая амилазы, которые разлагают крахмал на углеводы для питания дрожжей, сохраняются в продукте. это позволяет быстрее проходить процесс брожения. неферментированный солод применяется в пивоварении и для производства напитков с высоким содержанием спирта, а также для приготовления белого кваса. его используют в основном для полного разложения затора на простые и сложные сахара. к неферментированному солоду можно добавлять ферментированный солод разной степени прожарки и дозировки, чтобы создать особые сорта пива. пиво, сваренное только из неферментированного солода, имеет выраженный ржаной вкус без других оттенков, таких как карамельные или шоколадные. ржаной неферментированный солод используется для приготовления немецкого ржаного пива (роггенбир) и некоторых специальных сортов пива. он добавляет пиву плотную и стабильную пену, а также пряные и ржаные нотки, которые делают его уникальным. однако применение этого солода в пивоварении ограничено из-за высокого содержания пентозанов, которые увеличивают вязкость сусла и могут затруднить процесс фильтрации затора. поэтому пивовары обычно добавляют этот солод не более 30%. если фильтрующая система эффективна, возможно увеличение дозы до 50%. для снижения вязкости затора можно использовать низкотемпературную паузу затирания.	https://бир.рф/shop/43/desc/solod-rzhanoj-kurskij-solod-5-kg	3.0 ebc	84.0 %				
687	malt	ржаной	курский солод	россия	солод ржаной	beer.rf	1.0	кг	133.0	rub	неферментированный ржаной солод используется для приготовления ржаных сортов пива, кваса и дистиллятов. в пиве повышает пеностойкость, обеспечивает и привносит пряные и ржаные оттенки во вкусе и аромате. цвет 3 ebc неферментированный ржаной солод используется для приготовления ржаных сортов пива, кваса и дистиллятов. в пиве повышает пеностойкость, обеспечивает и привносит пряные и ржаные оттенки во вкусе и аромате. цвет 3 ebc	неферментированный ржаной солод используется для приготовления ржаных сортов пива, кваса и дистиллятов. в пиве он улучшает пеностойкость и придает пряные и ржаные оттенки во вкусе и аромате. его цвет 3 ebc. этот продукт получен из пророщенного ржаного зерна и имеет сладковатый привкус и светло-зеленоватый цвет. благодаря термической обработке после проращивания, все ферменты, включая амилазы, которые разлагают крахмал на углеводы для питания дрожжей, сохраняются в продукте. это позволяет быстрее проходить процесс брожения. неферментированный солод применяется в пивоварении и для производства напитков с высоким содержанием спирта, а также для приготовления белого кваса. его используют в основном для полного разложения затора на простые и сложные сахара. к неферментированному солоду можно добавлять ферментированный солод разной степени прожарки и дозировки, чтобы создать особые сорта пива. пиво, сваренное только из неферментированного солода, имеет выраженный ржаной вкус без других оттенков, таких как карамельные или шоколадные. ржаной неферментированный солод используется для приготовления немецкого ржаного пива (роггенбир) и некоторых специальных сортов пива. он добавляет пиву плотную и стабильную пену, а также пряные и ржаные нотки, которые делают его уникальным. однако применение этого солода в пивоварении ограничено из-за высокого содержания пентозанов, которые увеличивают вязкость сусла и могут затруднить процесс фильтрации затора. поэтому пивовары обычно добавляют этот солод не более 30%. если фильтрующая система эффективна, возможно увеличение дозы до 50%. для снижения вязкости затора можно использовать низкотемпературную паузу затирания.	https://бир.рф/shop/44/desc/solod-rzhanoj-kurskij-solod-1-kg	3.0 ebc	84.0 %				
688	malt	пэйл эль / pale ale	курский солод	россия	солод пэйл эль	beer.rf	5.0	кг	569.0	rub	более насыщенный и полный вкус, чем у pilsner. усиливает золотистый оттенок и придает пиву приятную ароматику. цвет: 4-6,5 ebc более насыщенный и полный вкус, чем у pilsner. усиливает золотистый оттенок и придает пиву приятную ароматику. цвет: 4-6,5 ebc	солод пэйл эль - базовый ячменный солод. высокая растворимость солода позволяет ферментам перевести часть крахмала и белка в растворимую форму. благодаря этому, его можно затирать на одной определенной температуре, 67-70 °c, что характерно для британской техники пивоварения. кроме того, повышенная температура сушки убирает сернистые соединения из солода, что уменьшает время кипячения сусла по сравнению с пильзенским солодом. пиво с этим солодом имеет нежные ноты выпечки, печенья, сухофруктов и меда.	https://бир.рф/shop/55/desc/solod-pehjl-ehl-pale-ale-kurskij-solod-5-kg	4.0-6.5 ebc	82.0 %		100.0 %		
689	malt	пэйл эль / pale ale	курский солод	россия	солод пэйл эль	beer.rf	25.0	кг	2499.0	rub	более насыщенный и полный вкус, чем у pilsner. усиливает золотистый оттенок и придает пиву приятную ароматику. цвет: 4-6,5 ebc более насыщенный и полный вкус, чем у pilsner. усиливает золотистый оттенок и придает пиву приятную ароматику. цвет: 4-6,5 ebc	солод пэйл эль - базовый ячменный солод. высокая растворимость солода позволяет ферментам перевести часть крахмала и белка в растворимую форму. благодаря этому, его можно затирать на одной определенной температуре, 67-70 °c, что характерно для британской техники пивоварения. кроме того, повышенная температура сушки убирает сернистые соединения из солода, что уменьшает время кипячения сусла по сравнению с пильзенским солодом. пиво с этим солодом имеет нежные ноты выпечки, печенья, сухофруктов и меда.	https://бир.рф/shop/62/desc/solod-pehjl-ehl-pale-ale-kurskij-solod-25-kg	4.0-6.5 ebc	82.0 %		100.0 %		
690	malt	пэйл эль / pale ale	курский солод	россия	солод пэйл эль	beer.rf	1.0	кг	129.0	rub	более насыщенный и полный вкус, чем у pilsner. усиливает золотистый оттенок и придает пиву приятную ароматику. цвет: 4-6,5 ebc более насыщенный и полный вкус, чем у pilsner. усиливает золотистый оттенок и придает пиву приятную ароматику. цвет: 4-6,5 ebc	солод пэйл эль - базовый ячменный солод. высокая растворимость солода позволяет ферментам перевести часть крахмала и белка в растворимую форму. благодаря этому, его можно затирать на одной определенной температуре, 67-70 °c, что характерно для британской техники пивоварения. кроме того, повышенная температура сушки убирает сернистые соединения из солода, что уменьшает время кипячения сусла по сравнению с пильзенским солодом. пиво с этим солодом имеет нежные ноты выпечки, печенья, сухофруктов и меда.	https://бир.рф/shop/53/desc/solod-pehjl-ehl-pale-ale-kurskij-solod-1-kg	4.0-6.5 ebc	82.0 %		100.0 %		
691	malt	пэйл эль / pale ale	ireks	германия	солод пэйл эль	beer.rf	5.0	кг	1059.0	rub	благодаря более насыщенному цвету по сравнению с солодом pilsner, придаёт пиву золотистый оттенок, который свойственен англо-саксонским сортам пива. цвет 5-7 ebc. благодаря более насыщенному цвету по сравнению с солодом pilsner, придаёт пиву золотистый оттенок, который свойственен англо-саксонским сортам пива. цвет 5-7 ebc.	"солод пэйл эль / pale ale от компании ireks имеет немного более насыщенный цвет по сравнению с солодом ""пилснер"", что позволяет придать пиву не только золотистый оттенок, но и уникальный вкус, характерный для англо-саксонских сортов пива. это отличный способ добавить немного разнообразия в свои рецепты и удивить своих друзей новыми вкусовыми нюансами. солод пэйл эль идеально подходит для различных типов и стилей пива. он отлично подойдет для светлого эля, бельгийского эля, лагера, портера и стаута. это означает, что вы можете использовать его в различных рецептах и экспериментировать с разными стилями пива. кроме того, солод ireks можно использовать в доле засыпи до 100%. это дает вам свободу выбора и возможность контролировать интенсивность цвета и вкуса в вашем пиве. вы можете использовать его в качестве основного компонента или сочетать с другими солодами для достижения желаемого результата."	https://бир.рф/shop/1560/desc/solod-pehjl-ehl-pale-ale-ireks-5-kg	5.0-7.0 ebc			100.0 %		
692	malt	пэйл эль / pale ale	ireks	германия	солод пэйл эль	beer.rf	25.0	кг	4831.0	rub	благодаря более насыщенному цвету по сравнению с солодом pilsner, придаёт пиву золотистый оттенок, который свойственен англо-саксонским сортам пива. цвет 5-7 ebc. благодаря более насыщенному цвету по сравнению с солодом pilsner, придаёт пиву золотистый оттенок, который свойственен англо-саксонским сортам пива. цвет 5-7 ebc.	"солод пэйл эль / pale ale от компании ireks имеет немного более насыщенный цвет по сравнению с солодом ""пилснер"", что позволяет придать пиву не только золотистый оттенок, но и уникальный вкус, характерный для англо-саксонских сортов пива. это отличный способ добавить немного разнообразия в свои рецепты и удивить своих друзей новыми вкусовыми нюансами. солод пэйл эль идеально подходит для различных типов и стилей пива. он отлично подойдет для светлого эля, бельгийского эля, лагера, портера и стаута. это означает, что вы можете использовать его в различных рецептах и экспериментировать с разными стилями пива. кроме того, солод ireks можно использовать в доле засыпи до 100%. это дает вам свободу выбора и возможность контролировать интенсивность цвета и вкуса в вашем пиве. вы можете использовать его в качестве основного компонента или сочетать с другими солодами для достижения желаемого результата."	https://бир.рф/shop/1561/desc/solod-pehjl-ehl-pale-ale-ireks-25-kg	5.0-7.0 ebc			100.0 %		
693	malt	пэйл эль / pale ale	ireks	германия	солод пэйл эль	beer.rf	1.0	кг	230.0	rub	благодаря более насыщенному цвету по сравнению с солодом pilsner, придаёт пиву золотистый оттенок, который свойственен англо-саксонским сортам пива. цвет 5-7 ebc. благодаря более насыщенному цвету по сравнению с солодом pilsner, придаёт пиву золотистый оттенок, который свойственен англо-саксонским сортам пива. цвет 5-7 ebc.	"солод пэйл эль / pale ale от компании ireks имеет немного более насыщенный цвет по сравнению с солодом ""пилснер"", что позволяет придать пиву не только золотистый оттенок, но и уникальный вкус, характерный для англо-саксонских сортов пива. это отличный способ добавить немного разнообразия в свои рецепты и удивить своих друзей новыми вкусовыми нюансами. солод пэйл эль идеально подходит для различных типов и стилей пива. он отлично подойдет для светлого эля, бельгийского эля, лагера, портера и стаута. это означает, что вы можете использовать его в различных рецептах и экспериментировать с разными стилями пива. кроме того, солод ireks можно использовать в доле засыпи до 100%. это дает вам свободу выбора и возможность контролировать интенсивность цвета и вкуса в вашем пиве. вы можете использовать его в качестве основного компонента или сочетать с другими солодами для достижения желаемого результата."	https://бир.рф/shop/1559/desc/solod-pehjl-ehl-pale-ale-ireks-1-kg	5.0-7.0 ebc			100.0 %		
694	malt	шато кофе / cafe	castle malting	бельгия	солод жженый > 500 ebc	beer.rf	0.25	кг	105.0	rub	придает пиву мягкий вкус с кофейно-ореховыми нотами и более «сложный» букет - всем темным элям. усиливает цветность пива. цвет 500 ebc придает пиву мягкий вкус с кофейно-ореховыми нотами и более «сложный» букет - всем темным элям. усиливает цветность пива. цвет 500 ebc	солод шато кофе (castle malting) - проявляет свои выразительные ноты кофе и орехов. солод шато кофе придает пиву неповторимый мягкий вкус и сложную ароматическую палитру, идеально подходящую для темных сортов эля. его присутствие также дарит пиву глубокий насыщенный оттенок, добавляя цветности и яркости. бельгийский «кофейный» солод шато кофе проявляется в полной мере при обработке с использованием температуры до 200°c. такие обработочные параметры обеспечивают подлинное раскрытие его вкусовых качеств. обладая выразительными кофейными и ореховыми нотами, солод шато кофе придает пиву изысканный мягкий вкус и сложный ароматный букет, особенно привлекательный для любителей темных сортов эля. более того, этот солод значительно усиливает цветность пива, делая его более ярким и привлекательным.	https://бир.рф/shop/726/desc/solod-shato-kofe-cafe-castle-malting-250-g	500.0 ebc	77.0 %		5.0 %		
695	malt	шато кофе / cafe	castle malting	бельгия	солод жженый > 500 ebc	beer.rf	1.0	кг	342.0	rub	придает пиву мягкий вкус с кофейно-ореховыми нотами и более «сложный» букет - всем темным элям. усиливает цветность пива. цвет 500 ebc придает пиву мягкий вкус с кофейно-ореховыми нотами и более «сложный» букет - всем темным элям. усиливает цветность пива. цвет 500 ebc	солод шато кофе (castle malting) - проявляет свои выразительные ноты кофе и орехов. солод шато кофе придает пиву неповторимый мягкий вкус и сложную ароматическую палитру, идеально подходящую для темных сортов эля. его присутствие также дарит пиву глубокий насыщенный оттенок, добавляя цветности и яркости. бельгийский «кофейный» солод шато кофе проявляется в полной мере при обработке с использованием температуры до 200°c. такие обработочные параметры обеспечивают подлинное раскрытие его вкусовых качеств. обладая выразительными кофейными и ореховыми нотами, солод шато кофе придает пиву изысканный мягкий вкус и сложный ароматный букет, особенно привлекательный для любителей темных сортов эля. более того, этот солод значительно усиливает цветность пива, делая его более ярким и привлекательным.	https://бир.рф/shop/86/desc/solod-shato-kofe-cafe-castle-malting-1-kg	500.0 ebc	77.0 %		5.0 %		
696	malt	шато кара терра / cara terra	castle malting	бельгия	солод спец. 50-200 ebc	beer.rf	1.0	кг	295.0	rub	придает пиву медно-коричневый оттенок. добавит насыщенный аромат карамели, ириски и теплого хлеба, а также ореховые нотки. придаст пиву бóльшую округлость. цвет 170-220 ebc придает пиву медно-коричневый оттенок. добавит насыщенный аромат карамели, ириски и теплого хлеба, а также ореховые нотки. придаст пиву бóльшую округлость. цвет 170-220 ebc	шато кара терра - является идеальным выбором для тех, кто желает придать своему пиву изысканный медно-коричневый оттенок. благодаря этому солоду, пиво станет не только красивым на вид, но и обладать насыщенным ароматом карамели, ириски и теплого хлеба, а также приятными нотками орехов. его использование также способствует обеспечению пиву бóльшей округлости. шато кара терра - является идеальным выбором для тех, кто желает придать своему пиву изысканный медно-коричневый оттенок. благодаря этому солоду, пиво станет не только красивым на вид, но и обладать насыщенным ароматом карамели, ириски и теплого хлеба, а также приятными нотками орехов. его использование также способствует обеспечению пиву бóльшей округлости. шато кара терра - это бельгийский карамельный солод с сильным ароматом, который производится путем проращивания при высокой температуре и последующей обжарки в барабанном ростере. благодаря своим отличительным свойствам, данный солод поможет вам создать пиво с уникальным характером и вкусом.	https://бир.рф/shop/80/desc/solod-shato-kara-terra-cara-terra-castle-malting-1-kg	170.0-220.0 ebc	74.0 %		15.0 %		
697	malt	шато кара руби / cara ruby	castle malting	бельгия	солод карамельный 20-50	beer.rf	25.0	кг	5750.0	rub	придает пиву более интенсивный аромат кармели и ирисок и янтарно-красный цвет. цвет: 50 ebc придает пиву более интенсивный аромат кармели и ирисок и янтарно-красный цвет. цвет: 50 ebc	шато кара руби - уникальный сорт бельгийского карамельного солода, считающийся визитной карточкой солодовни castle malting. при использовании шато кара руби в своих пивных рецептах вы можете быть уверены в получении высококачественного напитка с неповторимым характером. особенность этого солода - его способность раскрыть вкус и придать особый аромат вашему пиву. при температуре сушки, достигающей 220°c, шато кара руби раскрывает всю мощь своего вкуса, создавая незабываемую гармонию карамели и ирисок. шато кара руби - уникальный сорт бельгийского карамельного солода, считающийся визитной карточкой солодовни castle malting. при использовании шато кара руби в своих пивных рецептах вы можете быть уверены в получении высококачественного напитка с неповторимым характером. особенность этого солода - его способность раскрыть вкус и придать особый аромат вашему пиву. при температуре сушки, достигающей 220°c, шато кара руби раскрывает всю мощь своего вкуса, создавая незабываемую гармонию карамели и ирисок. еще одним неповторимым свойством этого солода является янтарно-красный цвет, который он придает вашему напитку. не упустите возможность добавить интенсивность и яркость своему пиву с помощью шато кара руби.	https://бир.рф/shop/1768/desc/solod-shato-kara-rubi-cara-ruby-castle-malting-25-kg	50.0 ebc			40.0 %		
698	malt	шато кара руби / cara ruby	castle malting	бельгия	солод карамельный 20-50	beer.rf	1.0	кг	295.0	rub	придает пиву более интенсивный аромат кармели и ирисок и янтарно-красный цвет. цвет: 50 ebc придает пиву более интенсивный аромат кармели и ирисок и янтарно-красный цвет. цвет: 50 ebc	шато кара руби - уникальный сорт бельгийского карамельного солода, считающийся визитной карточкой солодовни castle malting. при использовании шато кара руби в своих пивных рецептах вы можете быть уверены в получении высококачественного напитка с неповторимым характером. особенность этого солода - его способность раскрыть вкус и придать особый аромат вашему пиву. при температуре сушки, достигающей 220°c, шато кара руби раскрывает всю мощь своего вкуса, создавая незабываемую гармонию карамели и ирисок. шато кара руби - уникальный сорт бельгийского карамельного солода, считающийся визитной карточкой солодовни castle malting. при использовании шато кара руби в своих пивных рецептах вы можете быть уверены в получении высококачественного напитка с неповторимым характером. особенность этого солода - его способность раскрыть вкус и придать особый аромат вашему пиву. при температуре сушки, достигающей 220°c, шато кара руби раскрывает всю мощь своего вкуса, создавая незабываемую гармонию карамели и ирисок. еще одним неповторимым свойством этого солода является янтарно-красный цвет, который он придает вашему напитку. не упустите возможность добавить интенсивность и яркость своему пиву с помощью шато кара руби.	https://бир.рф/shop/931/desc/solod-shato-kara-rubi-cara-ruby-castle-malting-1-kg	50.0 ebc			40.0 %		
699	malt	шато кара клэр / cara clair	castle malting	бельгия	солод спец. < 50 ebc	beer.rf	25.0	кг	6299.0	rub	придает пиву бóльшую насыщенность и округлость, способствует формированию и стойкости пены. создает легкие бисквитные ноты в аромате пива. цвет 6-8 евс придает пиву бóльшую насыщенность и округлость, способствует формированию и стойкости пены. создает легкие бисквитные ноты в аромате пива. цвет 6-8 евс	солод шато кара клэр - добавит вашему пиву дополнительную глубину и мягкость, повысит стойкость пены. благодаря особым методам сушки в специальном обжарочном барабане, он также придаст пиву нежные ноты бисквита. этот карамельный солод из бельгии идеально подойдет для создания насыщенного и ароматного пива.	https://бир.рф/shop/1769/desc/solod-shato-kara-klehr-cara-clair-castle-malting-25-kg	6.0-8.0 ebc	78.0 %		5.0 %		
700	malt	шато кара клэр / cara clair	castle malting	бельгия	солод спец. < 50 ebc	beer.rf	1.0	кг	295.0	rub	придает пиву бóльшую насыщенность и округлость, способствует формированию и стойкости пены. создает легкие бисквитные ноты в аромате пива. цвет 6-8 евс придает пиву бóльшую насыщенность и округлость, способствует формированию и стойкости пены. создает легкие бисквитные ноты в аромате пива. цвет 6-8 евс	солод шато кара клэр - добавит вашему пиву дополнительную глубину и мягкость, повысит стойкость пены. благодаря особым методам сушки в специальном обжарочном барабане, он также придаст пиву нежные ноты бисквита. этот карамельный солод из бельгии идеально подойдет для создания насыщенного и ароматного пива.	https://бир.рф/shop/81/desc/solod-shato-kara-klehr-cara-clair-castle-malting-1-kg	6.0-8.0 ebc	78.0 %		5.0 %		
701	malt	шато кара голд / cara gold	castle malting	бельгия	солод спец. 50-200 ebc	beer.rf	25.0	кг	5750.0	rub	придает пиву насыщенный карамельный привкус и аромат и темно-янтарный цвет. усиливает бархатистость пива и повышает стойкость его пены. цвет: 120 ebc придает пиву насыщенный карамельный привкус и аромат и темно-янтарный цвет. усиливает бархатистость пива и повышает стойкость его пены. цвет: 120 ebc	солод шато кара голд, является настоящим сокровищем для пивоваров. его множество превосходных качеств позволяют придать пиву насыщенный карамельный привкус и уникальный аромат, а также темно-янтарный оттенок. солод шато кара голд, является настоящим сокровищем для пивоваров. его множество превосходных качеств позволяют придать пиву насыщенный карамельный привкус и уникальный аромат, а также темно-янтарный оттенок. шато кара голд усиливает бархатистость пива и повышает стойкость пены, что делает его идеальным выбором для настоящих ценителей пива. свойства этого солода довершают его великолепие - высокая температура просушивания и интенсивный аромат раскрываются при температуре до 220°c, создавая непревзойденный вкус и насыщенность. шато кара голд - лучший в своем классе солод, который придаст вашему пиву неповторимый характер и является неизменным атрибутом пивоварения.	https://бир.рф/shop/1770/desc/solod-shato-kara-gold-cara-gold-castle-malting-25-kg	120.0 ebc			20.0 %		
702	malt	шато кара голд / cara gold	castle malting	бельгия	солод спец. 50-200 ebc	beer.rf	1.0	кг	295.0	rub	придает пиву насыщенный карамельный привкус и аромат и темно-янтарный цвет. усиливает бархатистость пива и повышает стойкость его пены. цвет: 120 ebc придает пиву насыщенный карамельный привкус и аромат и темно-янтарный цвет. усиливает бархатистость пива и повышает стойкость его пены. цвет: 120 ebc	солод шато кара голд, является настоящим сокровищем для пивоваров. его множество превосходных качеств позволяют придать пиву насыщенный карамельный привкус и уникальный аромат, а также темно-янтарный оттенок. солод шато кара голд, является настоящим сокровищем для пивоваров. его множество превосходных качеств позволяют придать пиву насыщенный карамельный привкус и уникальный аромат, а также темно-янтарный оттенок. шато кара голд усиливает бархатистость пива и повышает стойкость пены, что делает его идеальным выбором для настоящих ценителей пива. свойства этого солода довершают его великолепие - высокая температура просушивания и интенсивный аромат раскрываются при температуре до 220°c, создавая непревзойденный вкус и насыщенность. шато кара голд - лучший в своем классе солод, который придаст вашему пиву неповторимый характер и является неизменным атрибутом пивоварения.	https://бир.рф/shop/928/desc/solod-shato-kara-gold-cara-gold-castle-malting-1-kg	120.0 ebc			20.0 %		
703	malt	шато кара блонд / cara blond	castle malting	бельгия	солод спец. < 50 ebc	beer.rf	25.0	кг	5750.0	rub	придает пиву мягкий карамельный аромат и золотистый цвет. усиливает бархатистость пива и повышает стойкость его пены. цвет 20 евс придает пиву мягкий карамельный аромат и золотистый цвет. усиливает бархатистость пива и повышает стойкость его пены. цвет 20 евс	солод шато кара блонд / cara blond (castle malting) - этот солод придает пиву нежный аромат карамели и замечательный золотистый цвет. он также обогащает напиток бархатистостью и делает пену более стойкой. степень карамелизации этого солода достигает 20 евс. это бельгийский сорт солода с отличительным карамельным вкусом и высоким уровнем проращивания при температуре до 220°c, придает пиву нежный аромат карамели и золотистый цвет. особенностью карамельных солодов является наличие стекловидных зерен, которые являются источником невероятно важных неферментируемых компонентов. благодаря этим компонентам, пиво обретает бархатистость и его пена становится особенно стойкой.	https://бир.рф/shop/1767/desc/solod-shato-kara-blond-cara-blond-castle-malting-25-kg	20.0 ebc	78.0 %		20.0 %		
704	malt	шато кара блонд / cara blond	castle malting	бельгия	солод спец. < 50 ebc	beer.rf	1.0	кг	295.0	rub	придает пиву мягкий карамельный аромат и золотистый цвет. усиливает бархатистость пива и повышает стойкость его пены. цвет 20 евс придает пиву мягкий карамельный аромат и золотистый цвет. усиливает бархатистость пива и повышает стойкость его пены. цвет 20 евс	солод шато кара блонд / cara blond (castle malting) - этот солод придает пиву нежный аромат карамели и замечательный золотистый цвет. он также обогащает напиток бархатистостью и делает пену более стойкой. степень карамелизации этого солода достигает 20 евс. это бельгийский сорт солода с отличительным карамельным вкусом и высоким уровнем проращивания при температуре до 220°c, придает пиву нежный аромат карамели и золотистый цвет. особенностью карамельных солодов является наличие стекловидных зерен, которые являются источником невероятно важных неферментируемых компонентов. благодаря этим компонентам, пиво обретает бархатистость и его пена становится особенно стойкой.	https://бир.рф/shop/82/desc/solod-shato-kara-blond-cara-blond-castle-malting-1-kg	20.0 ebc	78.0 %		20.0 %		
705	malt	шато жженый ячмень / roasted barley	castle malting	бельгия	солод жженый > 500 ebc	beer.rf	0.25	кг	106.0	rub	шато роустед барли придает пиву вкус и аромат слегка жженого зерна и кофе. обладает многими характеристиками солода шато блэк. цвет: 1000-1400 ebc шато роустед барли придает пиву вкус и аромат слегка жженого зерна и кофе. обладает многими характеристиками солода шато блэк. цвет: 1000-1400 ebc	солод шато ростед барли - прожаренный ячмень при температуре до 230 °c. дает более темный оттенок, который достигается при продолжительном прожаривании. добавляет пиву сухой вкус и аромат прожаренного зерна и кофе. содержит небольшое количество крахмала, который подвергается процессу ферментации при затирании, что влияет на плотность пива. по сравнению с солодами шато шоколад и шато блэк, прожаренный ячмень придает самую светлую пену, богатый красновато-коричневый оттенок и очень насыщенный аромат прожарки. придает сухость портерам и стаутам.	https://бир.рф/shop/1306/desc/solod-shato-zhzhenyj-jachmen-roasted-barley-castle-malting-250-g	1000.0-1400.0 ebc	65.0 %		10.0 %		
706	malt	шато жженый ячмень / roasted barley	castle malting	бельгия	солод жженый > 500 ebc	beer.rf	25.0	кг	6745.0	rub	шато роустед барли придает пиву вкус и аромат слегка жженого зерна и кофе. обладает многими характеристиками солода шато блэк. цвет: 1000-1400 ebc шато роустед барли придает пиву вкус и аромат слегка жженого зерна и кофе. обладает многими характеристиками солода шато блэк. цвет: 1000-1400 ebc	солод шато ростед барли - прожаренный ячмень при температуре до 230 °c. дает более темный оттенок, который достигается при продолжительном прожаривании. добавляет пиву сухой вкус и аромат прожаренного зерна и кофе. содержит небольшое количество крахмала, который подвергается процессу ферментации при затирании, что влияет на плотность пива. по сравнению с солодами шато шоколад и шато блэк, прожаренный ячмень придает самую светлую пену, богатый красновато-коричневый оттенок и очень насыщенный аромат прожарки. придает сухость портерам и стаутам.	https://бир.рф/shop/1766/desc/solod-shato-zhzhenyj-jachmen-roasted-barley-castle-malting-25-kg	1000.0-1400.0 ebc	65.0 %		10.0 %		
707	malt	шато жженый ячмень / roasted barley	castle malting	бельгия	солод жженый > 500 ebc	beer.rf	1.0	кг	359.0	rub	шато роустед барли придает пиву вкус и аромат слегка жженого зерна и кофе. обладает многими характеристиками солода шато блэк. цвет: 1000-1400 ebc шато роустед барли придает пиву вкус и аромат слегка жженого зерна и кофе. обладает многими характеристиками солода шато блэк. цвет: 1000-1400 ebc	солод шато ростед барли - прожаренный ячмень при температуре до 230 °c. дает более темный оттенок, который достигается при продолжительном прожаривании. добавляет пиву сухой вкус и аромат прожаренного зерна и кофе. содержит небольшое количество крахмала, который подвергается процессу ферментации при затирании, что влияет на плотность пива. по сравнению с солодами шато шоколад и шато блэк, прожаренный ячмень придает самую светлую пену, богатый красновато-коричневый оттенок и очень насыщенный аромат прожарки. придает сухость портерам и стаутам.	https://бир.рф/shop/1305/desc/solod-shato-zhzhenyj-jachmen-roasted-barley-castle-malting-1-kg	1000.0-1400.0 ebc	65.0 %		10.0 %		
708	malt	шато вена / vienna	castle malting	бельгия	солод венский	beer.rf	5.0	кг	1205.0	rub	придает пиву немного более интенсивный аромат солода и зерна, чем солод pilsen, а также легкие ноты карамели. цвет: 5-7 ebc придает пиву немного более интенсивный аромат солода и зерна, чем солод pilsen, а также легкие ноты карамели. цвет: 5-7 ebc	"солод шато вена (castle malting) - этот сорт солода имеет подчеркнутый букет аромата, наделяющий пиво тончайшими оттенками зерна в сочетании с легкими нотками карамели. при процессе сушки солод нежно прогревается до температуры 85-90°с, а его длительность остается меньшей по сравнению с другими видами солода. живущая пылкими чувствами шато вена придает пиву не только глубину аромата, но и богатый золотистый оттенок, крепость и насыщенность вкуса. обладая достаточной энзимной силой, он отлично сочетается с различными типами специальных солодов, добавляя уникальное измерение вкуса и аромата пива."""	https://бир.рф/shop/59/desc/solod-shato-vena-vienna-castle-malting-5-kg	5.0-7.0 ebc	80.0 %		100.0 %		
709	malt	шато вена / vienna	castle malting	бельгия	солод венский	beer.rf	25.0	кг	5020.0	rub	придает пиву немного более интенсивный аромат солода и зерна, чем солод pilsen, а также легкие ноты карамели. цвет: 5-7 ebc придает пиву немного более интенсивный аромат солода и зерна, чем солод pilsen, а также легкие ноты карамели. цвет: 5-7 ebc	"солод шато вена (castle malting) - этот сорт солода имеет подчеркнутый букет аромата, наделяющий пиво тончайшими оттенками зерна в сочетании с легкими нотками карамели. при процессе сушки солод нежно прогревается до температуры 85-90°с, а его длительность остается меньшей по сравнению с другими видами солода. живущая пылкими чувствами шато вена придает пиву не только глубину аромата, но и богатый золотистый оттенок, крепость и насыщенность вкуса. обладая достаточной энзимной силой, он отлично сочетается с различными типами специальных солодов, добавляя уникальное измерение вкуса и аромата пива."""	https://бир.рф/shop/60/desc/solod-shato-vena-vienna-castle-malting-25-kg	5.0-7.0 ebc	80.0 %		100.0 %		
710	malt	шато вена / vienna	castle malting	бельгия	солод венский	beer.rf	1.0	кг	261.0	rub	придает пиву немного более интенсивный аромат солода и зерна, чем солод pilsen, а также легкие ноты карамели. цвет: 5-7 ebc придает пиву немного более интенсивный аромат солода и зерна, чем солод pilsen, а также легкие ноты карамели. цвет: 5-7 ebc	солод шато вена (castle malting) - этот сорт солода имеет подчеркнутый букет аромата, наделяющий пиво тончайшими оттенками зерна в сочетании с легкими нотками карамели. при процессе сушки солод нежно прогревается до температуры 85-90°с, а его длительность остается меньшей по сравнению с другими видами солода. живущая пылкими чувствами шато вена придает пиву не только глубину аромата, но и богатый золотистый оттенок, крепость и насыщенность вкуса. обладая достаточной энзимной силой, он отлично сочетается с различными типами специальных солодов, добавляя уникальное измерение вкуса и аромата пива.	https://бир.рф/shop/58/desc/solod-shato-vena-vienna-castle-malting-1-kg	5.0-7.0 ebc	80.0 %		100.0 %		
711	malt	шато пэйл эль / pale ale	castle malting	бельгия	солод пэйл эль	beer.rf	1.0	кг	261.0	rub	более насыщенный и полный вкус, чем у pilsner. усиливает золотистый оттенок и придает пиву приятную ароматику. цвет: 8 ebc более насыщенный и полный вкус, чем у pilsner. усиливает золотистый оттенок и придает пиву приятную ароматику. цвет: 8 ebc	"солод шато пэйл эль (castle malting) - предлагает богатый и полный вкус, превосходящий характер pilsner'а. он обогащает пиво золотистым оттенком и придает ему приятную ароматику. цвет данного солода составляет 8 ebc. этот солод представляет собой светлую базу из бельгии, который был подсушен при температуре от 90 до 95°c. обычно используется в качестве основного солода или совместно с солодом ""château pilsen 2rs"" для получения более насыщенного солодового вкуса и более интенсивного цвета пива. солод шато пэйл эль (castle malting) - предлагает богатый и полный вкус, превосходящий характер pilsner'а. он обогащает пиво золотистым оттенком и придает ему приятную ароматику. цвет данного солода составляет 8 ebc. этот солод представляет собой светлую базу из бельгии, который был подсушен при температуре от 90 до 95°c. обычно используется в качестве основного солода или совместно с солодом ""château pilsen 2rs"" для получения более насыщенного солодового вкуса и более интенсивного цвета пива. благодаря ферментативной активности солода шато пэйл эль, он прекрасно сочетается со специальными солодами, которые не обладают ферментативными свойствами."	https://бир.рф/shop/57/desc/solod-shato-pehjl-ehl-pale-ale-castle-malting-1-kg	8.0 ebc	80.4 %		100.0 %		
712	malt	шато пшеничный темный / wheat munich	castle malting	бельгия	солод пшеничный	beer.rf	1.0	кг	338.12	rub	не очень темный, но более ароматный, чем стандартный пшеничный солод. вы получите более легкое и игристое пиво с типичным ароматом эля. цвет 25 ebc не очень темный, но более ароматный, чем стандартный пшеничный солод. вы получите более легкое и игристое пиво с типичным ароматом эля. цвет 25 ebc	солод шато пшеничный темный - этот пшеничный солод, не слишком темный, но более ароматный, отличается от стандартного варианта. он придает пиву более легкое и игристое тело, а также типичный элевый аромат. это особый бельгийский солод мюнхенского типа, подвергнутый особой температурной обработке при 100 - 105°c. солод обеспечит вашему пиву не только ароматность, но и более светлый оттенок.	https://бир.рф/shop/74/desc/solod-shato-pshenichnyj-temnyj-wheat-munich-castle-malting-1-kg	25.0 ebc	83.0 %		30.0 %		
713	malt	шато пшеничный светлый / wheat blanc	castle malting	бельгия	солод пшеничный	beer.rf	5.0	кг	1206.0	rub	придает пиву характерный пшеничный аромат. в основном используется в производстве пшеничного пива. цвет: 3,6 ebc придает пиву характерный пшеничный аромат. в основном используется в производстве пшеничного пива. цвет: 3,6 ebc	солод шато пшеничный светлый (castle malting) - дарит пиву неповторимый аромат пшеницы, идеально подходит для создания пшеничного пива. шато пшеничный светлый - это пшеничный солод из бельгии, специально высушенный при температуре 80-85°c. обладает особенным пшеничным ароматом, идеально подходит для производства пшеничного пива.	https://бир.рф/shop/67/desc/solod-shato-pshenichnyj-svetlyj-wheat-blanc-castle-malting-5-kg	3.6 ebc	83.0 %	14.0 %	50.0 %		
714	malt	шато пшеничный светлый / wheat blanc	castle malting	бельгия	солод пшеничный	beer.rf	25.0	кг	5250.0	rub	придает пиву характерный пшеничный аромат. в основном используется в производстве пшеничного пива. цвет: 3,6 ebc придает пиву характерный пшеничный аромат. в основном используется в производстве пшеничного пива. цвет: 3,6 ebc	солод шато пшеничный светлый (castle malting) - дарит пиву неповторимый аромат пшеницы, идеально подходит для создания пшеничного пива. шато пшеничный светлый - это пшеничный солод из бельгии, специально высушенный при температуре 80-85°c. обладает особенным пшеничным ароматом, идеально подходит для производства пшеничного пива.	https://бир.рф/shop/716/desc/solod-shato-pshenichnyj-svetlyj-wheat-blanc-castle-malting-25-kg	3.6 ebc	83.0 %	14.0 %	50.0 %		
715	malt	шато пшеничный светлый / wheat blanc	castle malting	бельгия	солод пшеничный	beer.rf	1.0	кг	262.0	rub	придает пиву характерный пшеничный аромат. в основном используется в производстве пшеничного пива. цвет: 3,6 ebc придает пиву характерный пшеничный аромат. в основном используется в производстве пшеничного пива. цвет: 3,6 ebc	солод шато пшеничный светлый (castle malting) - дарит пиву неповторимый аромат пшеницы, идеально подходит для создания пшеничного пива. шато пшеничный светлый - это пшеничный солод из бельгии, специально высушенный при температуре 80-85°c. обладает особенным пшеничным ароматом, идеально подходит для производства пшеничного пива.	https://бир.рф/shop/66/desc/solod-shato-pshenichnyj-svetlyj-wheat-blanc-castle-malting-1-kg	3.6 ebc	83.0 %	14.0 %	50.0 %		
716	malt	шато пильсен / pilsen 2rs	castle malting	бельгия	солод пильзенский	beer.rf	5.0	кг	1189.0	rub	самый светлый бельгийский солод. производится из лучшего европейского пивоваренного ячменя. просушен при температуре до 80 - 85°c. цвет: 3,5 ebc. самый светлый бельгийский солод. производится из лучшего европейского пивоваренного ячменя. просушен при температуре до 80 - 85°c. цвет: 3,5 ebc.	солод шато пильсен (castle malting) - самый светлый бельгийский солод, произведенный из отборного европейского пивоваренного ячменя. просушен при оптимальной температуре в диапазоне 80-85°c, он обладает неповторимым цветом - 3,5 ebc. нежные процессы просушки, проведенные при температуре 85-90°c, характеризуют этот солод и отличают его от других видов. шато пильсен отлично затирается при использовании метода инфузии в процессе варки пива. его сладковатый аромат и ферментативная активность позволяют ему стать идеальным основным солодом для затора.	https://бир.рф/shop/724/desc/solod-shato-pilsen-pilsen-2rs-castle-malting-5-kg	3.0-4.0 ebc	81.0 %		100.0 %		
717	malt	шато пильсен / pilsen 2rs	castle malting	бельгия	солод пильзенский	beer.rf	25.0	кг	4945.0	rub	самый светлый бельгийский солод. производится из лучшего европейского пивоваренного ячменя. просушен при температуре до 80 - 85°c. цвет: 3,5 ebc. самый светлый бельгийский солод. производится из лучшего европейского пивоваренного ячменя. просушен при температуре до 80 - 85°c. цвет: 3,5 ebc.	солод шато пильсен (castle malting) - самый светлый бельгийский солод, произведенный из отборного европейского пивоваренного ячменя. просушен при оптимальной температуре в диапазоне 80-85°c, он обладает неповторимым цветом - 3,5 ebc. нежные процессы просушки, проведенные при температуре 85-90°c, характеризуют этот солод и отличают его от других видов. шато пильсен отлично затирается при использовании метода инфузии в процессе варки пива. его сладковатый аромат и ферментативная активность позволяют ему стать идеальным основным солодом для затора.	https://бир.рф/shop/717/desc/solod-shato-pilsen-pilsen-2rs-castle-malting-25-kg	3.0-4.0 ebc	81.0 %		100.0 %		
718	malt	шато пильсен / pilsen 2rs	castle malting	бельгия	солод пильзенский	beer.rf	1.0	кг	258.0	rub	самый светлый бельгийский солод. производится из лучшего европейского пивоваренного ячменя. просушен при температуре до 80 - 85°c. цвет: 3,5 ebc. самый светлый бельгийский солод. производится из лучшего европейского пивоваренного ячменя. просушен при температуре до 80 - 85°c. цвет: 3,5 ebc.	солод шато пильсен (castle malting) - самый светлый бельгийский солод, произведенный из отборного европейского пивоваренного ячменя. просушен при оптимальной температуре в диапазоне 80-85°c. нежные процессы просушки, проведенные при температуре 85-90°c, характеризуют этот солод и отличают его от других видов. шато пильсен отлично затирается при использовании метода инфузии в процессе варки пива. его сладковатый аромат и ферментативная активность позволяют ему стать идеальным основным солодом для затора.	https://бир.рф/shop/723/desc/solod-shato-pilsen-pilsen-2rs-castle-malting-1-kg	3.0-4.0 ebc	81.0 %		100.0 %		
719	malt	шато оут/ oat	castle malting	бельгия	солод овсяный	beer.rf	25.0	кг	9175.0	rub	производится из очищенного от шелухи овса. этот вид солода обладает очень низкой диастатической активностью и умеренной экстрактивностью. производится из очищенного от шелухи овса. этот вид солода обладает очень низкой диастатической активностью и умеренной экстрактивностью.	"особая вариация пивного солода, шато оут, создается из свежего овса, отделенного от шелухи. этот солод характеризуется низкой диастатической активностью и средней степенью экстрактивности. особая вариация пивного солода, шато оут, создается из свежего овса, отделенного от шелухи. этот солод характеризуется низкой диастатической активностью и средней степенью экстрактивности. что касается его свойств, шато оут обогащает пиво неповторимой ""шелковистостью"", делая его выбором номер один для любителей насыщенных и ароматных темных сортов пива с плотной пеной. этот солод также используется для придания пиву особого букета и вкуса свежеиспеченных печенек, а также уникальной текстуры и кремового оттенка."	https://бир.рф/shop/1772/desc/solod-shato-out-ovsjanyj-oat-castle-malting-25-kg	3.0-8.0 ebc	78.5 %	11.0 %	100.0 %		
720	malt	шато оут/ oat	castle malting	бельгия	солод овсяный	beer.rf	1.0	кг	428.0	rub	производится из очищенного от шелухи овса. этот вид солода обладает очень низкой диастатической активностью и умеренной экстрактивностью. производится из очищенного от шелухи овса. этот вид солода обладает очень низкой диастатической активностью и умеренной экстрактивностью.	"особая вариация пивного солода, шато оут, создается из свежего овса, отделенного от шелухи. этот солод характеризуется низкой диастатической активностью и средней степенью экстрактивности. особая вариация пивного солода, шато оут, создается из свежего овса, отделенного от шелухи. этот солод характеризуется низкой диастатической активностью и средней степенью экстрактивности. что касается его свойств, шато оут обогащает пиво неповторимой ""шелковистостью"", делая его выбором номер один для любителей насыщенных и ароматных темных сортов пива с плотной пеной. этот солод также используется для придания пиву особого букета и вкуса свежеиспеченных печенек, а также уникальной текстуры и кремового оттенка."	https://бир.рф/shop/1100/desc/solod-shato-out-ovsjanyj-oat-castle-malting-1-kg	3.0-8.0 ebc	78.5 %	11.0 %	100.0 %		
721	malt	шато мюник лайт / munich light	castle malting	бельгия	солод мюнхенский	beer.rf	5.0	кг	1298.0	rub	солод насыщенного золотого цвета. слегка повышает цветность пива, придавая ему золотисто-оранжевый оттенок. большинству сортов пива придает ярко выраженный аромат зерна и солода. цвет: 15 ebc солод насыщенного золотого цвета. слегка повышает цветность пива, придавая ему золотисто-оранжевый оттенок. большинству сортов пива придает ярко выраженный аромат зерна и солода. цвет: 15 ebc	"солод шато мюник лайт / munich light (castle malting) - является солодом насыщенного золотого цвета. он придает пиву привлекательный золотисто-оранжевый оттенок и ярко выраженный аромат зерна и солода. благодаря этому солоду, ваше пиво получит тонкий букет и насыщенный цвет. солод мюник лайт хорошо сочетается с солодом пильсен и рекомендуется использовать в небольших количествах для производства светлых сортов пива. он придает пиву ""с характером"" более усиленный вкус, при этом не влияя на стойкость пены и крепость пива."	https://бир.рф/shop/855/desc/solod-shato-mjunik-lajt-munich-light-castle-malting-5-kg	15.0 ebc			60.0 %		
722	malt	шато мюник лайт / munich light	castle malting	бельгия	солод мюнхенский	beer.rf	25.0	кг	5060.0	rub	солод насыщенного золотого цвета. слегка повышает цветность пива, придавая ему золотисто-оранжевый оттенок. большинству сортов пива придает ярко выраженный аромат зерна и солода. цвет: 15 ebc солод насыщенного золотого цвета. слегка повышает цветность пива, придавая ему золотисто-оранжевый оттенок. большинству сортов пива придает ярко выраженный аромат зерна и солода. цвет: 15 ebc	"солод шато мюник лайт / munich light (castle malting) - является солодом насыщенного золотого цвета. он придает пиву привлекательный золотисто-оранжевый оттенок и ярко выраженный аромат зерна и солода. благодаря этому солоду, ваше пиво получит тонкий букет и насыщенный цвет. солод мюник лайт хорошо сочетается с солодом пильсен и рекомендуется использовать в небольших количествах для производства светлых сортов пива. он придает пиву ""с характером"" более усиленный вкус, при этом не влияя на стойкость пены и крепость пива."	https://бир.рф/shop/718/desc/solod-shato-mjunik-lajt-munich-light-castle-malting-25-kg	15.0 ebc			60.0 %		
723	malt	шато мюник лайт / munich light	castle malting	бельгия	солод мюнхенский	beer.rf	1.0	кг	275.0	rub	солод насыщенного золотого цвета. слегка повышает цветность пива, придавая ему золотисто-оранжевый оттенок. большинству сортов пива придает ярко выраженный аромат зерна и солода. цвет: 15 ebc солод насыщенного золотого цвета. слегка повышает цветность пива, придавая ему золотисто-оранжевый оттенок. большинству сортов пива придает ярко выраженный аромат зерна и солода. цвет: 15 ebc	"солод шато мюник лайт / munich light (castle malting) - является солодом насыщенного золотого цвета. он придает пиву привлекательный золотисто-оранжевый оттенок и ярко выраженный аромат зерна и солода. благодаря этому солоду, ваше пиво получит тонкий букет и насыщенный цвет. солод мюник лайт хорошо сочетается с солодом пильсен и рекомендуется использовать в небольших количествах для производства светлых сортов пива. он придает пиву ""с характером"" более усиленный вкус, при этом не влияя на стойкость пены и крепость пива."	https://бир.рф/shop/856/desc/solod-shato-mjunik-lajt-munich-light-castle-malting-1-kg	15.0 ebc			60.0 %		
724	malt	шато мюник / munich	castle malting	бельгия	солод мюнхенский	beer.rf	5.0	кг	1298.0	rub	солод насыщенного золотого цвета. слегка повышает цветность пива, придавая ему золотисто-оранжевый оттенок. большинству сортов пива придает ярко выраженный аромат зерна и солода, не влияя при этом на стойкость пены или на крепость. цвет: 25 ebc солод насыщенного золотого цвета. слегка повышает цветность пива, придавая ему золотисто-оранжевый оттенок. большинству сортов пива придает ярко выраженный аромат зерна и солода, не влияя при этом на стойкость пены или на крепость. цвет: 25 ebc	солод шато мюник (castle malting) - представляет собой насыщенного золотистого цвета ингредиент, который нежно поднимает цветность пива, добавляя ему оттенок золотисто-оранжевого цвета. он обогащает большинство сортов пива насыщенным ароматом зерна и солода, не влияя при этом на стойкость пены или на крепость напитка. с цветовой характеристикой 25 ebc, бельгийский специальный солод мюник тип 2 просушивается при температуре до 100-105 °c. солод шато мюник обладает прекрасными свойствами. он придает пиву насыщенный золотистый цвет и дополняет его золотисто-оранжевым оттенком. он также отличается ярко выраженным ароматом зерна и солода, что придает напитку особую привлекательность. солод шато мюник (castle malting) - представляет собой насыщенного золотистого цвета ингредиент, который нежно поднимает цветность пива, добавляя ему оттенок золотисто-оранжевого цвета. он обогащает большинство сортов пива насыщенным ароматом зерна и солода, не влияя при этом на стойкость пены или на крепость напитка. с цветовой характеристикой 25 ebc, бельгийский специальный солод мюник тип 2 просушивается при температуре до 100-105 °c. солод шато мюник обладает прекрасными свойствами. он придает пиву насыщенный золотистый цвет и дополняет его золотисто-оранжевым оттенком. он также отличается ярко выраженным ароматом зерна и солода, что придает напитку особую привлекательность. при этом, эти характеристики не влияют на стойкость пены или на крепость пива. в малых дозах в сочетании со солодом château pilsen 2rs, солод шато мюник используется для приготовления светлых сортов пива, чтобы добавить им более тонкий букет и более насыщенный цвет. он также усиливает вкус пива, даря ему характер и индивидуальность.	https://бир.рф/shop/69/desc/solod-shato-mjunik-munich-castle-malting-5-kg	25.0 ebc			60.0 %		
725	malt	шато мюник / munich	castle malting	бельгия	солод мюнхенский	beer.rf	25.0	кг	5075.0	rub	солод насыщенного золотого цвета. слегка повышает цветность пива, придавая ему золотисто-оранжевый оттенок. большинству сортов пива придает ярко выраженный аромат зерна и солода, не влияя при этом на стойкость пены или на крепость. цвет: 25 ebc солод насыщенного золотого цвета. слегка повышает цветность пива, придавая ему золотисто-оранжевый оттенок. большинству сортов пива придает ярко выраженный аромат зерна и солода, не влияя при этом на стойкость пены или на крепость. цвет: 25 ebc	солод шато мюник (castle malting) - представляет собой насыщенного золотистого цвета ингредиент, который нежно поднимает цветность пива, добавляя ему оттенок золотисто-оранжевого цвета. он обогащает большинство сортов пива насыщенным ароматом зерна и солода, не влияя при этом на стойкость пены или на крепость напитка. с цветовой характеристикой 25 ebc, бельгийский специальный солод мюник тип 2 просушивается при температуре до 100-105 °c. солод шато мюник обладает прекрасными свойствами. он придает пиву насыщенный золотистый цвет и дополняет его золотисто-оранжевым оттенком. он также отличается ярко выраженным ароматом зерна и солода, что придает напитку особую привлекательность. солод шато мюник (castle malting) - представляет собой насыщенного золотистого цвета ингредиент, который нежно поднимает цветность пива, добавляя ему оттенок золотисто-оранжевого цвета. он обогащает большинство сортов пива насыщенным ароматом зерна и солода, не влияя при этом на стойкость пены или на крепость напитка. с цветовой характеристикой 25 ebc, бельгийский специальный солод мюник тип 2 просушивается при температуре до 100-105 °c. солод шато мюник обладает прекрасными свойствами. он придает пиву насыщенный золотистый цвет и дополняет его золотисто-оранжевым оттенком. он также отличается ярко выраженным ароматом зерна и солода, что придает напитку особую привлекательность. при этом, эти характеристики не влияют на стойкость пены или на крепость пива. в малых дозах в сочетании со солодом château pilsen 2rs, солод шато мюник используется для приготовления светлых сортов пива, чтобы добавить им более тонкий букет и более насыщенный цвет. он также усиливает вкус пива, даря ему характер и индивидуальность.	https://бир.рф/shop/881/desc/solod-shato-mjunik-munich-castle-malting-25-kg	25.0 ebc			60.0 %		
726	malt	шато мюник / munich	castle malting	бельгия	солод мюнхенский	beer.rf	1.0	кг	275.0	rub	солод насыщенного золотого цвета. слегка повышает цветность пива, придавая ему золотисто-оранжевый оттенок. большинству сортов пива придает ярко выраженный аромат зерна и солода, не влияя при этом на стойкость пены или на крепость. цвет: 25 ebc солод насыщенного золотого цвета. слегка повышает цветность пива, придавая ему золотисто-оранжевый оттенок. большинству сортов пива придает ярко выраженный аромат зерна и солода, не влияя при этом на стойкость пены или на крепость. цвет: 25 ebc	солод шато мюник (castle malting) - представляет собой насыщенного золотистого цвета ингредиент, который нежно поднимает цветность пива, добавляя ему оттенок золотисто-оранжевого цвета. он обогащает большинство сортов пива насыщенным ароматом зерна и солода, не влияя при этом на стойкость пены или на крепость напитка. с цветовой характеристикой 25 ebc, бельгийский специальный солод мюник тип 2 просушивается при температуре до 100-105 °c. солод шато мюник обладает прекрасными свойствами. он придает пиву насыщенный золотистый цвет и дополняет его золотисто-оранжевым оттенком. он также отличается ярко выраженным ароматом зерна и солода, что придает напитку особую привлекательность. солод шато мюник (castle malting) - представляет собой насыщенного золотистого цвета ингредиент, который нежно поднимает цветность пива, добавляя ему оттенок золотисто-оранжевого цвета. он обогащает большинство сортов пива насыщенным ароматом зерна и солода, не влияя при этом на стойкость пены или на крепость напитка. с цветовой характеристикой 25 ebc, бельгийский специальный солод мюник тип 2 просушивается при температуре до 100-105 °c. солод шато мюник обладает прекрасными свойствами. он придает пиву насыщенный золотистый цвет и дополняет его золотисто-оранжевым оттенком. он также отличается ярко выраженным ароматом зерна и солода, что придает напитку особую привлекательность. при этом, эти характеристики не влияют на стойкость пены или на крепость пива. в малых дозах в сочетании со солодом château pilsen 2rs, солод шато мюник используется для приготовления светлых сортов пива, чтобы добавить им более тонкий букет и более насыщенный цвет. он также усиливает вкус пива, даря ему характер и индивидуальность.	https://бир.рф/shop/68/desc/solod-shato-mjunik-munich-castle-malting-1-kg	25.0 ebc			60.0 %		
727	malt	шато мелано / melano	castle malting	бельгия	солод спец. 50-200 ebc	beer.rf	25.0	кг	5360.0	rub	придает пиву насыщенный и полный цвет и стойкий аромат, «обогащает» цветность красных сортов пива. повышает крепость пива. цвет 80 евс придает пиву насыщенный и полный цвет и стойкий аромат, «обогащает» цветность красных сортов пива. повышает крепость пива. цвет 80 евс	"солод melano (castle malting) - является отличным выбором для придания пиву насыщенного и полного цвета, а также стойкого аромата. этот солод также способствует ""обогащению"" цветности красных сортов пива и повышению его крепости. melano имеет цвет 80 евс и характеризуется особым методом обсушки при температуре до 130°c, что приводит к образованию меланоидов в процессе проращивания. этот солод известен своим ароматным характерным вкусом и также называют ""turbo munich""."	https://бир.рф/shop/1761/desc/solod-shato-melano-melano-castle-malting-25-kg	80.0 ebc	78.0 %		20.0 %		
728	malt	ячменный венский / vienna malt	староминский солод	россия	солод венский	beer.rf	1.0	кг	123.0	rub	пивоваренный базовый солод с более ярким вкусом и янтарным цветом в сравнение с пильзенским солодом. цвет 6-12 ebc пивоваренный базовый солод с более ярким вкусом и янтарным цветом в сравнение с пильзенским солодом. цвет 6-12 ebc	уникальность венского солода / vienna malt заключается в особом способе сушки при более высоких температурах по сравнению с производством пильзенского солода. именно эта технологическая особенность определяет его ключевые характеристики и широкое применение в пивоварении. венский солод придает светлым сортам пива более глубокий, насыщенный золотистый цвет, который значительно отличается от бледности, характерной для пива, сваренного исключительно на пильзенском солоде. этот богатый, «драгоценный» оттенок является одним из главных преимуществ использования венского солода. но не только цвет меняется - солод существенно обогащает вкусовую палитру напитка, добавляя полноту и мягкость. в аромате и вкусе пива, приготовленного с использованием венского солода, отчетливо проявляются нотки карамели и ириски, создающие приятное, сбалансированное ощущение. этот сладковатый, чуть карамельный оттенок прекрасно дополняет, а не затмевает, другие компоненты пивного букета. важным аспектом является и достаточная ферментная активность венского солода. это означает, что он способен эффективно взаимодействовать с другими, специальными солодами, входящими в рецептуру пива, создавая гармоничный и сложный вкус. возможность использования в разных пропорциях - от малых добавок до 100% засыпи - делает его невероятно универсальным инструментом в руках пивовара. добавление небольшого количества венского солода позволяет тонко корректировать цвет и вкусовой профиль готового напитка, добавляя сложности и глубины. венский солод заслуженно занимает почетное место в качестве основного солода при производстве многих традиционных европейских сортов пива янтарного цвета. к таким сортам относятся известные и любимые многими мерцен, фестбир, бок, венский лагер, альтбир, а также бельгийский пэйл эль и другие. эти сорта отличаются более интенсивным и выраженным солодовым вкусом и ароматом, в котором венский солод играет главную роль. он вносит свой значительный вклад в формирование характерного вкусового профиля этих пивных стилей, придавая им полноту и уникальность.	https://бир.рф/shop/1967/desc/solod-jachmennyj-venskij-vienna-malt-starominskij-solod-1-kg	6.0-12.0 евс	78.0 %	12.0 %	100.0 %		
729	malt	шоколадный 900 / chocolate	ireks	германия	солод жженый > 500 ebc	beer.rf	1.0	кг	291.0	rub	этот ячменный жжёный солод придаёт пиву не только насыщенный глубокий цвет, но и ощущения, напоминающие горький шоколад или кофе. цвет 900 ebc. этот ячменный жжёный солод придаёт пиву не только насыщенный глубокий цвет, но и ощущения, напоминающие горький шоколад или кофе. цвет 900 ebc.	солод шоколадный 900 от ireks - это ячменный солод, который проходит специальную обработку, придающую пиву не только темно-коричневый оттенок, но и уникальные ощущения, напоминающие горький шоколад или ароматный кофе. его цветовая концентрация составляет 900 ebc, что делает его идеальным ингредиентом для создания пива с насыщенным и глубоким оттенком. солод шоколадный 900 от ireks - это ячменный солод, который проходит специальную обработку, придающую пиву не только темно-коричневый оттенок, но и уникальные ощущения, напоминающие горький шоколад или ароматный кофе. его цветовая концентрация составляет 900 ebc, что делает его идеальным ингредиентом для создания пива с насыщенным и глубоким оттенком. солод шоколадный идеально подходит для различных типов и стилей пива, включая шварцбир, портер и стаут. эти сорта пива известны своей насыщенностью и глубокими оттенками, и добавление шоколадного солода только усилит эти характеристики, делая пиво еще более привлекательным для любителей темных сортов. рекомендуемая доля засыпи этого солода составляет до 5%, что позволяет достичь желаемого результата без перебора. этот солод является прекрасным выбором для пивоваров, желающих придать своему пиву богатый и насыщенный вкус.	https://бир.рф/shop/1543/desc/solod-shokoladnyj-900-chocolate-ireks-1-kg	800.0-1000.0 ebc			5.0 %		
730	malt	шоколадный 900	курский солод	россия	солод жженый > 500 ebc	beer.rf	0.25	кг	56.0	rub	придает пиву шоколадный тон и глубокий коричневый цвет, а также легкий привкус поджаренных орехов. цвет 900 ebc придает пиву шоколадный тон и глубокий коричневый цвет, а также легкий привкус поджаренных орехов. цвет 900 ebc	шоколадный солод 900 - идеальное решение для придания пиву шоколадного оттенка и глубокого коричневого цвета. его легкий привкус поджаренных орехов придаст напитку особую нотку. чтобы получить шоколадный цвет солода 900 ebc, светлый солод подвергается процессу обжига. время и температура обжарки немного ниже, чем при жженом солоде. амилолитическая активность шоколадного солода на нулевом уровне, а количество сбраживаемого экстракта остается низким. шоколадный солод отлично подходит в рецептах портеров и стаутов, но также может использоваться для приготовления пива любого другого темного оттенка, включая темный эль с ярким цветом. аромат и вкус жареного с тонами темного шоколада и кофе станут особыми чертами любого пивного напитка, к которому добавлен шоколадный солод. даже при небольшом количестве шоколадного солода можно достичь значительного увеличения цвета пива, а также изменения вкусовых и ароматических характеристик. обычно рекомендуемая дозировка шоколадного солода составляет до 10%.	https://бир.рф/shop/858/desc/solod-shokoladnyj-900-kurskij-solod-250-g	800.0-1000.0 ebc			10.0 %		
731	malt	шоколадный 900	курский солод	россия	солод жженый > 500 ebc	beer.rf	25.0	кг	3460.0	rub	придает пиву шоколадный тон и глубокий коричневый цвет, а также легкий привкус поджаренных орехов. цвет 900 ebc придает пиву шоколадный тон и глубокий коричневый цвет, а также легкий привкус поджаренных орехов. цвет 900 ebc	шоколадный солод 900 - идеальное решение для придания пиву шоколадного оттенка и глубокого коричневого цвета. его легкий привкус поджаренных орехов придаст напитку особую нотку. чтобы получить шоколадный цвет солода 900 ebc, светлый солод подвергается процессу обжига. время и температура обжарки немного ниже, чем при жженом солоде. амилолитическая активность шоколадного солода на нулевом уровне, а количество сбраживаемого экстракта остается низким. шоколадный солод отлично подходит в рецептах портеров и стаутов, но также может использоваться для приготовления пива любого другого темного оттенка, включая темный эль с ярким цветом. аромат и вкус жареного с тонами темного шоколада и кофе станут особыми чертами любого пивного напитка, к которому добавлен шоколадный солод. даже при небольшом количестве шоколадного солода можно достичь значительного увеличения цвета пива, а также изменения вкусовых и ароматических характеристик. обычно рекомендуемая дозировка шоколадного солода составляет до 10%.	https://бир.рф/shop/1576/desc/solod-shokoladnyj-900-kurskij-solod-25-kg	800.0-1000.0 ebc			10.0 %		
732	malt	шоколадный 900	курский солод	россия	солод жженый > 500 ebc	beer.rf	1.0	кг	145.0	rub	придает пиву шоколадный тон и глубокий коричневый цвет, а также легкий привкус поджаренных орехов. цвет 900 ebc придает пиву шоколадный тон и глубокий коричневый цвет, а также легкий привкус поджаренных орехов. цвет 900 ebc	шоколадный солод 900 - идеальное решение для придания пиву шоколадного оттенка и глубокого коричневого цвета. его легкий привкус поджаренных орехов придаст напитку особую нотку. чтобы получить шоколадный цвет солода 900 ebc, светлый солод подвергается процессу обжига. время и температура обжарки немного ниже, чем при жженом солоде. амилолитическая активность шоколадного солода на нулевом уровне, а количество сбраживаемого экстракта остается низким. шоколадный солод отлично подходит в рецептах портеров и стаутов, но также может использоваться для приготовления пива любого другого темного оттенка, включая темный эль с ярким цветом. аромат и вкус жареного с тонами темного шоколада и кофе станут особыми чертами любого пивного напитка, к которому добавлен шоколадный солод. даже при небольшом количестве шоколадного солода можно достичь значительного увеличения цвета пива, а также изменения вкусовых и ароматических характеристик. обычно рекомендуемая дозировка шоколадного солода составляет до 10%.	https://бир.рф/shop/36/desc/solod-shokoladnyj-900-kurskij-solod-1-kg	800.0-1000.0 ebc			10.0 %		
733	malt	шато шоколад / chocolat	castle malting	бельгия	солод жженый > 500 ebc	beer.rf	0.25	кг	99.0	rub	используется для улучшения цветности и придания пиву привкуса поджаренных орехов. во многом похож на солод château black, но обладает меньшей горечью и более светлым цветом. цвет 900 ebc используется для улучшения цветности и придания пиву привкуса поджаренных орехов. во многом похож на солод château black, но обладает меньшей горечью и более светлым цветом. цвет 900 ebc	солод шато шоколад / chocolat (castle malting) - это солод, используемый для придания пиву привлекательного цвета и особых оттенков вкуса, напоминающих запеченные орехи. по многим аспектам он схож с солодом шато блэк, но обладает более нежным ароматом и светлее цветом. этот шоколадный солод обжаривается при температуре до 220°c. как только достигнут желаемый оттенок, процесс обжарки прекращается, и солод быстро остывает. данный вида солода применяются для создания пива с привлекательным цветом и отличным вкусом, напоминающим прожаренные орехи. подобно шато блэк, но примечательно более светлым (на 200 ebc) оттенком, шато шоколад также обжигается при ниже температуре и на меньший промежуток времени.	https://бир.рф/shop/727/desc/solod-shato-shokolad-chocolat-castle-malting-250-g	900.0 ebc	77.0 %		7.0 %		
734	malt	шато шоколад / chocolat	castle malting	бельгия	солод жженый > 500 ebc	beer.rf	25.0	кг	6180.0	rub	используется для улучшения цветности и придания пиву привкуса поджаренных орехов. во многом похож на солод château black, но обладает меньшей горечью и более светлым цветом. цвет 900 ebc используется для улучшения цветности и придания пиву привкуса поджаренных орехов. во многом похож на солод château black, но обладает меньшей горечью и более светлым цветом. цвет 900 ebc	солод шато шоколад / chocolat (castle malting) - это солод, используемый для придания пиву привлекательного цвета и особых оттенков вкуса, напоминающих запеченные орехи. по многим аспектам он схож с солодом шато блэк, но обладает более нежным ароматом и светлее цветом. этот шоколадный солод обжаривается при температуре до 220°c. как только достигнут желаемый оттенок, процесс обжарки прекращается, и солод быстро остывает. данный вида солода применяются для создания пива с привлекательным цветом и отличным вкусом, напоминающим прожаренные орехи. подобно шато блэк, но примечательно более светлым (на 200 ebc) оттенком, шато шоколад также обжигается при ниже температуре и на меньший промежуток времени.	https://бир.рф/shop/1771/desc/solod-shato-shokolad-chocolat-castle-malting-25-kg	900.0 ebc	77.0 %		7.0 %		
735	malt	шато шоколад / chocolat	castle malting	бельгия	солод жженый > 500 ebc	beer.rf	1.0	кг	299.0	rub	используется для улучшения цветности и придания пиву привкуса поджаренных орехов. во многом похож на солод château black, но обладает меньшей горечью и более светлым цветом. цвет 900 ebc используется для улучшения цветности и придания пиву привкуса поджаренных орехов. во многом похож на солод château black, но обладает меньшей горечью и более светлым цветом. цвет 900 ebc	солод шато шоколад / chocolat (castle malting) - это солод, используемый для придания пиву привлекательного цвета и особых оттенков вкуса, напоминающих запеченные орехи. по многим аспектам он схож с солодом шато блэк, но обладает более нежным ароматом и светлее цветом. этот шоколадный солод обжаривается при температуре до 220°c. как только достигнут желаемый оттенок, процесс обжарки прекращается, и солод быстро остывает. данный вида солода применяются для создания пива с привлекательным цветом и отличным вкусом, напоминающим прожаренные орехи. подобно шато блэк, но примечательно более светлым (на 200 ebc) оттенком, шато шоколад также обжигается при ниже температуре и на меньший промежуток времени.	https://бир.рф/shop/87/desc/solod-shato-shokolad-chocolat-castle-malting-1-kg	900.0 ebc	77.0 %		7.0 %		
736	malt	шато чит ячменный в хлопьях / chit barley flakes	castle malting	бельгия	солод спец. < 50 ebc	beer.rf	1.0	кг	274.0	rub	солод короткого ращения сохраняет многие характеристики несоложенного ячменя и используется для увеличения стойкости пены и для уравновешивания активности высокорастворимых солодов. цвет: 5 ebc солод короткого ращения сохраняет многие характеристики несоложенного ячменя и используется для увеличения стойкости пены и для уравновешивания активности высокорастворимых солодов. цвет: 5 ebc	солод шато чит барли (castle malting) - солод короткого ращения сохраняет многие характеристики несоложенного ячменя и используется для увеличения стойкости пены и для уравновешивания активности высокорастворимых солодов. ячменный солод короткого ращения «чит» в хлопьях (расплющенные зерна) - это обсушенный при невысокой температуре солод из ячменя, чей процесс проращивания после замачивания длится намного меньше, чем в случае обычного солода. солод шато чит барли (castle malting) - солод короткого ращения сохраняет многие характеристики несоложенного ячменя и используется для увеличения стойкости пены и для уравновешивания активности высокорастворимых солодов. ячменный солод короткого ращения «чит» в хлопьях (расплющенные зерна) - это обсушенный при невысокой температуре солод из ячменя, чей процесс проращивания после замачивания длится намного меньше, чем в случае обычного солода. сохраняет многие характеристики несоложенного ячменя и используется для увеличения стойкости пены и для уравновешивания активности высокорастворимых солодов. придает пиву насыщенный привкус сухого зерна и используется чаще всего в стаутах.	https://бир.рф/shop/419/desc/solod-shato-chit-jachmennyj-v-khlopjakh-chit-barley-flakes-castle-malting-1-kg	5.0 ebc			15.0 %		
737	malt	шато чит пшеничный в хлопьях / chit barley flakes	castle malting	бельгия	солод спец. < 50 ebc	beer.rf	1.0	кг	274.0	rub	солод короткого ращения (чит) сохраняет многие характеристики несоложенного сырья и используется для увеличения стойкости пены и для уравновешивания активности высокорастворимых солодов. цвет: 5 ebc солод короткого ращения (чит) сохраняет многие характеристики несоложенного сырья и используется для увеличения стойкости пены и для уравновешивания активности высокорастворимых солодов. цвет: 5 ebc	солод «чит» производится из тщательно отобранных зерен пшеницы, которые сначала замачиваются, а затем проращиваются при контролируемых условиях. в отличие от обычного солода, процесс проращивания здесь завершается гораздо быстрее. после завершения проращивания зерна сушатся при невысокой температуре, а затем обжариваются короткое время и сплющиваются. солод «чит» производится из тщательно отобранных зерен пшеницы, которые сначала замачиваются, а затем проращиваются при контролируемых условиях. в отличие от обычного солода, процесс проращивания здесь завершается гораздо быстрее. после завершения проращивания зерна сушатся при невысокой температуре, а затем обжариваются короткое время и сплющиваются. одним из основных преимуществ хлопьев из пшеничного солода «чит» является их способность улучшать стабильность пены. это особенно важно для пивоваров, стремящихся к созданию пива с хорошей пеной, что является одним из показателей качества. кроме того, солод помогает сбалансировать вкусовые характеристики пива, особенно если в рецепте используются солод с высокой растворимостью. хлопья из солода не требуют дополнительной клейстеризации, что значительно упрощает процесс приготовления затора. их можно добавлять непосредственно в затор, что экономит время и усилия пивовара. его добавка варьируется и не рекомендуется превышать более 25% от общего количества зысыпи. солод «чит» в хлопьях может использоваться в различных стилях пива, но особенно хорошо он подходит для бельгийских стилей пива, особенно пшеничных сортов, таких как витбир и бланш, а также мутных американских элей, таких как ne ipa или hazy ipa. возможность замены сырой пшеницы на солод «чит» открывает новые горизонты для креативности пивоваров. например, использование этого солода может добавить интересные нотки во вкусовой профиль пива, а также улучшить его текстуру и аромат.	https://бир.рф/shop/1882/desc/solod-shato-chit-pshenichnyj-v-khlopjakh-chit-barley-flakes-castle-malting-1-kg	5.0-9.0 ebc	77.0 %		25.0 %		
738	malt	шато торфяной / peated	castle malting	бельгия	солод копченый	beer.rf	25.0	кг	6339.0	rub	придает пиву характерный «дымный» и пряный аромат и вкус, свойственные классическим шотландским сортам пива. цвет 3,5 ebc придает пиву характерный «дымный» и пряный аромат и вкус, свойственные классическим шотландским сортам пива. цвет 3,5 ebc	"солод шато торфяной (castle malting) - этот солод придает пиву особенный и узнаваемый аромат и вкус, которые характерны для классических шотландских сортов пива. солод шато торфяной (castle malting) - этот солод придает пиву особенный и узнаваемый аромат и вкус, которые характерны для классических шотландских сортов пива. так называемый ""копченый солод"" проходит специальную обработку с использованием торфа из шотландии, что придает ему уникальные дымные нотки. свойства этого солода помогут вашему пиву обрести характерный дымный и пряный аромат, который так любят поклонники классических шотландских сортов пива. пиво, приготовленное с использованием солода шато торфяной, напоминает свежий прохладный лесной ветер. именно это ощущение дымного прикосновения придаст вашему элю особенное очарование."	https://бир.рф/shop/1759/desc/solod-shato-torfjanoj-peated-castle-malting-25-kg	3.5 ebc	81.0 %		5.0 %		
739	malt	шато торфяной / peated	castle malting	бельгия	солод копченый	beer.rf	1.0	кг	300.0	rub	придает пиву характерный «дымный» и пряный аромат и вкус, свойственные классическим шотландским сортам пива. цвет 3,5 ebc придает пиву характерный «дымный» и пряный аромат и вкус, свойственные классическим шотландским сортам пива. цвет 3,5 ebc	"солод шато торфяной (castle malting) - этот солод придает пиву особенный и узнаваемый аромат и вкус, которые характерны для классических шотландских сортов пива. солод шато торфяной (castle malting) - этот солод придает пиву особенный и узнаваемый аромат и вкус, которые характерны для классических шотландских сортов пива. так называемый ""копченый солод"" проходит специальную обработку с использованием торфа из шотландии, что придает ему уникальные дымные нотки. свойства этого солода помогут вашему пиву обрести характерный дымный и пряный аромат, который так любят поклонники классических шотландских сортов пива. пиво, приготовленное с использованием солода шато торфяной, напоминает свежий прохладный лесной ветер. именно это ощущение дымного прикосновения придаст вашему элю особенное очарование."	https://бир.рф/shop/85/desc/solod-shato-torfjanoj-peated-castle-malting-1-kg	3.5 ebc	81.0 %		5.0 %		
740	malt	шато спешл би / special b	castle malting	бельгия	солод спец. 200-500 ebc	beer.rf	0.25	кг	99.0	rub	используется для получения насыщенного пива темно-коричневого цвета с уникальным привкусом изюма, карамели, орехов и слив. цвет: 300 ebc используется для получения насыщенного пива темно-коричневого цвета с уникальным привкусом изюма, карамели, орехов и слив. цвет: 300 ebc	солод шато спешиал би (castle malting), - это идеальный ингредиент для приготовления насыщенного темного пива. он обладает уникальным привкусом изюма, карамели, орехов и слив, что придает напитку неповторимый вкус. благодаря этому солоду, ваше пиво приобретет привлекательный темно-коричневый оттенок. этот бельгийский специальный солод обеспечивает пиву карамельно-шоколадные нотки, насыщенность и гармоничный аромат. поэтому, если вам необходимо заменить солод château chocolat и château black, чтобы избежать горечи, то солод шато спешиал би идеально подойдет вам в качестве альтернативы.	https://бир.рф/shop/933/desc/solod-shato-speshl-bi-special-b-castle-malting-250-g	300.0 ebc			10.0 %		
741	malt	шато спешл би / special b	castle malting	бельгия	солод спец. 200-500 ebc	beer.rf	25.0	кг	6150.0	rub	используется для получения насыщенного пива темно-коричневого цвета с уникальным привкусом изюма, карамели, орехов и слив. цвет: 300 ebc используется для получения насыщенного пива темно-коричневого цвета с уникальным привкусом изюма, карамели, орехов и слив. цвет: 300 ebc	солод шато спешиал би (castle malting), - это идеальный ингредиент для приготовления насыщенного темного пива. он обладает уникальным привкусом изюма, карамели, орехов и слив, что придает напитку неповторимый вкус. благодаря этому солоду, ваше пиво приобретет привлекательный темно-коричневый оттенок. этот бельгийский специальный солод обеспечивает пиву карамельно-шоколадные нотки, насыщенность и гармоничный аромат. поэтому, если вам необходимо заменить солод château chocolat и château black, чтобы избежать горечи, то солод шато спешиал би идеально подойдет вам в качестве альтернативы.	https://бир.рф/shop/1762/desc/solod-shato-speshl-bi-special-b-castle-malting-25-kg	300.0 ebc			10.0 %		
742	malt	шато спешл би / special b	castle malting	бельгия	солод спец. 200-500 ebc	beer.rf	1.0	кг	299.0	rub	используется для получения насыщенного пива темно-коричневого цвета с уникальным привкусом изюма, карамели, орехов и слив. цвет: 300 ebc используется для получения насыщенного пива темно-коричневого цвета с уникальным привкусом изюма, карамели, орехов и слив. цвет: 300 ebc	солод шато спешиал би (castle malting), - это идеальный ингредиент для приготовления насыщенного темного пива. он обладает уникальным привкусом изюма, карамели, орехов и слив, что придает напитку неповторимый вкус. благодаря этому солоду, ваше пиво приобретет привлекательный темно-коричневый оттенок. этот бельгийский специальный солод обеспечивает пиву карамельно-шоколадные нотки, насыщенность и гармоничный аромат. поэтому, если вам необходимо заменить солод château chocolat и château black, чтобы избежать горечи, то солод шато спешиал би идеально подойдет вам в качестве альтернативы.	https://бир.рф/shop/932/desc/solod-shato-speshl-bi-special-b-castle-malting-1-kg	300.0 ebc			10.0 %		
743	malt	шато спельта/ spelt malt	castle malting	бельгия	солод пшеничный	beer.rf	1.0	кг	210.0	rub	спельта, известная также как полба, представляет собой дикий вид пшеницы. по сравнению с обычной пивоваренной пшеницей, она отличается более высоким содержанием белков. цвет: 5 ebc спельта, известная также как полба, представляет собой дикий вид пшеницы. по сравнению с обычной пивоваренной пшеницей, она отличается более высоким содержанием белков. цвет: 5 ebc		https://бир.рф/shop/2151/desc/solod-pshenichnyj-spilta-mail-chateau-spelt-castle-malting-1-kg	5.0 ebc					
744	malt	шато пэйл эль / pale ale	castle malting	бельгия	солод пэйл эль	beer.rf	5.0	кг	1205.0	rub	более насыщенный и полный вкус, чем у pilsner. усиливает золотистый оттенок и придает пиву приятную ароматику. цвет: 8 ebc более насыщенный и полный вкус, чем у pilsner. усиливает золотистый оттенок и придает пиву приятную ароматику. цвет: 8 ebc	"солод шато пэйл эль (castle malting) - предлагает богатый и полный вкус, превосходящий характер pilsner'а. он обогащает пиво золотистым оттенком и придает ему приятную ароматику. цвет данного солода составляет 8 ebc. этот солод представляет собой светлую базу из бельгии, который был подсушен при температуре от 90 до 95°c. солод шато пэйл эль (castle malting) - предлагает богатый и полный вкус, превосходящий характер pilsner'а. он обогащает пиво золотистым оттенком и придает ему приятную ароматику. цвет данного солода составляет 8 ebc. этот солод представляет собой светлую базу из бельгии, который был подсушен при температуре от 90 до 95°c. обычно используется в качестве основного солода или совместно с солодом ""château pilsen 2rs"" для получения более насыщенного солодового вкуса и более интенсивного цвета пива. благодаря ферментативной активности солода шато пэйл эль, он прекрасно сочетается со специальными солодами, которые не обладают ферментативными свойствами."	https://бир.рф/shop/56/desc/solod-shato-pehjl-ehl-pale-ale-castle-malting-5-kg	8.0 ebc	80.4 %		100.0 %		
745	malt	караамбер / caraamber	weyermann	германия	солод спец. 50-200 ebc	beer.rf	1.0	кг	232.08	rub	янтарный карамельный солод способствует полноте и округлости вкуса, добавит красные оттенки с хлебными, ирисовыми и карамельными ароматами. цвет: 60 - 80 ebc янтарный карамельный солод способствует полноте и округлости вкуса, добавит красные оттенки с хлебными, ирисовыми и карамельными ароматами. цвет: 60 - 80 ebc	weyermann® caraamber® - это барабанного обжига карамельный солод изготовлены из двух-рядного немецкого ячменя, который обеспечивает более сбалансированный вкус, полноту и усиление цвета. а также способствует более полному, округлому телу и аромату. помимо повышения эффективности затирания, достигается насыщенный красный цвет с ирисовыми, карамельными и хлебными ароматами. аромат: карамельный, хлебный, ирисовый. стили пива: подходит для боков, дункелей, коричневый, красных элей и лагеров, а так же для янтарных сортов пива.	https://бир.рф/shop/269/desc/solod-karaamber-caraamber-weyermann-1-kg	78.6 ebc					
746	malt	винер / wiener	weyermann	германия	солод венский	beer.rf	5.0	кг	977.45	rub	придает пиву немного более интенсивный аромат солода и зерна, чем солод pilsen, а также легкие ноты карамели. цвет 6 - 9 евс придает пиву немного более интенсивный аромат солода и зерна, чем солод pilsen, а также легкие ноты карамели. цвет 6 - 9 евс	солод вена обсушивается при более высокой температуре, чем пильсен, поэтому придает пиву более «богатый» золотистый цвет, крепость и насыщенность вкуса. обладает достаточной энзимной силой, чтобы хорошо сочетаться с большим количеством специальных солодов. применяется в производстве для корректировки слишком светлого солода, перерабатываемого для производства «золотистого» пива. придает теплый солодовый аромат с привкусом карамели и ириса, способствует повышению пеностойкости. характеризуется высоким качеством, стабильными характеристиками. используется в пивоварении, хлебопечении. применяется для усиления цвета и аромата светлого пива. аромат: сладковато-солодовый, легкие медовые и ореховые нотки (миндаль и фундук). стили пива: венское, праздничное, мартовское, майский бок, эль, лагер, тёмный эль, стаут.	https://бир.рф/shop/255/desc/solod-viner-wiener-weyermann-5-kg	7.3 ebc	80.6 %	10.5 %	100.0 %		
747	malt	винер / wiener	weyermann	германия	солод венский	beer.rf	25.0	кг	4810.05	rub	придает пиву немного более интенсивный аромат солода и зерна, чем солод pilsen, а также легкие ноты карамели. цвет 6 - 9 евс придает пиву немного более интенсивный аромат солода и зерна, чем солод pilsen, а также легкие ноты карамели. цвет 6 - 9 евс	солод вена обсушивается при более высокой температуре, чем пильсен, поэтому придает пиву более «богатый» золотистый цвет, крепость и насыщенность вкуса. обладает достаточной энзимной силой, чтобы хорошо сочетаться с большим количеством специальных солодов. применяется в производстве для корректировки слишком светлого солода, перерабатываемого для производства «золотистого» пива. придает теплый солодовый аромат с привкусом карамели и ириса, способствует повышению пеностойкости. характеризуется высоким качеством, стабильными характеристиками. используется в пивоварении, хлебопечении. применяется для усиления цвета и аромата светлого пива. аромат: сладковато-солодовый, легкие медовые и ореховые нотки (миндаль и фундук). стили пива: венское, праздничное, мартовское, майский бок, эль, лагер, тёмный эль, стаут.	https://бир.рф/shop/913/desc/solod-viner-wiener-weyermann-25-kg	7.3 ebc	80.6 %	10.5 %	100.0 %		
748	malt	винер / wiener	weyermann	германия	солод венский	beer.rf	1.0	кг	207.05	rub	придает пиву немного более интенсивный аромат солода и зерна, чем солод pilsen, а также легкие ноты карамели. цвет 6 - 9 евс придает пиву немного более интенсивный аромат солода и зерна, чем солод pilsen, а также легкие ноты карамели. цвет 6 - 9 евс	солод вена обсушивается при более высокой температуре, чем пильсен, поэтому придает пиву более «богатый» золотистый цвет, крепость и насыщенность вкуса. обладает достаточной энзимной силой, чтобы хорошо сочетаться с большим количеством специальных солодов. применяется в производстве для корректировки слишком светлого солода, перерабатываемого для производства «золотистого» пива. придает теплый солодовый аромат с привкусом карамели и ириса, способствует повышению пеностойкости. характеризуется высоким качеством, стабильными характеристиками. используется в пивоварении, хлебопечении. применяется для усиления цвета и аромата светлого пива. аромат: сладковато-солодовый, легкие медовые и ореховые нотки (миндаль и фундук). стили пива: венское, праздничное, мартовское, майский бок, эль, лагер, тёмный эль, стаут.	https://бир.рф/shop/254/desc/solod-viner-wiener-weyermann-1-kg	7.3 ebc	80.6 %	10.5 %	100.0 %		
749	malt	рисовые хлопья / rice flakes	castle malting	бельгия	солод спец. < 50 ebc	beer.rf	1.0	кг	394.83	rub	помогает сделать тело пива более легким и придать аромат, благодаря чему получается питкое и освежающее пиво с чистым и свежим вкусом и красивым светлым оттенком. цвет 2.5 ebc помогает сделать тело пива более легким и придать аромат, благодаря чему получается питкое и освежающее пиво с чистым и свежим вкусом и красивым светлым оттенком. цвет 2.5 ebc	райс флейкс (рисовые хлопья) - это добавка для пивоварения, которая предварительно клейстеризирована и изготавливается из отборных очищенных зерен риса. полные зерна проходят процедуру паровой обработки, а затем прокатываются на горячих валиках, что помогает раскрыть крахмальную структуру эндосперма. кроме того, райс флейкс отличаются низким содержанием липидов и белков, а также высоким уровнем углеводов, что важно учитывать в процессе варки пива. эти хлопья способствуют созданию легкого тела и вкуса напитка, что позволяет получить освежающее пиво с чистым восприятием и привлекательным светлым цветом. райс флейкс имеют низкую цветность и придают пиву более сухой финиш по сравнению с майз флейкс (кукурузными хлопьями). их можно добавлять в затор непосредственно, без предварительной подготовки или измельчения, так как они уже клейстеризированы. для американских лагерей и светлых сортов пива, доля может составлять до 20% от общего объема смеси.	https://бир.рф/shop/1884/desc/risovye-khlopja-rice-flakes-castle-malting-1-kg	2.5 ebc	72.8 %	7.5 %	20.0 %		
750	malt	овсяные хлопья / oat flakes	castle malting	бельгия	солод овсяный	beer.rf	25.0	кг	8784.3	rub	пивоваренная добавка улучшающая гладкость вкуса и стойкость пены в пиве. цвет 4 ebc пивоваренная добавка улучшающая гладкость вкуса и стойкость пены в пиве. цвет 4 ebc	овсяные хлопья (oat flakes) - это уникальная добавка для пивоваров, которая привносит в напиток не только характерный вкус, но и особую текстуру и аромат. в отличие от обычного овса, который требует предварительного измельчения, овсяные хлопья уже прошли обработку, что делает их готовыми к добавлению в затор. овсяные хлопья получают из отборных зерен овса, очищенных от шелухи. зерна пропариваются и пропускаются через горячие валики, что позволяет раскрыть структуру крахмала, находящегося внутри эндосперма. такая обработка делает овсяные хлопья «желатинизированными», это означает, что крахмал уже частично расщеплен и легко доступен для ферментов при затирание. овсяные хлопья обладают рядом преимуществ, которые делают их ценной добавкой для пивоваров: овсяные хлопья добавляются непосредственно в затор без измельчения или предварительной обработки. их можно добавлять в любое время затора, но рекомендуется добавлять их вместе с другими зерновыми, чтобы обеспечить равномерное распределение. овсяные хлопья идеально подходят для создания пива с мягкой текстурой и богатым ароматом. чаще всего они используются в следующих стилях:	https://бир.рф/shop/1773/desc/ovsjanye-khlopja-oat-flakes-castle-malting-25-kg	4.0 ebc					
751	malt	лузга рисовая		несоложенка	1 кг	beer.rf	1.0	кг	82.5	rub	помогает улучшить процесс фильтрации затора. добавляется в затор около 10% от массы зерна помогает улучшить процесс фильтрации затора. добавляется в затор около 10% от массы зерна		https://бир.рф/shop/2074/desc/luzga-risovaja-1-kg						
752	malt	лузга рисовая		несоложенка	400 г	beer.rf	4.0	кг	55.0	rub	помогает улучшить процесс фильтрации затора. добавляется в затор около 10% от массы зерна помогает улучшить процесс фильтрации затора. добавляется в затор около 10% от массы зерна		https://бир.рф/shop/413/desc/luzga-risovaja-0-4-kg						
753	malt	кукурузные хлопья / maize flakes	castle malting	бельгия	солод спец. < 50 ebc	beer.rf	1.0	кг	369.15	rub	помогает сделать тело пива более легким и придать аромат, благодаря чему получается питкое и освежающее пиво с чистым и свежим вкусом и красивым светлым оттенком. цвет 3.5 ebc помогает сделать тело пива более легким и придать аромат, благодаря чему получается питкое и освежающее пиво с чистым и свежим вкусом и красивым светлым оттенком. цвет 3.5 ebc	мэйз флейкс - это предварительно обработанная добавка для пивоварения, полученная из тщательно очищенных зерен кукурузы. эти целые зерна сначала пропариваются, а затем прокатываются через горячие валики, что способствует раскрытию крахмальной структуры в эндосперме. важно отметить, что мэйз флейкс характеризуются низким содержанием липидов и белков, а также высоким уровнем углеводов, что следует учитывать в процессе производства пива. использование мэйз флейкс позволяет добиться легкости в теле пива и добавить определенный аромат, что в результате создает освежающее и питкое пиво с чистым вкусом и приятным светлым цветом. эти хлопья обладают слегка более насыщенным цветом и придают напитку сладковатое послевкусие, в отличие от райс флейкс. их можно внедрять в затор без предварительного измельчения, благодаря предварительной желатинизации. мэйз флейкс - это предварительно обработанная добавка для пивоварения, полученная из тщательно очищенных зерен кукурузы. эти целые зерна сначала пропариваются, а затем прокатываются через горячие валики, что способствует раскрытию крахмальной структуры в эндосперме. важно отметить, что мэйз флейкс характеризуются низким содержанием липидов и белков, а также высоким уровнем углеводов, что следует учитывать в процессе производства пива. использование мэйз флейкс позволяет добиться легкости в теле пива и добавить определенный аромат, что в результате создает освежающее и питкое пиво с чистым вкусом и приятным светлым цветом. эти хлопья обладают слегка более насыщенным цветом и придают напитку сладковатое послевкусие, в отличие от райс флейкс. их можно внедрять в затор без предварительного измельчения, благодаря предварительной желатинизации. идеально подходят для американских светлых и обычных лагеров, а также для светлых сортов пива. максимальная доля составной смеси может достигать 20%. увеличивая количество хлопьев, нужно учитывать общую диастатическую силу сусла и его фильтрационные характеристики.	https://бир.рф/shop/1883/desc/kukuruznye-khlopja-maize-flakes-castle-malting-1-kg	3.5 ebc	81.6 %	7.0 %	20.0 %		
754	malt	кукуруза цельная		несоложенка	1 кг	beer.rf	1.0	кг	51.7	rub	кукуруза используется для приготовления кукурузного виски, бурбона и лагерного пива в американском стиле. напиток из нее на вкус мягкий и сладковатый. кукуруза используется для приготовления кукурузного виски, бурбона и лагерного пива в американском стиле. напиток из нее на вкус мягкий и сладковатый.		https://бир.рф/shop/1932/desc/kukuruza-celnaja-1-kg						
755	malt	кукуруза колотая		несоложенка	1 кг	beer.rf	1.0	кг	49.5	rub	кукуруза используется для приготовления кукурузного виски, бурбона и лагерного пива в американском стиле. напиток из нее на вкус мягкий и сладковатый. кукуруза используется для приготовления кукурузного виски, бурбона и лагерного пива в американском стиле. напиток из нее на вкус мягкий и сладковатый.		https://бир.рф/shop/1931/desc/kukuruza-kolotaja-droblenaja-1-kg						
756	malt	ячмень несоложенный		несоложенка	1 кг	beer.rf	1.0	кг	42.9	rub	применяется для приготовления зерновых дистилятов, а также в пивоварение для повышения пеностойкости и сухости во вкусе. применяется для приготовления зерновых дистилятов, а также в пивоварение для повышения пеностойкости и сухости во вкусе.		https://бир.рф/shop/1934/desc/jachmen-nesolozhennyj-1-kg						
757	malt	овая смесь 50 “розали” / rosalie	ireks	германия	солод спец. 50-200 ebc	beer.rf	1.0	кг	275.0	rub	смесь обладает диастатической силой и может использоваться до 100% в засыпи. пиво получается красным с богатым солодовым ароматом. при умеренной хмелевой горечи чувствуется солодовое плотное тело, которое сохраняется в послевкусии. цвет 50 ebc. смесь обладает диастатической силой и может использоваться до 100% в засыпи. пиво получается красным с богатым солодовым ароматом. при умеренной хмелевой горечи чувствуется солодовое плотное тело, которое сохраняется в послевкусии. цвет 50 ebc.	"смесь солода 50 ""розали"" от ireks является уникальной смесью солодов, которые придают пиву привлекательный красный оттенок и насыщенный аромат. при попадании на язык это пиво нежно обволакивает его, позволяя насладиться полным вкусовым профилем. цвет пива, напоминающий яркий вишневый сок, невозможно не оценить, а аромат солода проникает яркими нотками. с самого первого глотка вы ощутите яркую игру солода, но в то же время она не становится навязчивой, если идеально сбалансирована с мягкой хмелевой горечью. солодовый характер сохраняется на протяжении всего пития и продолжает радовать вас даже после последнего глотка. вкус напоминает баварский солодовый сахар, который долго оставляет приятное послевкусие. смесь солода 50 ""розали"" от ireks является уникальной смесью солодов, которые придают пиву привлекательный красный оттенок и насыщенный аромат. при попадании на язык это пиво нежно обволакивает его, позволяя насладиться полным вкусовым профилем. цвет пива, напоминающий яркий вишневый сок, невозможно не оценить, а аромат солода проникает яркими нотками. с самого первого глотка вы ощутите яркую игру солода, но в то же время она не становится навязчивой, если идеально сбалансирована с мягкой хмелевой горечью. солодовый характер сохраняется на протяжении всего пития и продолжает радовать вас даже после последнего глотка. вкус напоминает баварский солодовый сахар, который долго оставляет приятное послевкусие. помимо прекрасных вкусовых характеристик, смесь солода ""розали"" также имеет свои технические характеристики. цветность составляет 50-60 ebc, что делает ее идеальным выбором для придания пиву красного оттенка. достаточная ферментативная активность позволяет использовать ее до 100% в засыпи, это делает смесь применимой в различных типах и стилях пива. смесь солода 50 ""розали"" от ireks является уникальной смесью солодов, которые придают пиву привлекательный красный оттенок и насыщенный аромат. при попадании на язык это пиво нежно обволакивает его, позволяя насладиться полным вкусовым профилем. цвет пива, напоминающий яркий вишневый сок, невозможно не оценить, а аромат солода проникает яркими нотками. с самого первого глотка вы ощутите яркую игру солода, но в то же время она не становится навязчивой, если идеально сбалансирована с мягкой хмелевой горечью. солодовый характер сохраняется на протяжении всего пития и продолжает радовать вас даже после последнего глотка. вкус напоминает баварский солодовый сахар, который долго оставляет приятное послевкусие. помимо прекрасных вкусовых характеристик, смесь солода ""розали"" также имеет свои технические характеристики. цветность составляет 50-60 ebc, что делает ее идеальным выбором для придания пиву красного оттенка. достаточная ферментативная активность позволяет использовать ее до 100% в засыпи, это делает смесь применимой в различных типах и стилях пива. смесь солода ""розали"" идеально подходит для создания красного пива, особого ipa, фламандского красного эля и ирландского красного эля. ее уникальные характеристики делают ее неотъемлемым компонентом варки пива, и она может придать вашему напитку неповторимый вкус и цвет."	https://бир.рф/shop/1542/desc/solodovaja-smes-50-rozali-rosalie-ireks-1-kg	50.0-60.0 ebc			100.0 %		100.0
758	malt	ячменный мюнхенский / munich malt	староминский солод	россия	солод мюнхенский	beer.rf	5.0	кг	535.0	rub	самый темный солод изготовленный на кубани для создания глубокого темного пива. цвет: 15-20 ebc самый темный солод изготовленный на кубани для создания глубокого темного пива. цвет: 15-20 ebc	мюнхенский солод - это основа для создания насыщенного, глубокого и запоминающегося вкуса темного пива. именно такой солод, изготовленный на кубани, в станице староминской, предлагает своим потребителям компания «староминский солод». произведенный из отборного двухрядного ячменя, он выделяется среди аналогов благодаря уникальному сочетанию традиционных технологий и современного подхода к производству. мюнхенский солод - это основа для создания насыщенного, глубокого и запоминающегося вкуса темного пива. именно такой солод, изготовленный на кубани, в станице староминской, предлагает своим потребителям компания «староминский солод». произведенный из отборного двухрядного ячменя, он выделяется среди аналогов благодаря уникальному сочетанию традиционных технологий и современного подхода к производству. мягкая технология сушки, применяемая в процессе производства, позволяет сохранить деликатный хлебный аромат, характерный для мюнхенского солода. при этом цветовая характеристика в диапазоне 15-20 ebc указывает на его насыщенную окраску, делая его самым темным среди базовых солодов. этот глубокий цвет и богатый вкус - результат увеличения концентрации меланоидинов. эти вещества, образующиеся в процессе солодоращения и сушки при определенных температурных режимах, наделяют пиво не только характерным красноватым оттенком, но и придают ему отчетливые ореховые нотки и сложную вкусовую палитру. это не просто сладость, а целая симфония вкусов - от карамели и тоффи до нюансов поджаренного хлеба и орехов. щадящий режим сушки позволяет сохранить активность ферментов, необходимых для качественного сбраживания сусла, но в то же время обеспечивает желаемую степень карамелизации. однако, из-за этого снижения активности ферментов, производитель рекомендует использовать мюнхенский солод в рецептуре не более чем на 60-80%, комбинируя его со светлыми базовыми солодами (например, пльзенским или венским). такой подход гарантирует полное осахаривание затора и оптимальное сбраживание.	https://бир.рф/shop/1977/desc/solod-jachmennyj-mjunkhenskij-munich-malt-starominskij-solod-5-kg	15.0-20.0 ebc	75.0 %		80.0 %		
759	malt	ячменный мюнхенский / munich malt	староминский солод	россия	солод мюнхенский	beer.rf	25.0	кг	2305.0	rub	самый темный солод изготовленный на кубани для создания глубокого темного пива. цвет: 15-20 ebc самый темный солод изготовленный на кубани для создания глубокого темного пива. цвет: 15-20 ebc	мюнхенский солод - это основа для создания насыщенного, глубокого и запоминающегося вкуса темного пива. именно такой солод, изготовленный на кубани, в станице староминской, предлагает своим потребителям компания «староминский солод». произведенный из отборного двухрядного ячменя, он выделяется среди аналогов благодаря уникальному сочетанию традиционных технологий и современного подхода к производству. мюнхенский солод - это основа для создания насыщенного, глубокого и запоминающегося вкуса темного пива. именно такой солод, изготовленный на кубани, в станице староминской, предлагает своим потребителям компания «староминский солод». произведенный из отборного двухрядного ячменя, он выделяется среди аналогов благодаря уникальному сочетанию традиционных технологий и современного подхода к производству. мягкая технология сушки, применяемая в процессе производства, позволяет сохранить деликатный хлебный аромат, характерный для мюнхенского солода. при этом цветовая характеристика в диапазоне 15-20 ebc указывает на его насыщенную окраску, делая его самым темным среди базовых солодов. этот глубокий цвет и богатый вкус - результат увеличения концентрации меланоидинов. эти вещества, образующиеся в процессе солодоращения и сушки при определенных температурных режимах, наделяют пиво не только характерным красноватым оттенком, но и придают ему отчетливые ореховые нотки и сложную вкусовую палитру. это не просто сладость, а целая симфония вкусов - от карамели и тоффи до нюансов поджаренного хлеба и орехов. щадящий режим сушки позволяет сохранить активность ферментов, необходимых для качественного сбраживания сусла, но в то же время обеспечивает желаемую степень карамелизации. однако, из-за этого снижения активности ферментов, производитель рекомендует использовать мюнхенский солод в рецептуре не более чем на 60-80%, комбинируя его со светлыми базовыми солодами (например, пльзенским или венским). такой подход гарантирует полное осахаривание затора и оптимальное сбраживание.	https://бир.рф/shop/1976/desc/solod-jachmennyj-mjunkhenskij-munich-malt-starominskij-solod-25-kg	15.0-20.0 ebc	75.0 %		80.0 %		
760	malt	ячменный мюнхенский / munich malt	староминский солод	россия	солод мюнхенский	beer.rf	1.0	кг	123.0	rub	самый темный солод изготовленный на кубани для создания глубокого темного пива. цвет: 15-20 ebc самый темный солод изготовленный на кубани для создания глубокого темного пива. цвет: 15-20 ebc	мюнхенский солод - это основа для создания насыщенного, глубокого и запоминающегося вкуса темного пива. именно такой солод, изготовленный на кубани, в станице староминской, предлагает своим потребителям компания «староминский солод». произведенный из отборного двухрядного ячменя, он выделяется среди аналогов благодаря уникальному сочетанию традиционных технологий и современного подхода к производству. мюнхенский солод - это основа для создания насыщенного, глубокого и запоминающегося вкуса темного пива. именно такой солод, изготовленный на кубани, в станице староминской, предлагает своим потребителям компания «староминский солод». произведенный из отборного двухрядного ячменя, он выделяется среди аналогов благодаря уникальному сочетанию традиционных технологий и современного подхода к производству. мягкая технология сушки, применяемая в процессе производства, позволяет сохранить деликатный хлебный аромат, характерный для мюнхенского солода. при этом цветовая характеристика в диапазоне 15-20 ebc указывает на его насыщенную окраску, делая его самым темным среди базовых солодов. этот глубокий цвет и богатый вкус - результат увеличения концентрации меланоидинов. эти вещества, образующиеся в процессе солодоращения и сушки при определенных температурных режимах, наделяют пиво не только характерным красноватым оттенком, но и придают ему отчетливые ореховые нотки и сложную вкусовую палитру. это не просто сладость, а целая симфония вкусов - от карамели и тоффи до нюансов поджаренного хлеба и орехов. щадящий режим сушки позволяет сохранить активность ферментов, необходимых для качественного сбраживания сусла, но в то же время обеспечивает желаемую степень карамелизации. однако, из-за этого снижения активности ферментов, производитель рекомендует использовать мюнхенский солод в рецептуре не более чем на 60-80%, комбинируя его со светлыми базовыми солодами (например, пльзенским или венским). такой подход гарантирует полное осахаривание затора и оптимальное сбраживание.	https://бир.рф/shop/1978/desc/solod-jachmennyj-mjunkhenskij-munich-malt-starominskij-solod-1-kg	15.0-20.0 ebc	75.0 %		80.0 %		
761	malt	ячменный венский / vienna malt	староминский солод	россия	солод венский	beer.rf	5.0	кг	535.0	rub	пивоваренный базовый солод с более ярким вкусом и янтарным цветом в сравнение с пильзенским солодом. цвет 6-12 ebc пивоваренный базовый солод с более ярким вкусом и янтарным цветом в сравнение с пильзенским солодом. цвет 6-12 ebc	уникальность венского солода / vienna malt заключается в особом способе сушки при более высоких температурах по сравнению с производством пильзенского солода. именно эта технологическая особенность определяет его ключевые характеристики и широкое применение в пивоварении. венский солод придает светлым сортам пива более глубокий, насыщенный золотистый цвет, который значительно отличается от бледности, характерной для пива, сваренного исключительно на пильзенском солоде. этот богатый, «драгоценный» оттенок является одним из главных преимуществ использования венского солода. но не только цвет меняется - солод существенно обогащает вкусовую палитру напитка, добавляя полноту и мягкость. в аромате и вкусе пива, приготовленного с использованием венского солода, отчетливо проявляются нотки карамели и ириски, создающие приятное, сбалансированное ощущение. этот сладковатый, чуть карамельный оттенок прекрасно дополняет, а не затмевает, другие компоненты пивного букета. важным аспектом является и достаточная ферментная активность венского солода. это означает, что он способен эффективно взаимодействовать с другими, специальными солодами, входящими в рецептуру пива, создавая гармоничный и сложный вкус. возможность использования в разных пропорциях - от малых добавок до 100% засыпи - делает его невероятно универсальным инструментом в руках пивовара. добавление небольшого количества венского солода позволяет тонко корректировать цвет и вкусовой профиль готового напитка, добавляя сложности и глубины. венский солод заслуженно занимает почетное место в качестве основного солода при производстве многих традиционных европейских сортов пива янтарного цвета. к таким сортам относятся известные и любимые многими мерцен, фестбир, бок, венский лагер, альтбир, а также бельгийский пэйл эль и другие. эти сорта отличаются более интенсивным и выраженным солодовым вкусом и ароматом, в котором венский солод играет главную роль. он вносит свой значительный вклад в формирование характерного вкусового профиля этих пивных стилей, придавая им полноту и уникальность.	https://бир.рф/shop/1966/desc/solod-jachmennyj-venskij-vienna-malt-starominskij-solod-5-kg	6.0-12.0 евс	78.0 %	12.0 %	100.0 %		
762	malt	карафа спешл тип 2 / carafa special type 2	weyermann	германия	солод жженый > 500 ebc	beer.rf	1.0	кг	211.86	rub	изготовлен из ячменя с удаленной мякинной оболочкой. усиливает типичный аромат темного пива, а также цвет пива. меньше горечи, чем при использовании обычного жженого солода. цвет: 1100 - 1200 ebc изготовлен из ячменя с удаленной мякинной оболочкой. усиливает типичный аромат темного пива, а также цвет пива. меньше горечи, чем при использовании обычного жженого солода. цвет: 1100 - 1200 ebc	weyermann® carafa® special type 2 - это специальный темно-жареный солод сделанный из высококачественного ярового ячменя. солод не содержит мякинную оболочку при обжарки, что приводит к меньшему содержанию солодовой горечи в пиве, в отличие от weyermann® carafa® type 2. как не обрушенная версии carafa®, он производит богатый цвет, крепость, вкус и аромат, но без резкости и терпкости типичного жженого солода. аромат: лёгкий аромат кофе. стили пива: портер, тёмное пиво, бок, стаут, альтбир, шварцбир.	https://бир.рф/shop/278/desc/solod-karafa-speshl-tip-2-carafa-special-type-2-1-kg	1133.2 ebc					
763	malt	карафа спешл тип 1 / carafa special type 1	weyermann	германия	солод жженый > 500 ebc	beer.rf	0.25	кг	78.21	rub	изготовлен из ячменя с удаленной мякинной оболочкой. усиливает типичный аромат темного пива, а также цвет пива. меньше горечи, чем при использовании обычного жженого солода. цвет: 800 - 1000 ebc изготовлен из ячменя с удаленной мякинной оболочкой. усиливает типичный аромат темного пива, а также цвет пива. меньше горечи, чем при использовании обычного жженого солода. цвет: 800 - 1000 ebc	weyermann® carafa® special type 1 - это специальный темно-жареный солод сделанный из высококачественного ярового ячменя. солод не содержит мякинную оболочку при обжарки, что приводит к меньшему содержанию солодовой горечи в пиве, в отличие от weyermann® carafa® type 1. как не обрушенная версии carafa®, он производит богатый цвет, крепость, вкус и аромат, но без резкости и терпкости типичного жженого солода. аромат: лёгкий аромат кофе. стили пива: портер, тёмное пиво, бок, стаут, альтбир, шварцбир.	https://бир.рф/shop/719/desc/solod-karafa-speshl-tip-1-carafa-special-type-1-250-g	906.3 ebc					
764	malt	карафа спешл тип 1 / carafa special type 1	weyermann	германия	солод жженый > 500 ebc	beer.rf	1.0	кг	211.86	rub	изготовлен из ячменя с удаленной мякинной оболочкой. усиливает типичный аромат темного пива, а также цвет пива. меньше горечи, чем при использовании обычного жженого солода. цвет: 800 - 1000 ebc изготовлен из ячменя с удаленной мякинной оболочкой. усиливает типичный аромат темного пива, а также цвет пива. меньше горечи, чем при использовании обычного жженого солода. цвет: 800 - 1000 ebc	weyermann® carafa® special type 1 - это специальный темно-жареный солод сделанный из высококачественного ярового ячменя. солод не содержит мякинную оболочку при обжарки, что приводит к меньшему содержанию солодовой горечи в пиве, в отличие от weyermann® carafa® type 1. как не обрушенная версии carafa®, он производит богатый цвет, крепость, вкус и аромат, но без резкости и терпкости типичного жженого солода. аромат: лёгкий аромат кофе. стили пива: портер, тёмное пиво, бок, стаут, альтбир, шварцбир.	https://бир.рф/shop/277/desc/solod-karafa-speshl-tip-1-carafa-special-type-1-1-kg	906.3 ebc					
765	malt	караред / carared	weyermann	германия	солод спец. < 50 ebc	beer.rf	1.0	кг	230.16	rub	идеально подойдёт для приготовления красного эля и венского лагера. дарит пиву лёгкий аромат, мягкую солодовость, а также участвует в формировании тела пива. цвет: 40 - 60 ebc идеально подойдёт для приготовления красного эля и венского лагера. дарит пиву лёгкий аромат, мягкую солодовость, а также участвует в формировании тела пива. цвет: 40 - 60 ebc	карарэд - это карамельный солод из немецкого двух-рядного ячменя барабанной обжарки, который применяется для придания пиву полнотелого вкуса и насыщенного красноватого цвета. также карамельные, медовые и хлебные тона добавятся вместе с ним. аромат: карамельный, хлебный, медовый. стили пива: подойдет для ирландских и шотландских элей, красных и янтарных элей и лагеров, пива типа бок, коричневых элей и альтбира.	https://бир.рф/shop/268/desc/solod-karared-carared-weyermann-1-kg	51.9 ebc					
766	malt	карапилс / carapils	weyermann	германия	солод спец. < 50 ebc	beer.rf	1.0	кг	220.53	rub	самый светлый карамельный солод, который содержит большое количество не сбраживаемых декстринов и служит для увеличения тела, полноты вкуса и повышения пеностойкости в пиве, без влияния на его цвет. цветность солода: 2,5 - 6,5 ebc самый светлый карамельный солод, который содержит большое количество не сбраживаемых декстринов и служит для увеличения тела, полноты вкуса и повышения пеностойкости в пиве, без влияния на его цвет. цветность солода: 2,5 - 6,5 ebc	weyermann® carapils® - это обжаренный в барабанах карамельный солод изготовленный из двух-рядного немецкого ячменя. особенно необходим для создании более улучшенного пенообразования с более стойкой пенной шапкой и для придания более полного тела пиву. подходит для всех стилей, где требуются такие характеристики. аромат: карамельно-солодовый. стили пива: для светлых сортов пива, диетического, слабоалкогольного и безалкогольного пива.	https://бир.рф/shop/266/desc/solod-karapils-carapils-weyermann-1-kg	3.3 ebc	79.0 %	12.0 %	40.0 %		
767	malt	карамюнх тип 3 / caramunich type 3	weyermann	германия	солод спец. 50-200 ebc	beer.rf	25.0	кг	6650.7	rub	применяется для приготовления мартовского пива, боков, портеров и стаутов, янтарных и коричневых элей. цвет 150 ebc годен до применяется для приготовления мартовского пива, боков, портеров и стаутов, янтарных и коричневых элей. цвет 150 ebc годен до		https://бир.рф/shop/2083/desc/solod-karamjunkh-tip-3-caramunich-type-3-weyermann-25-kg	150.0 ebc					
768	malt	карамюнх тип 2 / caramunich type 2	weyermann	германия	солод спец. 50-200 ebc	beer.rf	25.0	кг	6650.7	rub	применяется для приготовления мартовского пива, боков, портеров и стаутов, янтарных и коричневых элей. цвет: 120 ebc годен до применяется для приготовления мартовского пива, боков, портеров и стаутов, янтарных и коричневых элей. цвет: 120 ebc годен до		https://бир.рф/shop/2082/desc/solod-karamjunkh-tip-2-caramunich-type-2-weyermann-25-kg	120.0 ebc					
769	malt	карамюнх тип 2 / caramunich type 2	weyermann	германия	солод спец. 50-200 ebc	beer.rf	1.0	кг	310.3	rub	применяется для приготовления мартовского пива, боков, портеров и стаутов, янтарных и коричневых элей. цвет: 120 ebc применяется для приготовления мартовского пива, боков, портеров и стаутов, янтарных и коричневых элей. цвет: 120 ebc		https://бир.рф/shop/926/desc/solod-karamjunkh-tip-2-caramunich-type-2-weyermann-1-kg	120.0 ebc					
770	malt	карамюнх тип 1 / caramunich type 1	weyermann	германия	солод спец. 50-200 ebc	beer.rf	25.0	кг	6650.7	rub	применяется для приготовления мартовского пива, боков, портеров и стаутов, янтарных и коричневых элей. цвет 100 ebc годен до применяется для приготовления мартовского пива, боков, портеров и стаутов, янтарных и коричневых элей. цвет 100 ebc годен до		https://бир.рф/shop/2081/desc/solod-karamjunkh-tip-1-caramunich-type-1-weyermann-25-kg	100.0 ebc					
771	malt	карамюнх тип 1 / caramunich type 1	weyermann	германия	солод спец. 50-200 ebc	beer.rf	1.0	кг	310.3	rub	применяется для приготовления мартовского пива, боков, портеров и стаутов, янтарных и коричневых элей. цвет 100 ebc применяется для приготовления мартовского пива, боков, портеров и стаутов, янтарных и коричневых элей. цвет 100 ebc		https://бир.рф/shop/923/desc/solod-karamjunkh-tip-1-caramunich-type-1-weyermann-1-kg	100.0 ebc					
772	malt	карамельный 150	курский солод	россия	солод спец. 50-200 ebc	beer.rf	25.0	кг	2781.0	rub	используется для увеличения цветности и аромата пива. придает пиву более насыщенный цвет и характерный, нежный вкус с ароматом ириски и карамели. цвет 150 ebc используется для увеличения цветности и аромата пива. придает пиву более насыщенный цвет и характерный, нежный вкус с ароматом ириски и карамели. цвет 150 ebc	данный вид солода применяется для придания пиву насыщенного цвета и характерного вкуса с нотами ириски и карамели. он является идеальным выбором для тех, кто желает достичь более темного оттенка варки пива. использование cолода карамельного 150 обеспечивает увеличение аромата пива и добавляет нежные нюансы в его вкус. имеет цветность 150 ebc и рекомендуется для готовки эля и других сортов пива.	https://бир.рф/shop/893/desc/solod-karamelnyj-150-kurskij-solod-25-kg	150.0 ebc	75.0 %		20.0 %		
773	malt	каравит / carawheat	weyermann	германия	солод спец. 50-200 ebc	beer.rf	1.0	кг	261.94	rub	пшеничный карамельный солод, который усиливает пшеничный аромат, делает цвет более насыщенным с нотками карамели, миндаля и теплого хлеба. цвет: 110 - 140 ebc пшеничный карамельный солод, который усиливает пшеничный аромат, делает цвет более насыщенным с нотками карамели, миндаля и теплого хлеба. цвет: 110 - 140 ebc	изготовлен из высококачественной пшеницы баварской солодовней weyermann. пшеничный карамельный солод. усиливает пшеничный солодовый аромат и делает цвет пива более насыщенным. может составлять до 15 % засыпи для темных элей, светлого и темного пшеничного пива. аромат: мягкие нотки карамели, миндаля, хлеба и выпечки. стили пива: подходит для пшеничных сортов пива, тёмное пшеничное, бельгийское пшеничное, альтбир, келербир, темный эль.	https://бир.рф/shop/270/desc/solod-karavit-carawheat-weyermann-1-kg	124.0 ebc					
774	malt	карабогемиан / carabogemian	weyermann	германия	солод спец. 50-200 ebc	beer.rf	1.0	кг	222.45	rub	идеально подходит для любого чешского лагеря и специальных сортов пива, а также для портера и стаута и других известных стилей, таких как октоберфест и бок, где желательны более выраженное тело и вкусовые ощущения. цвет 200 ebc. идеально подходит для любого чешского лагеря и специальных сортов пива, а также для портера и стаута и других известных стилей, таких как октоберфест и бок, где желательны более выраженное тело и вкусовые ощущения. цвет 200 ebc.		https://бир.рф/shop/924/desc/solod-karabogemian-carabogemian-weyermann-1-kg	200.0 ebc					
775	malt	карабельж / carabelge	weyermann	германия	солод спец. < 50 ebc	beer.rf	25.0	кг	6762.0	rub	бельгийский тип специального солода, который применяется для придания медных оттенков и аромата карамели с нотками орехов и сухофруктов. идеально подходит для бельгийских стилей пива. цвет: 30 - 35 ebc годен до бельгийский тип специального солода, который применяется для придания медных оттенков и аромата карамели с нотками орехов и сухофруктов. идеально подходит для бельгийских стилей пива. цвет: 30 - 35 ebc годен до	weyermann® carabelge® это жареный в барабане карамельный солод изготовлены из двух-рядного немецкого ячменя, который может быть использованы для получения мягких и сдержанных нот и ароматов карамели, в то же время, придавая нотки сухофруктов и орехов. он придает медовый оттенок цвета в готовом пиве. аромат: карамель, сухофрукты, орехи. стили пива: подходит для бельгийских стилей пива, как блонд, брюинз, амбер, а также трипель и дуббель.	https://бир.рф/shop/2080/desc/solod-karabelzh-carabelge-weyermann-25-kg	34.8 ebc					
776	malt	карабельж / carabelge	weyermann	германия	солод спец. < 50 ebc	beer.rf	1.0	кг	315.65	rub	бельгийский тип специального солода, который применяется для придания медных оттенков и аромата карамели с нотками орехов и сухофруктов. идеально подходит для бельгийских стилей пива. цвет: 30 - 35 ebc бельгийский тип специального солода, который применяется для придания медных оттенков и аромата карамели с нотками орехов и сухофруктов. идеально подходит для бельгийских стилей пива. цвет: 30 - 35 ebc	weyermann® carabelge® это жареный в барабане карамельный солод изготовлены из двух-рядного немецкого ячменя, который может быть использованы для получения мягких и сдержанных нот и ароматов карамели, в то же время, придавая нотки сухофруктов и орехов. он придает медовый оттенок цвета в готовом пиве. аромат: карамель, сухофрукты, орехи. стили пива: подходит для бельгийских стилей пива, как блонд, брюинз, амбер, а также трипель и дуббель.	https://бир.рф/shop/267/desc/solod-karabelzh-carabelge-weyermann-1-kg	34.8 ebc					
777	malt	караарома / caraaroma	weyermann	германия	солод спец. 200-500 ebc	beer.rf	0.5	кг	131.93	rub	ароматный солод с нотками жареных орехов и тёмной карамели, сладкий кофейный вкус. отлично подходит для янтарных элей и лагеров, стаутов и портеров, боков и дункелей. цвет: 350 - 450 ebc ароматный солод с нотками жареных орехов и тёмной карамели, сладкий кофейный вкус. отлично подходит для янтарных элей и лагеров, стаутов и портеров, боков и дункелей. цвет: 350 - 450 ebc	weyermann® caraaroma® - это барабанной обжарки карамельный солод изготовлены из двухрядного немецкого ячменя. carаaroma® привнесет ноты жареных орехов, темной карамели, сухофруктов, вместе с приданием глубоких янтарных и красных оттенков в готовом пиве. caraaroma® также может быть использован, чтобы улучшить тело в пиве. аромат: ноты жареных орехов, темной карамели, сухофруктов. стили пива: отлично подходит для янтарных элей и лагеров, стаутов и портеров, боков и дункелей.	https://бир.рф/shop/733/desc/solod-karaaroma-caraaroma-weyermann-500-g	399.0 ebc					
778	malt	караарома / caraaroma	weyermann	германия	солод спец. 200-500 ebc	beer.rf	25.0	кг	6836.55	rub	ароматный солод с нотками жареных орехов и тёмной карамели, сладкий кофейный вкус. отлично подходит для янтарных элей и лагеров, стаутов и портеров, боков и дункелей. цвет: 350 - 450 ebc годен до ароматный солод с нотками жареных орехов и тёмной карамели, сладкий кофейный вкус. отлично подходит для янтарных элей и лагеров, стаутов и портеров, боков и дункелей. цвет: 350 - 450 ebc годен до	weyermann® caraaroma® - это барабанной обжарки карамельный солод изготовлены из двухрядного немецкого ячменя. carаaroma® привнесет ноты жареных орехов, темной карамели, сухофруктов, вместе с приданием глубоких янтарных и красных оттенков в готовом пиве. caraaroma® также может быть использован, чтобы улучшить тело в пиве. аромат: ноты жареных орехов, темной карамели, сухофруктов. стили пива: отлично подходит для янтарных элей и лагеров, стаутов и портеров, боков и дункелей.	https://бир.рф/shop/2084/desc/solod-karaaroma-caraaroma-weyermann-25-kg	399.0 ebc					
779	malt	пильзнер премиум/ premium pilsner	weyermann	германия	солод пильзенский	beer.rf	1.0	кг	193.56	rub	отличный премиальный светлый солод, обеспечивает особый светлый цвет пиву. подойдет для премиальных пильзнеров и любых других сортов пива. цвет 2-3,5 евс отличный премиальный светлый солод, обеспечивает особый светлый цвет пиву. подойдет для премиальных пильзнеров и любых других сортов пива. цвет 2-3,5 евс	солод extra pale premium pilsner (пильзнер премиум экстра светлый) - обладает очень низким значением цвета, что делает этот солод отличным выбором для континентальных лагеров, а также элей, для получения бледного соломенно-золотистого цвета. этот солод также отлично подойдет для стиля пильзнер в качестве основы вкуса и аромата, которыми ценится этот популярный стиль пива. аромат: сладковато-солодовый с легкими медовыми нотками. стили пива: премиум пильзнер, пильзнер, безалкогольное пиво, пиво с пониженным содержанием алкоголя, любые другие сорта пива.	https://бир.рф/shop/249/desc/solod-pilzner-premium-ehkstra-svetlyj-premium-pilsner-weyermann-1-kg	2.0 ebc					
780	malt	пильзнер / pilsner	weyermann	германия	солод пильзенский	beer.rf	5.0	кг	923.52	rub	немецкий базовый солод для пильзнера и лагерных стилей изготовленный из отборного двухрядного ячменя. цвет 2,5 - 4,5 евс немецкий базовый солод для пильзнера и лагерных стилей изготовленный из отборного двухрядного ячменя. цвет 2,5 - 4,5 евс	немецкий базовый солод для пильзнера и лагерных стилей изготовленный из отборного двухрядного ячменя. аромат: сладковато-солодовый с легкими медовыми нотками. стили пива: пильзнер, лагер, безалкогольное пиво, пиво с пониженным содержанием алкоголя, любые другие сорта пива.	https://бир.рф/shop/252/desc/solod-pilzner-pilsner-weyermann-5-kg	3.6 ebc					
781	malt	пильзнер / pilsner	weyermann	германия	солод пильзенский	beer.rf	25.0	кг	4497.26	rub	немецкий базовый солод для пильзнера и лагерных стилей изготовленный из отборного двухрядного ячменя. цвет 2,5 - 4,5 евс немецкий базовый солод для пильзнера и лагерных стилей изготовленный из отборного двухрядного ячменя. цвет 2,5 - 4,5 евс	немецкий базовый солод для пильзнера и лагерных стилей изготовленный из отборного двухрядного ячменя. аромат: сладковато-солодовый с легкими медовыми нотками. стили пива: пильзнер, лагер, безалкогольное пиво, пиво с пониженным содержанием алкоголя, любые другие сорта пива.	https://бир.рф/shop/915/desc/solod-pilzner-pilsner-weyermann-25-kg	3.6 ebc					
782	malt	пильзнер / pilsner	weyermann	германия	солод пильзенский	beer.rf	1.0	кг	192.6	rub	немецкий базовый солод для пильзнера и лагерных стилей изготовленный из отборного двухрядного ячменя. цвет 2,5 - 4,5 евс немецкий базовый солод для пильзнера и лагерных стилей изготовленный из отборного двухрядного ячменя. цвет 2,5 - 4,5 евс	немецкий базовый солод для пильзнера и лагерных стилей изготовленный из отборного двухрядного ячменя. аромат: сладковато-солодовый с легкими медовыми нотками. стили пива: пильзнер, лагер, безалкогольное пиво, пиво с пониженным содержанием алкоголя, любые другие сорта пива.	https://бир.рф/shop/251/desc/solod-pilzner-pilsner-weyermann-1-kg	3.6 ebc					
783	malt	овсяный голозерный	курский солод	россия	солод овсяный	beer.rf	25.0	кг	2852.0	rub	применяется в небольших пропорциях в бельгийских витбирах и сейзонах, а также американские neipa. цвет 10 ebc применяется в небольших пропорциях в бельгийских витбирах и сейзонах, а также американские neipa. цвет 10 ebc	"солод овсяный - применяется в небольших пропорциях в бельгийских витбирах, сейзонах и американском neipa. с его помощью пивовары создают тёмное пиво с более насыщенным вкусом и ароматом, которое радует стойкой пеной. овсяный солод добавляет ""шелковистость"" этому напитку и усиливает его букет, придавая вкус свежего печенья, уникальную текстуру и кремовое наслаждение."	https://бир.рф/shop/1804/desc/solod-ovsjanyj-golozernyj-kurskij-solod-25-kg	10.0 ebc	70.0 %		30.0 %		
784	malt	мюнхнер тип 2 / munich type 2	weyermann	германия	солод мюнхенский	beer.rf	25.0	кг	6207.6	rub	базовый солод легкой обжарки с нотками карамели, меда и хлеба. отлично подойдет для темных сортов пива. цвет 25 - 30 евс годен до базовый солод легкой обжарки с нотками карамели, меда и хлеба. отлично подойдет для темных сортов пива. цвет 25 - 30 евс годен до	солод мюнхнер тип 2 (темный мюнхенский) - бережно обжаренный лагерный тип солода из высококачественного, двухрядного, немецкого ярового ячменя. он имеет высокое содержание фермента, несмотря на его цвет, и может составлять до 100% от общего содержания зерна в засыпе. пиво из этого солода обладает надежными характеристиками, в том числе полным, глубоким янтарным цветом и плавным, ощущением во рту. вкус сильно солодовый, а богатый аромат имеет ноты карамели, меда и хлеба. мюнхенские солода, как правило, используется в темных лагерах и элях, особенно в лагерах мюнхенского стиля, различные боки и немецкий фестивальные стили пива, как мерцен, фестбиер и октоберфест.	https://бир.рф/shop/1111/desc/solod-mjunkhner-tip-2-munich-type-2-weyermann-25-kg	30.0 ebc					
785	malt	мюнхнер тип 2 / munich type 2	weyermann	германия	солод мюнхенский	beer.rf	1.0	кг	289.97	rub	базовый солод легкой обжарки с нотками карамели, меда и хлеба. отлично подойдет для темных сортов пива. цвет 25 - 30 евс базовый солод легкой обжарки с нотками карамели, меда и хлеба. отлично подойдет для темных сортов пива. цвет 25 - 30 евс	солод мюнхнер тип 2 (темный мюнхенский) - бережно обжаренный лагерный тип солода из высококачественного, двухрядного, немецкого ярового ячменя. он имеет высокое содержание фермента, несмотря на его цвет, и может составлять до 100% от общего содержания зерна в засыпе. пиво из этого солода обладает надежными характеристиками, в том числе полным, глубоким янтарным цветом и плавным, ощущением во рту. вкус сильно солодовый, а богатый аромат имеет ноты карамели, меда и хлеба. мюнхенские солода, как правило, используется в темных лагерах и элях, особенно в лагерах мюнхенского стиля, различные боки и немецкий фестивальные стили пива, как мерцен, фестбиер и октоберфест. аромат: выраженный солодовый аромат с нотками карамели, мёда и хлеба. стили пива: мюнхенское светлое (munich-style helles), майбок (maibock), тёмное пиво, октоберфест (праздничное), стаут, мартовское, тёмный эль.	https://бир.рф/shop/929/desc/solod-mjunkhner-tip-2-munich-type-2-weyermann-1-kg	30.0 ebc	80.0 %	10.6 %	100.0 %		
786	malt	мюнхнер тип 1 / munich type 1	weyermann	германия	солод мюнхенский	beer.rf	25.0	кг	6207.6	rub	базовый солод легкой обжарки с нотками карамели, меда и хлеба. отлично подойдет для темных сортов пива. цвет 12 - 18 евс годен до базовый солод легкой обжарки с нотками карамели, меда и хлеба. отлично подойдет для темных сортов пива. цвет 12 - 18 евс годен до	солод мюнхнер тип 1 (светлый мюнхенский) - это солод легкой обжарки для лагерных стилей пива, производимый из качественного двухрядного немецкого ярового ячменя. обычно используется как специальный солод. он содержит достаточно ферментов, несмотря на свой цвет, и может составлять до 100% от засыпи. так же он обладает надёжными характеристиками, в том числе полное тело, янтарный цвет и мягкое послевкусие. вкус сильно солодовый, а богатый аромат имеет ноты светлой карамели, меда и хлеба. аромат: выраженный солодовый аромат с нотками карамели, мёда и хлеба. стили пива: мюнхенское светлое (munich-style helles), майбок (maibock), тёмное пиво, октоберфест (праздничное), стаут, мартовское, тёмный эль.	https://бир.рф/shop/914/desc/solod-mjunkhner-tip-1-munich-type-1-weyermann-25-kg	21.2 ebc	82.2 %	10.6 %	100.0 %		
787	malt	мюнхенский тип 2	курский солод	россия	солод мюнхенский	beer.rf	25.0	кг	2550.0	rub	изготовлен из двухрядного ячменя мягким подсушиванием зерен. придает пиву слабый аромат хлеба и улучшает пеностойкость готового пива. рекомендуется для варки темных сортов пива и придает характерный солодовый полный вкус. цвет: 19-25 ebc изготовлен из двухрядного ячменя мягким подсушиванием зерен. придает пиву слабый аромат хлеба и улучшает пеностойкость готового пива. рекомендуется для варки темных сортов пива и придает характерный солодовый полный вкус. цвет: 19-25 ebc	солод мюнхенский тип 2 - это высококачественный солод, произведенный из двухрядного ячменя с использованием мягкого подсушивания зерен. он отличается слабым ароматом хлеба и способствует улучшению пеностойкости пива. этот солод рекомендуется использовать для варки темных сортов пива, так как он придает им характерный солодовый полный вкус. его цвет составляет 19-25 ebc, что делает его самым темным базовым солодом. это достигается благодаря специальным режимам проращивания и сушки, которые повышают содержание меланоидинов в солоде.меланоидины придают пиву яркий ореховый аромат, насыщенную палитру вкуса и красноватый оттенок. несмотря на то, что более высокая температура сушки разрушает большую часть ферментов, все равно есть возможность выбора между светлой (тип 1) и более темной (тип 2) версиями мюнхенского солода. многие производители рекомендуют использовать светлую версию до 80-100% и темную до 60% в сочетании с базовым солодом. мюнхенский солод обычно применяется в темных лагерах и элях, особенно в мюнхенских темных стилях пива.	https://бир.рф/shop/712/desc/solod-mjunkhenskij-tip-2-kurskij-solod-25-kg	19.0-25.0 ebc	80.0 %		50.0 %		
788	malt	меланоидиновый / melanoidin	weyermann	германия	солод спец. 50-200 ebc	beer.rf	25.0	кг	6282.15	rub	привнесет глубокий янтарный до красно-коричневого цвет в готовом пиве. богатый солодовый вкус имеет нотки меда и печенья. цвет 65 ebc годен до привнесет глубокий янтарный до красно-коричневого цвет в готовом пиве. богатый солодовый вкус имеет нотки меда и печенья. цвет 65 ebc годен до		https://бир.рф/shop/2078/desc/solod-melanoidinovyj-melanoidin-weyermann-25-kg	65.0 ebc	80.1 %	11.0 %	20.0 %		
789	malt	меланоидиновый / melanoidin	weyermann	германия	солод спец. 50-200 ebc	beer.rf	1.0	кг	294.25	rub	привнесет глубокий янтарный до красно-коричневого цвет в готовом пиве. богатый солодовый вкус имеет нотки меда и печенья. цвет 65 ebc привнесет глубокий янтарный до красно-коричневого цвет в готовом пиве. богатый солодовый вкус имеет нотки меда и печенья. цвет 65 ebc		https://бир.рф/shop/925/desc/solod-melanoidinovyj-melanoidin-weyermann-1-kg	65.0 ebc	80.1 %	11.0 %	20.0 %		
790	malt	копченый ячменный / rauchmalz	weyermann	германия	солод копченый	beer.rf	1.0	кг	279.27	rub	базовый светлый солод окуренный на буковых дровах добавит дымный характер пиву с нотками ванили и меда. используется до 100 % в копченном пиве и в небольших пропорциях в специальных сортах пива. цвет 4 - 8 ebc базовый светлый солод окуренный на буковых дровах добавит дымный характер пиву с нотками ванили и меда. используется до 100 % в копченном пиве и в небольших пропорциях в специальных сортах пива. цвет 4 - 8 ebc	буковый копченный ячменный солод производится из немецкого высшего качества ярового ячменя. это солод придает сильный вкус и аромат букового дыма, а также нежные нотки ванили и меда. идеально подходит для копченого пива, специальных сортов пива, как раухбир и цвикельбир. также подходит для широкого круга эля и лагера. аромат: дым, ваниль, мед. стили пива: копчёный пшеничный эль, раухбир, шотландский эль, копчёный эль, копчёный портер, бамбергское копчёное пиво.	https://бир.рф/shop/263/desc/solod-kopchenyj-jachmennyj-rauchmalz-weyermann-1-kg	4.9 ebc					
791	malt	копченый пшеничный / oak smoked wheat	weyermann	германия	солод копченый	beer.rf	1.0	кг	302.81	rub	пшеничный солод дубового копчения производится из выращенной в германии высококачественной пшеницы. этот пшеничный солод известен своими дубовым дымчатым ароматом и вкусом, а также нотками ванили и меда. цвет: 4 - 6 ebc пшеничный солод дубового копчения производится из выращенной в германии высококачественной пшеницы. этот пшеничный солод известен своими дубовым дымчатым ароматом и вкусом, а также нотками ванили и меда. цвет: 4 - 6 ebc	копчёный пшеничный солод weyermann smoked wheat изготовлен из пшеницы высочайшего качества. коптится на дубовых дровах. отличается мягким, лёгким ароматом дыма. придаёт пиву сладкий солодовый вкус с нотами ванили и мёда. аромат: дубовый, дымчатый, ноты ванили и меда стили пива: подходит для пшеничного пива, конечно, как и для любого копченого стиля. также идеально подходит для польского, в последнее время возродившееся, пива в гродзицком (грэтцер) стиле.	https://бир.рф/shop/274/desc/solod-kopchenyj-pshenichnyj-oak-smoked-wheat-weyermann-1-kg	4.9 ebc					
792	malt	карахелль / carahell	weyermann	германия	солод спец. < 50 ebc	beer.rf	25.0	кг	6762.0	rub	придаёт пиву сладкий солодово-карамельный вкус и медный оттенок. обеспечивает стойкость пены. цвет 20 - 30 ebc годен до придаёт пиву сладкий солодово-карамельный вкус и медный оттенок. обеспечивает стойкость пены. цвет 20 - 30 ebc годен до	weyermann® carahell® это барабанного обжига карамельный солод изготовлены из двух-рядного немецкого ячменя, который обеспечивает более полное тело, улучшенный аромат, и увеличенную пивную пену, а также способствует более полному, округлому телу и аромату. carahell® также придает глубокий медный цвет, и нежный ноты карамели. аромат: карамельно-солодовый. стили пива: подходит для многих лагерных и элевых стилей, в частности, хафевайцена.	https://бир.рф/shop/2079/desc/solod-karakhell-carahell-weyermann-25-kg	27.9 ebc					
793	malt	карахелль / carahell	weyermann	германия	солод спец. < 50 ebc	beer.rf	1.0	кг	315.65	rub	придаёт пиву сладкий солодово-карамельный вкус и медный оттенок. обеспечивает стойкость пены. цвет 20 - 30 ebc придаёт пиву сладкий солодово-карамельный вкус и медный оттенок. обеспечивает стойкость пены. цвет 20 - 30 ebc	weyermann® carahell® это барабанного обжига карамельный солод изготовлены из двух-рядного немецкого ячменя, который обеспечивает более полное тело, улучшенный аромат, и увеличенную пивную пену, а также способствует более полному, округлому телу и аромату. carahell® также придает глубокий медный цвет, и нежный ноты карамели. аромат: карамельно-солодовый. стили пива: подходит для многих лагерных и элевых стилей, в частности, хафевайцена.	https://бир.рф/shop/265/desc/solod-karakhell-carahell-weyermann-1-kg	27.9 ebc					
794	malt	карафа спешл тип 3 / carafa special type 3	weyermann	германия	солод жженый > 500 ebc	beer.rf	0.25	кг	78.21	rub	изготовлен из ячменя с удаленной мякинной оболочкой. усиливает типичный аромат темного пива, а также цвет пива. меньше горечи, чем при использовании обычного жженого солода. цвет: 1300 - 1500 ebc изготовлен из ячменя с удаленной мякинной оболочкой. усиливает типичный аромат темного пива, а также цвет пива. меньше горечи, чем при использовании обычного жженого солода. цвет: 1300 - 1500 ebc	weyermann® carafa® special type 3 - это специальный темно-жареный солод сделанный из высококачественного ярового ячменя. солод не содержит мякинную оболочку при обжарки, что приводит к меньшему содержанию солодовой горечи в пиве, в отличие от weyermann® carafa® type 3. как не обрушенная версии carafa®, он производит богатый цвет, крепость, вкус и аромат, но без резкости и терпкости типичного жженого солода. аромат: лёгкий аромат кофе. стили пива: портер, тёмное пиво, бок, стаут, альтбир, шварцбир.	https://бир.рф/shop/721/desc/solod-karafa-speshl-tip-3-carafa-special-type-3-250-g	1427.0 ebc					
795	malt	карафа спешл тип 3 / carafa special type 3	weyermann	германия	солод жженый > 500 ebc	beer.rf	1.0	кг	264.83	rub	изготовлен из ячменя с удаленной мякинной оболочкой. усиливает типичный аромат темного пива, а также цвет пива. меньше горечи, чем при использовании обычного жженого солода. цвет: 1300 - 1500 ebc изготовлен из ячменя с удаленной мякинной оболочкой. усиливает типичный аромат темного пива, а также цвет пива. меньше горечи, чем при использовании обычного жженого солода. цвет: 1300 - 1500 ebc	weyermann® carafa® special type 3 - это специальный темно-жареный солод сделанный из высококачественного ярового ячменя. солод не содержит мякинную оболочку при обжарки, что приводит к меньшему содержанию солодовой горечи в пиве, в отличие от weyermann® carafa® type 3. как не обрушенная версии carafa®, он производит богатый цвет, крепость, вкус и аромат, но без резкости и терпкости типичного жженого солода. аромат: лёгкий аромат кофе. стили пива: портер, тёмное пиво, бок, стаут, альтбир, шварцбир.	https://бир.рф/shop/279/desc/solod-karafa-speshl-tip-3-carafa-special-type-3-1-kg	1427.0 ebc					
796	malt	арома 300 / aroma	ireks	германия	солод спец. 200-500 ebc	beer.rf	1.0	кг	257.0	rub	этот сушёный, а не жжёный солод усиливает солодовый аромат и цвет тёмных сортов пива, не придавая при этом пиву жаренный вкус. цвет 280 ebc. этот сушёный, а не жжёный солод усиливает солодовый аромат и цвет тёмных сортов пива, не придавая при этом пиву жаренный вкус. цвет 280 ebc.	солод aroma от компании ireks - это идеальное решение для усиления аромата и цвета тёмных сортов пива без добавления жареного вкуса. благодаря этому сушеному солоду, процесс достижения идеального оттенка пива становится проще. его глубокий тёмный цвет и насыщенный аромат делают его абсолютным лидером среди специальных сортов. однако, важно отметить, что пиво, приготовленное с использованием солода aroma, не только лишено обжаренного вкуса, но и раздражающего эффекта на вкусовые рецепторы. солод aroma от компании ireks - это идеальное решение для усиления аромата и цвета тёмных сортов пива без добавления жареного вкуса. благодаря этому сушеному солоду, процесс достижения идеального оттенка пива становится проще. его глубокий тёмный цвет и насыщенный аромат делают его абсолютным лидером среди специальных сортов. однако, важно отметить, что пиво, приготовленное с использованием солода aroma, не только лишено обжаренного вкуса, но и раздражающего эффекта на вкусовые рецепторы. солод aroma также придаёт напитку характерный карамельный оттенок, который обычно достигается только при использовании дорогих и трудоемких методов производства. благодаря этому солоду, пиво приобретает особенный вкус и становится ещё более привлекательным для ценителей тёмных сортов. его уникальные характеристики делают его идеальным компонентом для различных типов и стилей пива, включая темные сорта пива, немецкие фестбиры, крепкие и крафтовые сорта пива. солод aroma имеет цветность в диапазоне 260-300 ebc и может использоваться в доле засыпи от 3% до 20%. это позволяет пивовару точно контролировать интенсивность аромата и цвета в своем пиве, чтобы достичь желаемого результата. благодаря его универсальности, солод aroma от компании ireks становится незаменимым ингредиентом в процессе создания высококачественного и ароматного тёмного пива.	https://бир.рф/shop/1533/desc/solod-aroma-300-aroma-ireks-1-kg	260.0-300.0 ebc			3.0 %		
797	malt	овёс несоложенный		несоложенка	1 кг	beer.rf	1.0	кг	49.5	rub	добавка может использоваться в пивоварение для улучшения пеностойкости и придания кремовой текстуры пиву особенно в темных стилях пива. важный ингредиент для приготовления овсяного стаута. добавка может использоваться в пивоварение для улучшения пеностойкости и придания кремовой текстуры пиву особенно в темных стилях пива. важный ингредиент для приготовления овсяного стаута.		https://бир.рф/shop/1933/desc/ovjos-nesolozhennyj-1-kg						
798	malt	ячменный светлый / pilsner malt	староминский солод	россия	солод пильзенский	beer.rf	50.0	кг	4285.0	rub	пильзенский солод от староминской солодовни краснодарского края, подойдет как для производство пива, так и зерновых дистиллятов. цветность: 4 ebc пильзенский солод от староминской солодовни краснодарского края, подойдет как для производство пива, так и зерновых дистиллятов. цветность: 4 ebc	солод ячменный, полученный из специально отобранных пивоваренных сортов ячменя, проходит процесс проращивания при определенных температурных и влажностных режимах, а затем тщательно высушивается. этот высококачественный солод является основным исходным сырьем для производства пива. его высокие стандарты качества подтверждены соответствием требованиям гост 29294-2021. для удобства хранения и транспортировки солод фасуется в фирменные мешки весом 50 кг.	https://бир.рф/shop/1706/desc/colod-jachmennyj-svetlyj-pilsner-malt-starominskij-solod-50-kg	3.5-4.5 евс	81.0-82.0 %	9.0-10.0 %	100.0 %		
799	malt	ячменный светлый / pilsner malt	староминский солод	россия	солод пильзенский	beer.rf	5.0	кг	495.0	rub	пильзенский солод от староминской солодовни краснодарского края, подойдет как для производство пива, так и зерновых дистиллятов. цветность: 4 ebc пильзенский солод от староминской солодовни краснодарского края, подойдет как для производство пива, так и зерновых дистиллятов. цветность: 4 ebc	солод ячменный, полученный из специально отобранных пивоваренных сортов ячменя, проходит процесс проращивания при определенных температурных и влажностных режимах, а затем тщательно высушивается. этот высококачественный солод является основным исходным сырьем для производства пива. его высокие стандарты качества подтверждены соответствием требованиям гост 29294-2021.	https://бир.рф/shop/1714/desc/colod-jachmennyj-svetlyj-pilsner-malt-starominskij-solod-5-kg	3.5-4.5 евс	81.0-82.0 %	9.0-10.0 %	100.0 %		
800	malt	ячменный светлый / pilsner malt	староминский солод	россия	солод пильзенский	beer.rf	25.0	кг	2199.0	rub	пильзенский солод от староминской солодовни краснодарского края, подойдет как для производство пива, так и зерновых дистиллятов. цветность: 4 ebc пильзенский солод от староминской солодовни краснодарского края, подойдет как для производство пива, так и зерновых дистиллятов. цветность: 4 ebc	солод ячменный, полученный из специально отобранных пивоваренных сортов ячменя, проходит процесс проращивания при определенных температурных и влажностных режимах, а затем тщательно высушивается. этот высококачественный солод является основным исходным сырьем для производства пива. его высокие стандарты качества подтверждены соответствием требованиям гост 29294-2021. для удобства хранения и транспортировки солод фасуется в фирменные мешки весом 25 кг.	https://бир.рф/shop/1738/desc/colod-jachmennyj-svetlyj-pilsner-malt-starominskij-solod-25-kg	3.5-4.5 евс	81.0-82.0 %	9.0-10.0 %	100.0 %		
801	malt	ячменный светлый / pilsner malt	староминский солод	россия	солод пильзенский	beer.rf	1.0	кг	115.0	rub	пильзенский солод от староминской солодовни краснодарского края, подойдет как для производство пива, так и зерновых дистиллятов. цветность: 4 ebc пильзенский солод от староминской солодовни краснодарского края, подойдет как для производство пива, так и зерновых дистиллятов. цветность: 4 ebc	солод ячменный, полученный из специально отобранных пивоваренных сортов ячменя, проходит процесс проращивания при определенных температурных и влажностных режимах, а затем тщательно высушивается. этот высококачественный солод является основным исходным сырьем для производства пива. его высокие стандарты качества подтверждены соответствием требованиям гост 29294-2021.	https://бир.рф/shop/1735/desc/colod-jachmennyj-svetlyj-pilsner-malt-starominskij-solod-1-kg	3.5-4.5 евс	81.0-82.0 %	9.0-10.0 %	100.0 %		
802	malt	ржаной ферментированный	староминский солод	россия	солод ржаной	beer.rf	5.0	кг	515.0	rub	применяется в небольшом количестве для придания пиву привкуса бородинского хлеба или хлебной корочки. данный солод часто используют в приготовлении кваса. цвет 10-35 ebc применяется в небольшом количестве для придания пиву привкуса бородинского хлеба или хлебной корочки. данный солод часто используют в приготовлении кваса. цвет 10-35 ebc	ферментированный ржаной солод является важным ингредиентом в различных отраслях пищевой промышленности, таких как хлебопечение и пивоварение. он получается путем специального процесса томления проросшего солода при определенных температурных режимах. в результате этого процесса происходит ферментативный гидролиз, который придает солоду его характерный цвет, вкус и аромат. ферментированный ржаной солод широко используется в хлебопечении, где он придает хлебу особый вкус и аромат. он также является ключевым компонентом в производстве пива, где его добавление в зерновую смесь придает пиву богатый и глубокий вкус. кроме того, этот вид солода используется в процессе приготовления кваса, что добавляет ему особый характер и уникальность. ферментированный ржаной солод является важным ингредиентом в различных отраслях пищевой промышленности, таких как хлебопечение и пивоварение. он получается путем специального процесса томления проросшего солода при определенных температурных режимах. в результате этого процесса происходит ферментативный гидролиз, который придает солоду его характерный цвет, вкус и аромат. ферментированный ржаной солод широко используется в хлебопечении, где он придает хлебу особый вкус и аромат. он также является ключевым компонентом в производстве пива, где его добавление в зерновую смесь придает пиву богатый и глубокий вкус. кроме того, этот вид солода используется в процессе приготовления кваса, что добавляет ему особый характер и уникальность. цвет ферментированного ржаного солода может варьироваться от коричневого до темно-бурого оттенка. этот солод обладает кисло-сладким вкусом и ароматом, напоминающим аромат свежеиспеченного ржаного хлеба. благодаря своим уникальным свойствам, ферментированный ржаной солод является неотъемлемой частью многих рецептов и придает продуктам особую глубину вкуса и аромата. важно отметить, что ферментация ржаного солода не только придает ему характерные качества, но также способствует разложению сложных углеводов на более простые формы, что делает его более усваиваемым организмом. это позволяет получить больше питательных веществ из продуктов, содержащих ферментированный ржаной солод.	https://бир.рф/shop/1741/desc/colod-rzhanoj-fermentirovannyj-starominskij-solod-5-kg	10.0-35.0 ebc	84.0 %		30.0 %		
803	malt	ржаной ферментированный	староминский солод	россия	солод ржаной	beer.rf	17.0	кг	1495.0	rub	применяется в небольшом количестве для придания пиву привкуса бородинского хлеба или хлебной корочки. данный солод часто используют в приготовлении кваса. цвет 10-35 ebc применяется в небольшом количестве для придания пиву привкуса бородинского хлеба или хлебной корочки. данный солод часто используют в приготовлении кваса. цвет 10-35 ebc	ферментированный ржаной солод является важным ингредиентом в различных отраслях пищевой промышленности, таких как хлебопечение и пивоварение. он получается путем специального процесса томления проросшего солода при определенных температурных режимах. в результате этого процесса происходит ферментативный гидролиз, который придает солоду его характерный цвет, вкус и аромат. ферментированный ржаной солод широко используется в хлебопечении, где он придает хлебу особый вкус и аромат. он также является ключевым компонентом в производстве пива, где его добавление в зерновую смесь придает пиву богатый и глубокий вкус. кроме того, этот вид солода используется в процессе приготовления кваса, что добавляет ему особый характер и уникальность. ферментированный ржаной солод является важным ингредиентом в различных отраслях пищевой промышленности, таких как хлебопечение и пивоварение. он получается путем специального процесса томления проросшего солода при определенных температурных режимах. в результате этого процесса происходит ферментативный гидролиз, который придает солоду его характерный цвет, вкус и аромат. ферментированный ржаной солод широко используется в хлебопечении, где он придает хлебу особый вкус и аромат. он также является ключевым компонентом в производстве пива, где его добавление в зерновую смесь придает пиву богатый и глубокий вкус. кроме того, этот вид солода используется в процессе приготовления кваса, что добавляет ему особый характер и уникальность. цвет ферментированного ржаного солода может варьироваться от коричневого до темно-бурого оттенка. этот солод обладает кисло-сладким вкусом и ароматом, напоминающим аромат свежеиспеченного ржаного хлеба. благодаря своим уникальным свойствам, ферментированный ржаной солод является неотъемлемой частью многих рецептов и придает продуктам особую глубину вкуса и аромата. важно отметить, что ферментация ржаного солода не только придает ему характерные качества, но также способствует разложению сложных углеводов на более простые формы, что делает его более усваиваемым организмом. это позволяет получить больше питательных веществ из продуктов, содержащих ферментированный ржаной солод.	https://бир.рф/shop/1742/desc/colod-rzhanoj-fermentirovannyj-starominskij-solod-17-kg	10.0-35.0 ebc	84.0 %		30.0 %		
804	malt	ржаной ферментированный	староминский солод	россия	солод ржаной	beer.rf	1.0	кг	116.0	rub	применяется в небольшом количестве для придания пиву привкуса бородинского хлеба или хлебной корочки. данный солод часто используют в приготовлении кваса. цвет 10-35 ebc применяется в небольшом количестве для придания пиву привкуса бородинского хлеба или хлебной корочки. данный солод часто используют в приготовлении кваса. цвет 10-35 ebc	ферментированный ржаной солод является важным ингредиентом в различных отраслях пищевой промышленности, таких как хлебопечение и пивоварение. он получается путем специального процесса томления проросшего солода при определенных температурных режимах. в результате этого процесса происходит ферментативный гидролиз, который придает солоду его характерный цвет, вкус и аромат. ферментированный ржаной солод широко используется в хлебопечении, где он придает хлебу особый вкус и аромат. он также является ключевым компонентом в производстве пива, где его добавление в зерновую смесь придает пиву богатый и глубокий вкус. кроме того, этот вид солода используется в процессе приготовления кваса, что добавляет ему особый характер и уникальность. ферментированный ржаной солод является важным ингредиентом в различных отраслях пищевой промышленности, таких как хлебопечение и пивоварение. он получается путем специального процесса томления проросшего солода при определенных температурных режимах. в результате этого процесса происходит ферментативный гидролиз, который придает солоду его характерный цвет, вкус и аромат. ферментированный ржаной солод широко используется в хлебопечении, где он придает хлебу особый вкус и аромат. он также является ключевым компонентом в производстве пива, где его добавление в зерновую смесь придает пиву богатый и глубокий вкус. кроме того, этот вид солода используется в процессе приготовления кваса, что добавляет ему особый характер и уникальность. цвет ферментированного ржаного солода может варьироваться от коричневого до темно-бурого оттенка. этот солод обладает кисло-сладким вкусом и ароматом, напоминающим аромат свежеиспеченного ржаного хлеба. благодаря своим уникальным свойствам, ферментированный ржаной солод является неотъемлемой частью многих рецептов и придает продуктам особую глубину вкуса и аромата. важно отметить, что ферментация ржаного солода не только придает ему характерные качества, но также способствует разложению сложных углеводов на более простые формы, что делает его более усваиваемым организмом. это позволяет получить больше питательных веществ из продуктов, содержащих ферментированный ржаной солод.	https://бир.рф/shop/1717/desc/colod-rzhanoj-fermentirovannyj-starominskij-solod-1-kg	10.0-35.0 ebc	84.0 %		30.0 %		
805	malt	ржаной неферментированный	староминский солод	россия	солод ржаной	beer.rf	5.0	кг	515.0	rub	ржаной неферментированный солод является основным сырьём для производства кваса, светлого пива, алкогольных напитков, а также применяется в хлебопечении для придания сладковатого хлебного привкуса. ржаной неферментированный солод является основным сырьём для производства кваса, светлого пива, алкогольных напитков, а также применяется в хлебопечении для придания сладковатого хлебного привкуса.	ржаной неферментированный солод играет важную роль в производстве различных напитков и продуктов питания. он является основным сырьем для производства кваса, светлого пива и алкогольных напитков. кроме того, он также применяется в хлебопечении для добавления сладковатого хлебного привкуса. процесс изготовления ржаного неферментированного солода начинается с проращивания зерна ржи. затем зерно не подвергается ферментации, что позволяет сохранить наибольшее количество ферментов. ржаной неферментированный солод имеет ряд преимуществ по сравнению с другими видами солода. во-первых, он обладает более высоким содержанием ферментов, что способствует лучшему расщеплению крахмала и обеспечивает более эффективное брожение. это особенно важно при производстве алкогольных напитков, где правильное брожение играет ключевую роль в формировании вкуса и аромата. кроме того, ржаной неферментированный солод придает продуктам особый вкус и аромат. его сладковатый привкус делает хлеб более привлекательным для потребителей, а также добавляет интересные нотки в пиво и квас.	https://бир.рф/shop/1716/desc/colod-rzhanoj-nefermentirovannyj-starominskij-solod-5-kg	3.0 ebc	84.0 %				
806	malt	ржаной неферментированный	староминский солод	россия	солод ржаной	beer.rf	20.0	кг	1759.0	rub	ржаной неферментированный солод является основным сырьём для производства кваса, светлого пива, алкогольных напитков, а также применяется в хлебопечении для придания сладковатого хлебного привкуса. ржаной неферментированный солод является основным сырьём для производства кваса, светлого пива, алкогольных напитков, а также применяется в хлебопечении для придания сладковатого хлебного привкуса.	ржаной неферментированный солод играет важную роль в производстве различных напитков и продуктов питания. он является основным сырьем для производства кваса, светлого пива и алкогольных напитков. кроме того, он также применяется в хлебопечении для добавления сладковатого хлебного привкуса. процесс изготовления ржаного неферментированного солода начинается с проращивания зерна ржи. затем зерно не подвергается ферментации, что позволяет сохранить наибольшее количество ферментов. ржаной неферментированный солод имеет ряд преимуществ по сравнению с другими видами солода. во-первых, он обладает более высоким содержанием ферментов, что способствует лучшему расщеплению крахмала и обеспечивает более эффективное брожение. это особенно важно при производстве алкогольных напитков, где правильное брожение играет ключевую роль в формировании вкуса и аромата. кроме того, ржаной неферментированный солод придает продуктам особый вкус и аромат. его сладковатый привкус делает хлеб более привлекательным для потребителей, а также добавляет интересные нотки в пиво и квас.	https://бир.рф/shop/1740/desc/colod-rzhanoj-nefermentirovannyj-starominskij-solod-20-kg	3.0 ebc	84.0 %				
807	malt	ржаной неферментированный	староминский солод	россия	солод ржаной	beer.rf	1.0	кг	116.0	rub	ржаной неферментированный солод является основным сырьём для производства кваса, светлого пива, алкогольных напитков, а также применяется в хлебопечении для придания сладковатого хлебного привкуса. ржаной неферментированный солод является основным сырьём для производства кваса, светлого пива, алкогольных напитков, а также применяется в хлебопечении для придания сладковатого хлебного привкуса.	ржаной неферментированный солод играет важную роль в производстве различных напитков и продуктов питания. он является основным сырьем для производства кваса, светлого пива и алкогольных напитков. кроме того, он также применяется в хлебопечении для добавления сладковатого хлебного привкуса. процесс изготовления ржаного неферментированного солода начинается с проращивания зерна ржи. затем зерно не подвергается ферментации, что позволяет сохранить наибольшее количество ферментов. ржаной неферментированный солод имеет ряд преимуществ по сравнению с другими видами солода. во-первых, он обладает более высоким содержанием ферментов, что способствует лучшему расщеплению крахмала и обеспечивает более эффективное брожение. это особенно важно при производстве алкогольных напитков, где правильное брожение играет ключевую роль в формировании вкуса и аромата. кроме того, ржаной неферментированный солод придает продуктам особый вкус и аромат. его сладковатый привкус делает хлеб более привлекательным для потребителей, а также добавляет интересные нотки в пиво и квас.	https://бир.рф/shop/1715/desc/colod-rzhanoj-nefermentirovannyj-starominskij-solod-1-kg	3.0 ebc	84.0 %				
