	item_type	clean_name	brand	country	subtype	source_domain	weight	units	price	currency	description	full_description	url	attenuation	flocculation	fermentation_temperature	alcohol_tolerance	diastatic	fenolic
20	yeast	ракета turbo	leyka	россия	дрожжи самогонные	beer.rf	100.0	г	170.13	rub	универсальные дрожжи для производства спиртных напитков на основе сахара, сиропов зерновых, солодовых, глюкозно-фруктозного сиропа, варенья, мелассы, сухих экстрактов, экстрактов солодовых, зерновых культур и других видов сырья. годен до универсальные дрожжи для производства спиртных напитков на основе сахара, сиропов зерновых, солодовых, глюкозно-фруктозного сиропа, варенья, мелассы, сухих экстрактов, экстрактов солодовых, зерновых культур и других видов сырья. годен до		https://бир.рф/shop/1191/desc/spirtovye-drozhzhi-raketa-turbo-leyka-100-g						
21	yeast	safbrew la-01	fermentis	бельгия	дрожжи безалкогольные	beer.rf	500.0	г	10001.0	rub	дрожжи для производства безалкольного пива. не сбраживают мальтозу и более сложные сахара, а только самые простые - глюкоза, фруктоза и сахароза, которые в пивном сусле содержатся в меньшем количестве. годен до дрожжи для производства безалкольного пива. не сбраживают мальтозу и более сложные сахара, а только самые простые - глюкоза, фруктоза и сахароза, которые в пивном сусле содержатся в меньшем количестве. годен до		https://бир.рф/shop/1613/desc/pivnye-drozhzhi-safbrew-la-01-fermentis-500-g						
23	yeast	safale bw-20	fermentis	бельгия	дрожжи элевые	beer.rf	500.0	г	10279.5	rub	дрожжи для бельгийского белого пива (витбир). позволяют получить более полнотелое пиво с тонкими фенольными нотами. диапазон брожения: 18-26°c годен до дрожжи для бельгийского белого пива (витбир). позволяют получить более полнотелое пиво с тонкими фенольными нотами. диапазон брожения: 18-26°c годен до	специальные дрожжи, отобранные для производства пшеничного пива, играют ключевую роль в создании уникального вкусового профиля этого напитка. их нейтральный фруктовый вкус, оттененный специфическими фенольными нотами, придает пиву особую изысканность. нотки гвоздики и перца, возникают благодаря аккуратному взаимодействию дрожжей с компонентами сусла, создавая богатую палитру ароматов. особенностью этих дрожжей является их способность не полностью ферментировать мальтотриозу, что вносит дополнительные нюансы во вкус готового продукта. это сочетание сладости и лёгкой терпкости заполняет пьющий глоток, оставляя приятное послевкусие. дрожжи со средней седиментацией при ресуспендировании в пиве не образуют комков, что обеспечивает однородную текстуру и визуальную привлекательность. пудровая дымка, возникающая в результате брожения, добавляет эстетический элемент, характерный для пшеничных стилей пива. таким образом, использование этих специализированных дрожжей не только обогащает вкус пшеничного пива, но и создает целостную визуальную привлекательность, которая способна очаровать даже самых требовательных ценителей пшеничного пива. специальные дрожжи, отобранные для производства пшеничного пива, играют ключевую роль в создании уникального вкусового профиля этого напитка. их нейтральный фруктовый вкус, оттененный специфическими фенольными нотами, придает пиву особую изысканность. нотки гвоздики и перца, возникают благодаря аккуратному взаимодействию дрожжей с компонентами сусла, создавая богатую палитру ароматов. особенностью этих дрожжей является их способность не полностью ферментировать мальтотриозу, что вносит дополнительные нюансы во вкус готового продукта. это сочетание сладости и лёгкой терпкости заполняет пьющий глоток, оставляя приятное послевкусие. дрожжи со средней седиментацией при ресуспендировании в пиве не образуют комков, что обеспечивает однородную текстуру и визуальную привлекательность. пудровая дымка, возникающая в результате брожения, добавляет эстетический элемент, характерный для пшеничных стилей пива. таким образом, использование этих специализированных дрожжей не только обогащает вкус пшеничного пива, но и создает целостную визуальную привлекательность, которая способна очаровать даже самых требовательных ценителей пшеничного пива. стили пива: витбир, бланш	https://бир.рф/shop/1786/desc/pivnye-drozhzhi-safale-bw-20-fermentis-500-g	77.0-83.0 %	низкая	18.0-26.0 °c			
25	yeast	philly sour	lallemand	австрия	дрожжи элевые	beer.rf	11.0	г	549.0	rub	"дрожжи lallemand ""philly sour"" используются для производства кислых сортов пива. диапазон брожения: 20-25°c. годен до дрожжи lallemand ""philly sour"" используются для производства кислых сортов пива. диапазон брожения: 20-25°c. годен до"	"первые дрожжи из линейки wildbrew - идеальный выбор для тех, кто стремится к инновационному и освежающему вкусу кислых сортов пива с нотками косточковых фруктов. ""philly sour"" - это дрожжи с высокой степенью сбраживания, отличной флокуляцией и прекрасным образованием пены. они идеально подходят для кислотных стилей пива, таких как берлинский вайс, гозе, американский ламбик и американский дикий эль. кроме того, благодаря своей устойчивости к хмелю, ""philly sour"" являются идеальным выбором для создания кислых ipa. это открывает новые возможности для пивоваров, которые хотят создавать пиво с яркими ароматами хмеля, сопровождаемыми приятной кислотностью. благодаря этим дрожжам, пивовары могут экспериментировать с различными сочетаниями хмеля и кислотности, чтобы создать уникальные сорта пива. первые дрожжи из линейки wildbrew - идеальный выбор для тех, кто стремится к инновационному и освежающему вкусу кислых сортов пива с нотками косточковых фруктов. ""philly sour"" - это дрожжи с высокой степенью сбраживания, отличной флокуляцией и прекрасным образованием пены. они идеально подходят для кислотных стилей пива, таких как берлинский вайс, гозе, американский ламбик и американский дикий эль. кроме того, благодаря своей устойчивости к хмелю, ""philly sour"" являются идеальным выбором для создания кислых ipa. это открывает новые возможности для пивоваров, которые хотят создавать пиво с яркими ароматами хмеля, сопровождаемыми приятной кислотностью. благодаря этим дрожжам, пивовары могут экспериментировать с различными сочетаниями хмеля и кислотности, чтобы создать уникальные сорта пива. стили пива: берлинский вайс, гозе, американский ламбик, американский дикий эль, кислый ipa"	https://бир.рф/shop/320/desc/pivnye-drozhzhi-philly-sour-lallemand-11-g	85.0 %	высокая	20.0-25.0 °c			
27	yeast	munich classic wheat beer	lallemand	австрия	дрожжи элевые	beer.rf	11.0	г	549.0	rub	пшеничные дрожжи разработаны в баварии и используются на ряде коммерческих пивоваренных заводов для производства немецкого пшеничного пива. диапазон брожения: 17-22°c. годен до пшеничные дрожжи разработаны в баварии и используются на ряде коммерческих пивоваренных заводов для производства немецкого пшеничного пива. диапазон брожения: 17-22°c. годен до	пивные дрожжи munich classic wheat beer - являются одним из ключевых ингредиентов для приготовления немецкого пшеничного пива и широко используются на различных коммерческих пивоваренных заводах. эти дрожжи прошли специальные процессы разведения и сушки, которые были разработаны с целью обеспечить высочайшее качество, необходимое для производства пшеничного пива. пивные дрожжи munich classic wheat beer - являются одним из ключевых ингредиентов для приготовления немецкого пшеничного пива и широко используются на различных коммерческих пивоваренных заводах. эти дрожжи прошли специальные процессы разведения и сушки, которые были разработаны с целью обеспечить высочайшее качество, необходимое для производства пшеничного пива. исключительные свойства пшеничных пивных дрожжей munich german делают их идеальным выбором для пивоваров, стремящихся создать пиво высшего класса. эти дрожжи обладают высокой бродильной активностью, что способствует равномерному и полному превращению сахаров в алкоголь и углекислый газ. благодаря этому, пиво приобретает свежий и характерный вкус, который так любят ценители пшеничного пива. пивные дрожжи munich classic wheat beer - являются одним из ключевых ингредиентов для приготовления немецкого пшеничного пива и широко используются на различных коммерческих пивоваренных заводах. эти дрожжи прошли специальные процессы разведения и сушки, которые были разработаны с целью обеспечить высочайшее качество, необходимое для производства пшеничного пива. исключительные свойства пшеничных пивных дрожжей munich german делают их идеальным выбором для пивоваров, стремящихся создать пиво высшего класса. эти дрожжи обладают высокой бродильной активностью, что способствует равномерному и полному превращению сахаров в алкоголь и углекислый газ. благодаря этому, пиво приобретает свежий и характерный вкус, который так любят ценители пшеничного пива. стили пива: баварские пшеничные стили	https://бир.рф/shop/318/desc/pivnye-drozhzhi-munich-classic-wheat-beer-lallemand-11-g	75.0 %	низкая	17.0-22.0 °c	12.0 %		
29	yeast	lalbrew cbc-1	lallemand	австрия	дрожжи элевые	beer.rf	11.0	г	524.0	rub	нейтральные дрожжи для дображивания (карбонизации) пива и первичной ферментации сухих сидров, медовухи и хард-зельцера, не меняют вкус и устойчивы к алкоголю. годен до нейтральные дрожжи для дображивания (карбонизации) пива и первичной ферментации сухих сидров, медовухи и хард-зельцера, не меняют вкус и устойчивы к алкоголю. годен до	lalbrew cbc-1 - дрожжи из коллекции lallemand, специально отобранные для дображивания (карбонизации) в бутылке и кеге благодаря устойчивости к алкоголю и давлению. обладают нейтральным вкусом и не сбраживают мальтотризу, поэтому сохраняют оригинальный профиль пива после повторного брожения. образуют плотный осадок на дне бутылки или кеги. также подходят для первичного брожения сидра, медовухи и хард-зельцера, обеспечивая высокую степень сбраживания и чистый нейтральный вкус при наличии питательных веществ.	https://бир.рф/shop/1974/desc/pivnye-drozhzhi-lalbrew-cbc-1-lallemand-11-g		высокая	20.0-30.0 °с	12.0-14.0 %		
31	yeast	dy 3011 ale yeast	asp lab	россия	дрожжи элевые	beer.rf	11.0	г	267.5	rub	универсальный и высокоэффективный штамм дрожжей верхового брожения. годен до универсальный и высокоэффективный штамм дрожжей верхового брожения. годен до	дрожжи dy 3011 ale yeast от asp lab - это особый штамм дрожжей, который обладает безупречным и гармоничным вкусом. он способен адаптироваться к различным стилям элей, что делает его ценным и универсальным инструментом для пивоваров. дрожжи dy 3011 ale yeast от asp lab - это особый штамм дрожжей, который обладает безупречным и гармоничным вкусом. он способен адаптироваться к различным стилям элей, что делает его ценным и универсальным инструментом для пивоваров. 1. аромат и вкус: 2. сушка дрожжей: 3. степень сбраживания: 4. флокуляция: 5. температура брожения: 6. дополнительная информация:	https://бир.рф/shop/1729/desc/pivnye-drozhzhi-dy-3011-ale-yeast-asp-lab-11-g						
32	yeast	dy 2001 wheat yeast	asp lab	россия	дрожжи пшеничные	beer.rf	11.0	г	267.5	rub	высокоэффективный штамм дрожжей верхового брожения для пшеничных сортов пива в немецком стиле. годен до высокоэффективный штамм дрожжей верхового брожения для пшеничных сортов пива в немецком стиле. годен до	пивные дрожжи dy 2001 wheat yeast от asp lab - это незаменимый помощник для создания превосходного пшеничного пива, характерного для немецкой пивоваренной традиции. этот штамм отличается исключительными свойствами, которые гарантируют высококачественный результат с минимальными затратами времени и усилий. пивные дрожжи dy 2001 wheat yeast от asp lab - это незаменимый помощник для создания превосходного пшеничного пива, характерного для немецкой пивоваренной традиции. этот штамм отличается исключительными свойствами, которые гарантируют высококачественный результат с минимальными затратами времени и усилий. 1. аромат и вкус: 2. сушка дрожжей: 3. степень сбраживания: 4. флокуляция: 5. температура брожения:	https://бир.рф/shop/1730/desc/pivnye-drozhzhi-dy-2001-wheat-yeast-asp-lab-11-g		высокое				
35	yeast	dark ale bvg-02	beervingem	россия	дрожжи элевые	beer.rf	10.0	г	170.13	rub	дрожжевой штамм bvg05 для тёмных элей годен до дрожжевой штамм bvg05 для тёмных элей годен до	пивные дрожжи dark ale bvg-02 - уникальный штамм пивных дрожжей, созданный специально для приготовления тёмных элей с необычайным солодовым вкусом и ароматом. это великолепное сочетание дарит самым изысканным гурманам возможность насладиться неповторимым опытом погружения в мир страстных и богатых оттенков. на объём: 23 л	https://бир.рф/shop/1089/desc/pivnye-drozhzhi-dark-ale-bvg-02-beervingem-10-g	74.0-78.0 %		18.0-23.0 °c			
36	yeast	abbaye belgian ale	lallemand	австрия	дрожжи элевые	beer.rf	11.0	г	549.0	rub	дрожжи дают отличный результат при приготовлении пива в бельгийском стиле в том числе пива с высокой плотностью, таких как dubbel, трипель и quads. диапазон брожения: 17-25°c. годен до дрожжи дают отличный результат при приготовлении пива в бельгийском стиле в том числе пива с высокой плотностью, таких как dubbel, трипель и quads. диапазон брожения: 17-25°c. годен до	пивные дрожжи abbaye belgian ale - представляющие собой аббатский стиль, являются одним из важнейших компонентов бельгийского пива. эти дрожжи обеспечивают отличные результаты при варке пива в бельгийском стиле, включая пиво с высокой плотностью, такие как dubbel, трипель и quads. их уникальные свойства придают пиву сложный аромат, включающий нотки перца, банана, гвоздики, алкоголя и сухофруктов. пивные дрожжи abbaye belgian ale известны своей способностью работать в условиях высокой плотности сусла, что позволяет получить пиво с более высоким содержанием сахара и алкоголя. это особенно важно для пивоваров, стремящихся создать насыщенные и крепкие сорта пива. пивные дрожжи abbaye belgian ale - представляющие собой аббатский стиль, являются одним из важнейших компонентов бельгийского пива. эти дрожжи обеспечивают отличные результаты при варке пива в бельгийском стиле, включая пиво с высокой плотностью, такие как dubbel, трипель и quads. их уникальные свойства придают пиву сложный аромат, включающий нотки перца, банана, гвоздики, алкоголя и сухофруктов. пивные дрожжи abbaye belgian ale известны своей способностью работать в условиях высокой плотности сусла, что позволяет получить пиво с более высоким содержанием сахара и алкоголя. это особенно важно для пивоваров, стремящихся создать насыщенные и крепкие сорта пива. стили пива: бельгийские эли	https://бир.рф/shop/311/desc/pivnye-drozhzhi-abbaye-belgian-ale-lallemand-11-g	88.0 %	средняя	17.0-25.0 °с	14.0 %		
38	yeast	safkvas c-73	beergineer	россия	дрожжи квасные	beer.rf	50.0	г	631.3	rub	идеально подходят для кваса. отличаются выраженной способностью к хорошему оседанию частиц, из-за которого последующие процессы фильтрования и осветления проходят максимально просто. годен до идеально подходят для кваса. отличаются выраженной способностью к хорошему оседанию частиц, из-за которого последующие процессы фильтрования и осветления проходят максимально просто. годен до	уникальный штамм сафквас с-73 подобран на основе его способности к брожению, особым седиментационным свойствам и высокой степени колонизации. этот штамм не только оптимизирует процесс осветления и фильтрации, но и придает напитку особый вкусовой профиль благодаря традиционным ароматическим компонентам. уникальный штамм сафквас с-73 подобран на основе его способности к брожению, особым седиментационным свойствам и высокой степени колонизации. этот штамм не только оптимизирует процесс осветления и фильтрации, но и придает напитку особый вкусовой профиль благодаря традиционным ароматическим компонентам. сухие дрожжи могут быть добавлены прямо в бродильный танк. постепенно добавьте сухие дрожжи в питательную жидкость, поддерживая температуру 25°c +/- 5°c и обеспечивая равномерное распределение по поверхности жидкости для избежания образования комков. оставьте на 15 - 30 минут, затем перемешайте. альтернативный способ заключается в предварительном разведении дрожжей в отдельном сосуде. разведите дрожжи в воде или сусле при температуре 25°c +/- 5°c, используя пропорцию 1 объем дрожжей на 10 объемов жидкости. после образования дрожжевой суспензии, перемешивайте в течение 30 минут. разведенные дрожжи готовы для добавления в бродильный аппарат.	https://бир.рф/shop/1618/desc/kvasnye-drozhzhi-safkvas-c-73-fermentis-50-g			25.0-5.0 °c			
40	yeast	safkvas c-73	beergineer	россия	дрожжи квасные	beer.rf	5.0	г	110.0	rub	идеально подходят для кваса. отличаются выраженной способностью к хорошему оседанию частиц, из-за которого последующие процессы фильтрования и осветления проходят максимально просто. годен до идеально подходят для кваса. отличаются выраженной способностью к хорошему оседанию частиц, из-за которого последующие процессы фильтрования и осветления проходят максимально просто. годен до	уникальный штамм сафквас с-73 подобран на основе его способности к брожению, особым седиментационным свойствам и высокой степени колонизации. этот штамм не только оптимизирует процесс осветления и фильтрации, но и придает напитку особый вкусовой профиль благодаря традиционным ароматическим компонентам. уникальный штамм сафквас с-73 подобран на основе его способности к брожению, особым седиментационным свойствам и высокой степени колонизации. этот штамм не только оптимизирует процесс осветления и фильтрации, но и придает напитку особый вкусовой профиль благодаря традиционным ароматическим компонентам. сухие дрожжи могут быть добавлены прямо в бродильный танк. постепенно добавьте сухие дрожжи в питательную жидкость, поддерживая температуру 25°c +/- 5°c и обеспечивая равномерное распределение по поверхности жидкости для избежания образования комков. оставьте на 15 - 30 минут, затем перемешайте. альтернативный способ заключается в предварительном разведении дрожжей в отдельном сосуде. разведите дрожжи в воде или сусле при температуре 25°c +/- 5°c, используя пропорцию 1 объем дрожжей на 10 объемов жидкости. после образования дрожжевой суспензии, перемешивайте в течение 30 минут. разведенные дрожжи готовы для добавления в бродильный аппарат.	https://бир.рф/shop/1617/desc/kvasnye-drozhzhi-safkvas-c-73-fermentis-5-g			25.0-5.0 °c			
41	yeast	спиртовые safspirit hg-1	fermentis	мексика	дрожжи самогонные	beer.rf	500.0	г	3139.5	rub	универсальный штамм дрожжей, который подойдет для сбраживания всех видов браг за счет нейтрального аромата, энергичного брожения и высокой устойчивости к алкоголю. годен до универсальный штамм дрожжей, который подойдет для сбраживания всех видов браг за счет нейтрального аромата, энергичного брожения и высокой устойчивости к алкоголю. годен до		https://бир.рф/shop/1955/desc/drozhzhi-spirtovye-safspirit-hg-1-fermentis-500-g			25.0-35.0 °c	18.0 %		
43	yeast	спиртовые safspirit hg-1	beergineer	мексика	дрожжи самогонные	beer.rf	50.0	г	524.3	rub	универсальный штамм дрожжей, который подойдет для сбраживания всех видов браг за счет нейтрального аромата, энергичного брожения и высокой устойчивости к алкоголю. один пакет рассчитан на 100-120 л браги. годен до универсальный штамм дрожжей, который подойдет для сбраживания всех видов браг за счет нейтрального аромата, энергичного брожения и высокой устойчивости к алкоголю. один пакет рассчитан на 100-120 л браги. годен до		https://бир.рф/shop/1964/desc/drozhzhi-spirtovye-safspirit-hg-1-fermentis-beergineer-50-g			25.0-35.0 °c	18.0 %		
45	yeast	спиртовые safspirit fd-3	fermentis	бельгия	дрожжи фруктовые	beer.rf	500.0	г	4714.5	rub	для брожения кальвадоса, бренди и любых других фруктовых дистиллятов. ароматика нейтральная, позволяющая подчеркнуть профиль начального сырья. годен до для брожения кальвадоса, бренди и любых других фруктовых дистиллятов. ароматика нейтральная, позволяющая подчеркнуть профиль начального сырья. годен до		https://бир.рф/shop/1954/desc/drozhzhi-spirtovye-safspirit-fd-3-fermentis-500-g						
47	yeast	спиртовые safspirit fd-3	beergineer	бельгия	дрожжи фруктовые	beer.rf	50.0	г	631.3	rub	для брожения кальвадоса, бренди и любых других фруктовых дистиллятов. ароматика нейтральная, позволяющая подчеркнуть профиль начального сырья. один пакет рассчитан на 100-120 л браги. годен до для брожения кальвадоса, бренди и любых других фруктовых дистиллятов. ароматика нейтральная, позволяющая подчеркнуть профиль начального сырья. один пакет рассчитан на 100-120 л браги. годен до		https://бир.рф/shop/1972/desc/drozhzhi-spirtovye-safspirit-fd-3-fermentis-beergineer-50-g						
50	yeast	для виски safspirit usw-6	fermentis	бельгия	дрожжи вискарные	beer.rf	500.0	г	4189.5	rub	самый известный и наиболее продуктивный штамм для производства американского виски. лучший выбор для бурбона и других сортов американского виски. годен до самый известный и наиболее продуктивный штамм для производства американского виски. лучший выбор для бурбона и других сортов американского виски. годен до	"в мире виски, особенно в его американской ипостаси, существует бесчисленное множество факторов, влияющих на конечный вкус, аромат и характер напитка. один из важнейших элементов в этой сложной алхимии - выбор правильных дрожжей. и на этой сцене заслуженное внимание завоевывает один из самых популярных и продуктивных штаммов, ставший настоящей иконой для производителей бурбона и других американских стилей виски. данный штамм, принадлежащий к виду *saccharomyces cerevisiae*, прославился своей способностью создавать мягкий и деликатный профиль дистиллятов. именно он ответственен за ту самую ""душу"" американского виски, которая покорила сердца миллионов ценителей по всему миру. секрет успеха этого штамма кроется не только в его вкусовых качествах, но и в невероятной универсальности. он идеально подходит для работы с различными видами зерна: кукурузой, рожью, пшеницей, ячменем - и демонстрирует отличные результаты как в чистых, так и в купажированных составах. несмотря на свою ""американскую прописку"", этот штамм с легкостью выходит за географические рамки и прекрасно проявляет себя в производстве всех видов зерновых дистиллятов, выдержанных в бочках. так что его можно смело назвать ""гражданином мира"" в мире виски. как и любой артист, дрожжи для раскрытия своего полного потенциала нуждаются в определенных условиях. оптимальная температура брожения для данного штамма составляет 20-32°c. важно отметить, что эти дрожжи способны ""работать"" и при более низких температурах, однако, в этом случае скорость брожения замедляется. а вот повышение температуры выше рекомендуемого диапазона может привести к снижению общего выхода спирта. для достижения наилучших результатов производитель рекомендует использовать 30-50 грамм дрожжей на 100 литров сусла. производитель уделяет особое внимание контролю качества и безопасности своей продукции. каждый этап производства, от отбора сырья до упаковки, проходит строгий контроль, а готовые дрожжи подвергаются тщательному микробиологическому анализу. результаты анализа:"	https://бир.рф/shop/1750/desc/drozhzhi-dlja-viski-safspirit-usw-6-fermentis-500-g			10.0 °c			
52	yeast	для виски safspirit m-1	fermentis	франция	дрожжи вискарные	beer.rf	500.0	г	4819.5	rub	наиболее известный и неизменный штамм для производства шотландского и односолодового виски. производит дистилляты высокого качества, подходящие для бочковой выдержки виски. годен до наиболее известный и неизменный штамм для производства шотландского и односолодового виски. производит дистилляты высокого качества, подходящие для бочковой выдержки виски. годен до	одним из ключевых компонентов, определяющих вкус и качество напитка, являются дрожжи. именно штамм дрожжей fermentis safspirit m-1 заслуженно считается одним из лучших для производства шотландского и односолодового виски. одним из ключевых компонентов, определяющих вкус и качество напитка, являются дрожжи. именно штамм дрожжей fermentis safspirit m-1 заслуженно считается одним из лучших для производства шотландского и односолодового виски. помимо своей широкой популярности в шотландии, эти дрожжи предлагают уникальные характеристики, делающие их идеальным выбором для производства различных типов виски и зерновых дистиллятов. они обладают отличной толерантностью к алкоголю, что позволяет достичь содержания спирта до 15% об. в конечном продукте.	https://бир.рф/shop/1718/desc/drozhzhi-dlja-viski-safspirit-m-1-fermentis-500-g			20.0 °c	15.0 %		
54	yeast	для виски safspirit m-1	beergineer	бельгия	дрожжи вискарные	beer.rf	50.0	г	599.2	rub	наиболее известный и неизменный штамм для производства шотландского и односолодового виски. производит дистилляты высокого качества, подходящие для бочковой выдержки виски. годен до наиболее известный и неизменный штамм для производства шотландского и односолодового виски. производит дистилляты высокого качества, подходящие для бочковой выдержки виски. годен до	выбор дрожжей - это, пожалуй, один из самых важных, но часто недооцененных этапов производства виски. от этого незаметного на первый взгляд компонента зависит не только выход спирта, но и целый букет ароматов и вкусовых оттенков, определяющих характер будущего напитка. именно поэтому опытным дистиллерам хорошо известен штамм fermentis safspirit m-1, заслуженно снискавший репутацию одного из лучших вариантов для создания шотландского и односолодового виски. но его возможности этим не ограничиваются. выбор дрожжей - это, пожалуй, один из самых важных, но часто недооцененных этапов производства виски. от этого незаметного на первый взгляд компонента зависит не только выход спирта, но и целый букет ароматов и вкусовых оттенков, определяющих характер будущего напитка. именно поэтому опытным дистиллерам хорошо известен штамм fermentis safspirit m-1, заслуженно снискавший репутацию одного из лучших вариантов для создания шотландского и односолодового виски. но его возможности этим не ограничиваются. этот штамм дрожжей обладает рядом уникальных свойств, делающих его незаменимым инструментом в руках опытного мастера: выбор дрожжей - это, пожалуй, один из самых важных, но часто недооцененных этапов производства виски. от этого незаметного на первый взгляд компонента зависит не только выход спирта, но и целый букет ароматов и вкусовых оттенков, определяющих характер будущего напитка. именно поэтому опытным дистиллерам хорошо известен штамм fermentis safspirit m-1, заслуженно снискавший репутацию одного из лучших вариантов для создания шотландского и односолодового виски. но его возможности этим не ограничиваются. этот штамм дрожжей обладает рядом уникальных свойств, делающих его незаменимым инструментом в руках опытного мастера: для достижения наилучших результатов производитель рекомендует использовать 30-50 грамм дрожжей на 100 литров сусла. производитель уделяет особое внимание контролю качества и безопасности своей продукции. каждый этап производства, от отбора сырья до упаковки, проходит строгий контроль, а готовые дрожжи подвергаются тщательному микробиологическому анализу. результаты анализа:	https://бир.рф/shop/2042/desc/drozhzhi-dlja-viski-safspirit-m-1-fermentis-beergineer-50-g			10.0 °c			
55	yeast	для водки / vodka	bragman	великобритания	дрожжи водочные	beer.rf	66.0	г	212.93	rub	для получения спирта ректификата из сахарной браги, создают чистый продукт с минимальным содержанием сивушных масел и спиртов. рассчитаны на 6 кг сахара. диапазон брожения 20-30°c. годен до для получения спирта ректификата из сахарной браги, создают чистый продукт с минимальным содержанием сивушных масел и спиртов. рассчитаны на 6 кг сахара. диапазон брожения 20-30°c. годен до		https://бир.рф/shop/349/desc/spirtovye-drozhzhi-dlja-vodki-vodka-bragman-66-g			20.0-30.0 °c			
58	yeast	бражные	leyka	россия	дрожжи самогонные	beer.rf	100.0	г	108.9	rub	универсальные дрожжи для приготовления домашних алкогольных напитков из любого сахаросодержащего сырья. годен до универсальные дрожжи для приготовления домашних алкогольных напитков из любого сахаросодержащего сырья. годен до	"спиртовые дрожжи бражные - это универсальные дрожжи, которые идеально подходят для приготовления домашних алкогольных напитков из различных сахаросодержащих продуктов. вы можете использовать их для производства алкоголя из сахара, глюкозно-фруктозного сиропа, варенья, зерновых сиропов, солодовых экстрактов, тростниковой мелассы и декстрозы. бражные дрожжи не только подходят для основных видов напитков, но и являются отличным выбором для приготовления экзотических крепких напитков, таких как ром, кашаса, текила, виски и другие. они помогут сохранить вкус и аромат исходного сырья, что является важным аспектом при производстве алкоголя в домашних условиях. они не придают браге дрожжевой оттенок, который может быть заметен при использовании чистых сухих спиртовых или хлебопекарных дрожжей без подкормки. это достигается благодаря тому, что дозировка активных дрожжей в ""бражных"" дрожжах в три раза меньше, чем при использовании других видов дрожжей."	https://бир.рф/shop/1235/desc/spirtovye-drozhzhi-brazhnye-leyka-100-g						
60	yeast	turbo	bragman	великобритания	дрожжи самогонные	beer.rf	115.0	г	255.73	rub	имеют высокую устойчивость к этанолу и включают в себя все макро и микро элементы, чтобы максимально быстро получить брагу из любого продукта содержащего сахара. рассчитаны на 25 л браги или 7 кг сахара. диапазон брожения 20-35°c. годен до имеют высокую устойчивость к этанолу и включают в себя все макро и микро элементы, чтобы максимально быстро получить брагу из любого продукта содержащего сахара. рассчитаны на 25 л браги или 7 кг сахара. диапазон брожения 20-35°c. годен до		https://бир.рф/shop/348/desc/spirtovye-drozhzhi-turbo-bragman-115-g			20.0-35.0 °c			
61	yeast	samogon	bragman	великобритания	дрожжи самогонные	beer.rf	70.0	г	224.7	rub	одна пачка предназначена на 25 л браги и позволяет переработать до 6 кг сахара или декстрозы годен до одна пачка предназначена на 25 л браги и позволяет переработать до 6 кг сахара или декстрозы годен до	спиртовые дрожжи samogon - являются идеальным выбором для тех, кто хочет приготовить превосходный самогон. эти спиртовые активные сухие дрожжи содержат специально подобранный комплекс питательных веществ, которые обеспечивают не только быстрое и эффективное брожение, но и помогают получить спирт с минимальным содержанием сивушных масел, даже при использовании сырья среднего качества.	https://бир.рф/shop/1067/desc/spirtovye-drozhzhi-samogon-bragman-70-g			15.0-33.0 с	14.0 %		
64	yeast	kodzi neo	nomikai	китай	дрожжи кодзи	beer.rf	50.0	г	127.33	rub	спиртовые дрожжи кодзи nomikai classic предназначены для сбраживания риса, муки, ячменя, пшеницы и иного несоложеного сырья. nomikai neo можно использовать без предварительной термической обработки. годен до спиртовые дрожжи кодзи nomikai classic предназначены для сбраживания риса, муки, ячменя, пшеницы и иного несоложеного сырья. nomikai neo можно использовать без предварительной термической обработки. годен до		https://бир.рф/shop/1723/desc/spirtovye-drozhzhi-kodzi-neo-nomikai-50-g						
66	yeast	fruity turbo	bragman	великобритания	дрожжи для фруктов	beer.rf	72.0	г	319.93	rub	идеальный выбор для производства браги из фруктов и ягод. их высокая толерантность к этанолу, устойчивость к сложным условиям ферментации и широкий температурный диапазон делают их незаменимыми для получения качественного напитка. годен до идеальный выбор для производства браги из фруктов и ягод. их высокая толерантность к этанолу, устойчивость к сложным условиям ферментации и широкий температурный диапазон делают их незаменимыми для получения качественного напитка. годен до		https://бир.рф/shop/345/desc/spirtovye-drozhzhi-fruity-turbo-bragman-72-g						
68	yeast	48 universal	bragman	великобритания	дрожжи самогонные	beer.rf	135.0	г	283.55	rub	универсальные спиртоустойчивые дрожжи для сахарных и зерновых браг. сбраживают до 9 кг сахара. диапазон брожения 20-30°c. годен до универсальные спиртоустойчивые дрожжи для сахарных и зерновых браг. сбраживают до 9 кг сахара. диапазон брожения 20-30°c. годен до		https://бир.рф/shop/344/desc/spirtovye-drozhzhi-48-universal-bragman-135-g			20.0-30.0 °c			
71	yeast	24 sprinter	bragman	великобритания	дрожжи самогонные	beer.rf	205.0	г	358.0	rub	спиртовые дрожжи для сахарных браг, обладающие высокой устойчивостью к алкоголю и быстрой скоростью сбраживания до 6 кг сахара. диапазон брожения 20-30°c. годен до спиртовые дрожжи для сахарных браг, обладающие высокой устойчивостью к алкоголю и быстрой скоростью сбраживания до 6 кг сахара. диапазон брожения 20-30°c. годен до		https://бир.рф/shop/337/desc/spirtovye-drozhzhi-24-sprinter-bragman-205-g			20.0-30.0 °c			
73	yeast	wheat ale	leyka	россия	дрожжи элевые	beer.rf	11.0	г	159.43	rub	специальный штамм дрожжей верхового брожения способный подчеркнуть характерные для пшеничного пива нотки банана и гвоздики во вкусе и аромате. годен до специальный штамм дрожжей верхового брожения способный подчеркнуть характерные для пшеничного пива нотки банана и гвоздики во вкусе и аромате. годен до	"пивные дрожжи wheat ale (leyka) - являются активными дрожжами, которые используются при верховом брожении, чтобы придать пшеничному элю особый вкус и аромат. в процессе брожения, эти дрожжи производят большое количество эфиров и высших спиртов, которые придают пиву выразительный вкус и легкий цветочный аромат. особенный штамм дрожжей, используемый в ""пшеничном эле"", способен раскрыть нотки банана и гвоздики, характерные для пшеничного пива. эти ароматы и вкус будут ярко выражены на фоне хлебного привкуса и аромата пива."	https://бир.рф/shop/1297/desc/pivnye-drozhzhi-wheat-ale-leyka-11-g	68.0-75.0 %			7.0 %		
75	yeast	universal bvg-01	beervingem	россия	дрожжи элевые	beer.rf	10.0	г	202.23	rub	уникальный штамм дрожжей для большинства стилей пива. годен до уникальный штамм дрожжей для большинства стилей пива. годен до	пивные дрожжи universal bvg-01 уникальным штаммом пивных дрожжей, специально разработанным для создания эля с идеально сбалансированным вкусом и потрясающей глубиной. безусловно, эти дрожжи подходят для использования в большинстве пивных стилей. на объём: 23 л	https://бир.рф/shop/1034/desc/pivnye-drozhzhi-universal-bvg-01-beervingem-10-g	75.0-80.0 %		15.0-25.0 °c			
227	yeast	belgian abbey m47	mangrove jacks	великобритания	дрожжи элевые	beer.rf	10.0	г	330.0	rub	умеренно спиртоустойчивые дрожжи с меньшим количеством фенолов, чем у belgian ale, очень фруктовые со сложным букетом эфиров и высоким уровнем флокуляции. диапазон брожения: 18-25°c. годен до умеренно спиртоустойчивые дрожжи с меньшим количеством фенолов, чем у belgian ale, очень фруктовые со сложным букетом эфиров и высоким уровнем флокуляции. диапазон брожения: 18-25°c. годен до	belgian abbey m47 - это штамм дрожжей, который отличается умеренной спиртоустойчивостью и содержит меньше фенолов, чем belgian ale. однако они обладают очень фруктовым профилем с комплексным букетом эфиров и высокой флокуляцией. подходят для бельгийского светлого эля и аббатского эля	https://бир.рф/shop/299/desc/pivnye-drozhzhi-belgian-abbey-m47-mangrove-jacks-10-g			18.0-25.0 °c			
229	yeast	bavarian wheat m20	mangrove jacks	великобритания	дрожжи элевые	beer.rf	10.0	г	330.0	rub	активные сухие пивные дрожжи, содействуют повышенному уровня эфиров и фенолам гвоздики для улучшения сложного немецкого пшеничного пива. диапазон брожения: 18-30°c. годен до активные сухие пивные дрожжи, содействуют повышенному уровня эфиров и фенолам гвоздики для улучшения сложного немецкого пшеничного пива. диапазон брожения: 18-30°c. годен до	bavarian wheat m20 - классический штамм дрожжей для пшеничного пива светло-золотистого цвета с восхитительной мягкостью, с насыщенным ароматом ванили и банана и долгим послевкусием. эти дрожжи придадут шелковистость во рту и насыщенный вкус. в высокоалкогольных сортах пшеничного пива, таких как вайценбок или витвайн, дрожжи bavarian wheat m20 могут вырабатывать интенсивные фенолы, которые придают пиву дымный аромат. низкий уровень аттенюации позволяет получить более сладкое и менее крепкое пиво.	https://бир.рф/shop/302/desc/pivnye-drozhzhi-bavarian-wheat-m20-mangrove-jacks-10-g			18.0-30.0 °c			
231	yeast	bavarian lager m76	mangrove jacks	великобритания	дрожжи лагерные	beer.rf	10.0	г	499.0	rub	дрожжи низового брожения, которые подходят многим сортам лагерного пива. диапазон брожения: 8-14°c. годен до дрожжи низового брожения, которые подходят многим сортам лагерного пива. диапазон брожения: 8-14°c. годен до	bavarian lager m76 - дрожжи низового брожения, подходящие для большинства сортов лагерного пива. способствует меньшему выделению серы, чем у других лагерных штаммов, а также более полному, округлому солодовому характеру с хорошо выраженными хмелевыми нотками. подходит для многих сортов европейского пива, включая лагер, пилзнер, хеллес, мюнхенский дункель, раухбир и многие другие.	https://бир.рф/shop/303/desc/pivnye-drozhzhi-bavarian-lager-m76-mangrove-jacks-10-g	12.5 %		8.0-14.0 °c			
232	yeast	american west coast ale bry-97	lallemand	австрия	дрожжи элевые	beer.rf	11.0	г	549.0	rub	дрожжи для американского эля. дают чистый слегка эфирный профиль, хорошо осаждаются в конце брожения, создавая плотный осадок. диапазон брожения: 15-22°c. годен до дрожжи для американского эля. дают чистый слегка эфирный профиль, хорошо осаждаются в конце брожения, создавая плотный осадок. диапазон брожения: 15-22°c. годен до	пивные дрожжи american west coast ale bry-97 - специально разработанные для производства американского эля высокого качества. они проходят процессы разведения и сушки, которые гарантируют их высокий класс и применимость в пивоварении. эти дрожжи обладают чистым и слегка эфирным профилем, что придает элю особый вкус и аромат. преимуществ bry-97 заключается в том, что они хорошо осаждаются в конце брожения, создавая плотный осадок. это особенно полезно для пивоваров, так как позволяет легко отделить осадок от готового напитка. пивные дрожжи american west coast ale bry-97 - специально разработанные для производства американского эля высокого качества. они проходят процессы разведения и сушки, которые гарантируют их высокий класс и применимость в пивоварении. эти дрожжи обладают чистым и слегка эфирным профилем, что придает элю особый вкус и аромат. преимуществ bry-97 заключается в том, что они хорошо осаждаются в конце брожения, создавая плотный осадок. это особенно полезно для пивоваров, так как позволяет легко отделить осадок от готового напитка. стили пива: американские эли	https://бир.рф/shop/312/desc/pivnye-drozhzhi-american-west-coast-ale-bry-97-lallemand-11-g	72.0 %	высокая	15.0-22.0 °с	13.0 %		
234	yeast	american ale yeast a01	angel yeast	китай	дрожжи элевые	beer.rf	12.0	г	1190.0	rub	американский элевый штамм дрожжей, идеально подходящий для охмеленных стилей пива, подчеркивая характеристики хмеля. ближайший аналог safale us-05. годен до американский элевый штамм дрожжей, идеально подходящий для охмеленных стилей пива, подчеркивая характеристики хмеля. ближайший аналог safale us-05. годен до	американские элевые дрожжи с чистым, нейтральным профилем. идеальны для ipa. обладают широкой адаптивностью для многих видов пива: подчеркивают характеристики хмеля, быстро бродят, хорошо садятся.	https://бир.рф/shop/2062/desc/pivnye-drozhzhi-american-ale-yeast-a01-angel-12-g-10-sht	75.0-85.0 %	высокая	15.0-25.0 °с	10.0 %	отрицательно	отрицательно
236	yeast	для виски safspirit m-1	beergineer	бельгия	дрожжи вискарные	beer.rf	10.0	г	160.5	rub	наиболее известный и неизменный штамм для производства шотландского и односолодового виски. производит дистилляты высокого качества, подходящие для бочковой выдержки виски. годен до наиболее известный и неизменный штамм для производства шотландского и односолодового виски. производит дистилляты высокого качества, подходящие для бочковой выдержки виски. годен до	выбор дрожжей - это, пожалуй, один из самых важных, но часто недооцененных этапов производства виски. от этого незаметного на первый взгляд компонента зависит не только выход спирта, но и целый букет ароматов и вкусовых оттенков, определяющих характер будущего напитка. именно поэтому опытным дистиллерам хорошо известен штамм fermentis safspirit m-1, заслуженно снискавший репутацию одного из лучших вариантов для создания шотландского и односолодового виски. но его возможности этим не ограничиваются. выбор дрожжей - это, пожалуй, один из самых важных, но часто недооцененных этапов производства виски. от этого незаметного на первый взгляд компонента зависит не только выход спирта, но и целый букет ароматов и вкусовых оттенков, определяющих характер будущего напитка. именно поэтому опытным дистиллерам хорошо известен штамм fermentis safspirit m-1, заслуженно снискавший репутацию одного из лучших вариантов для создания шотландского и односолодового виски. но его возможности этим не ограничиваются. этот штамм дрожжей обладает рядом уникальных свойств, делающих его незаменимым инструментом в руках опытного мастера: выбор дрожжей - это, пожалуй, один из самых важных, но часто недооцененных этапов производства виски. от этого незаметного на первый взгляд компонента зависит не только выход спирта, но и целый букет ароматов и вкусовых оттенков, определяющих характер будущего напитка. именно поэтому опытным дистиллерам хорошо известен штамм fermentis safspirit m-1, заслуженно снискавший репутацию одного из лучших вариантов для создания шотландского и односолодового виски. но его возможности этим не ограничиваются. этот штамм дрожжей обладает рядом уникальных свойств, делающих его незаменимым инструментом в руках опытного мастера: для достижения наилучших результатов производитель рекомендует использовать 30-50 грамм дрожжей на 100 литров сусла. производитель уделяет особое внимание контролю качества и безопасности своей продукции. каждый этап производства, от отбора сырья до упаковки, проходит строгий контроль, а готовые дрожжи подвергаются тщательному микробиологическому анализу. результаты анализа:	https://бир.рф/shop/2043/desc/drozhzhi-dlja-viski-safspirit-m-1-fermentis-beergineer-10-g			10.0 °c			
238	yeast	wheat ale yeast w008	angel yeast	китай	дрожжи элевые	beer.rf	12.0	г	149.0	rub	штамм дрожжей для пшеничного пива, который характеризуется фенольными и фруктовыми нотками с медленным осаждением в пиве. ближайший аналог safale wb-06. годен до штамм дрожжей для пшеничного пива, который характеризуется фенольными и фруктовыми нотками с медленным осаждением в пиве. ближайший аналог safale wb-06. годен до	"w008 - типичный штамм дрожжей, используемый для варки пшеничного пива с фруктовыми и фенольными нотками. он обладает высокой степенью сбраживания и обеспечивает сбалансированный баланс фруктовых эфиров и типичных для пшеничного пива гвоздичных фенолов. он характеризуется низкой флокуляцией и медленным оседанием, а готовое пиво имеет сухой, мягкий вкус. в отличие от wa18 этот штамм содержит диастатические дрожжи, которые обеспечивают более сухой и ""легкий"" профиль с более стабильной мутностью в пиве."	https://бир.рф/shop/2060/desc/pivnye-drozhzhi-wheat-ale-yeast-w008-angel-12-g	73.0-85.0 %	низкая	15.0-25.0 °с	10.0 %	положительно	положительно
240	yeast	safale us-05	beergineer	россия	дрожжи элевые	beer.rf	10.0	г	250.0	rub	американский элевый штамм дрожжей позволит получить хорошо выброженное пиво с нейтральным дрожжевым ароматом. это даст в большей степени раскрыться хмелю в хорошо охмеленных американских стилях пива. диапазон брожения: 15-22°c. годен до американский элевый штамм дрожжей позволит получить хорошо выброженное пиво с нейтральным дрожжевым ароматом. это даст в большей степени раскрыться хмелю в хорошо охмеленных американских стилях пива. диапазон брожения: 15-22°c. годен до	us-05 - американский элевый штамм дрожжей позволяющий создать пиво с низким содержанием диацетила и насыщенным вкусом. дрожжи способны обеспечить плотную пенную шапку и способны оставаться в подвижном состоянии на протяжении всего процесса, что позволяет достичь более полного и равномерного брожения пива. они подчеркнут освежающие фруктовые или цитрусовые нотки хмеля в хорошо охмеленных американских стилях пива. это особенно важно для крафтового пивоварения, которое стремится к экспериментам и новым вкусовым открытиям. пивные дрожжи us-05 широко доступны на рынке и пользуются доверием пивоваров по всему миру благодаря своей надежности и предсказуемому процессу брожения. us-05 - американский элевый штамм дрожжей позволяющий создать пиво с низким содержанием диацетила и насыщенным вкусом. дрожжи способны обеспечить плотную пенную шапку и способны оставаться в подвижном состоянии на протяжении всего процесса, что позволяет достичь более полного и равномерного брожения пива. они подчеркнут освежающие фруктовые или цитрусовые нотки хмеля в хорошо охмеленных американских стилях пива. это особенно важно для крафтового пивоварения, которое стремится к экспериментам и новым вкусовым открытиям. пивные дрожжи us-05 широко доступны на рынке и пользуются доверием пивоваров по всему миру благодаря своей надежности и предсказуемому процессу брожения. дрожжи поставляются в вакуумной упаковке весом 10 грамм. фасовка от бренда beergineer происходит в герметичном стерильном боксе с полным удалением воздуха из упаковки, что обеспечивает сохранность качества продукта.	https://бир.рф/shop/1644/desc/pivnye-drozhzhi-safale-us-05-fermentis-beergineer-10-g			15.0-22.0 °c			
242	yeast	kveik m12	mangrove jacks	великобритания	дрожжи элевые	beer.rf	10.0	г	470.0	rub	позволяют сбраживать пиво при очень высоких температурах, обеспечивая нейтральный вкус и быстрое созревание. диапазон брожения: 20-40°c. годен до позволяют сбраживать пиво при очень высоких температурах, обеспечивая нейтральный вкус и быстрое созревание. диапазон брожения: 20-40°c. годен до	kveik m12 - особый вид пивных дрожжей верхового брожения, которые отличаются своей способностью бродить при экстремально высоких температурах. это позволяет пивовару получить быстрое брожение и сократить время процесса созревания пива. несмотря на высокую температурную стойкость, дрожжи kveik m12 сохраняют нейтральный вкус пива, дополняя его тонкими нотками цитрусовых. это делает их универсальными и подходящими для различных стилей пива.	https://бир.рф/shop/301/desc/pivnye-drozhzhi-kveik-m12-mangrove-jacks-10-g			20.0-40.0 °c			
244	yeast	hophead ale yeast m66	mangrove jacks	великобритания	дрожжи элевые	beer.rf	10.0	г	470.0	rub	дрожжи m66 hophead ale подходят для new england ipas, juicy ipas, hazy ipas, american ipas, american pale ales и других. диапазон брожения: 18-22°c. годен до дрожжи m66 hophead ale подходят для new england ipas, juicy ipas, hazy ipas, american ipas, american pale ales и других. диапазон брожения: 18-22°c. годен до	hophead ale yeast m66 - это комбинация ферментов и дрожжей, которая придает пиву богатые ароматы и сложные эфиры. оно идеально подходит для стилей пива, таких как new england ipa, hazy ipa и фруктовые ipa. hophead ale yeast m66 - это комбинация ферментов и дрожжей, которая придает пиву богатые ароматы и сложные эфиры. оно идеально подходит для стилей пива, таких как new england ipa, hazy ipa и фруктовые ipa. отобранный микс ферментов усиливает аромат и вкус, особенно при добавлении хмеля и фруктовых ингредиентов в поздние стадии процесса приготовления пива. они способны создать пиво с яркими и сочными характеристиками, которые так популярны среди любителей крафтового пива.	https://бир.рф/shop/297/desc/pivnye-drozhzhi-hophead-ale-yeast-m66-mangrove-jacks-10-g			18.0-22.0 °c			
246	yeast	french saison m29	mangrove jacks	великобритания	дрожжи элевые	beer.rf	10.0	г	433.35	rub	это непревзойденные, элевые дрожжи верхового брожения, помогающие создавать своеобразное пиво с пряными, фруктовыми и перечными нотками. идеальны для создания фермерских элей. диапазон брожения: 26-32°c. годен до это непревзойденные, элевые дрожжи верхового брожения, помогающие создавать своеобразное пиво с пряными, фруктовыми и перечными нотками. идеальны для создания фермерских элей. диапазон брожения: 26-32°c. годен до	french saison m29 - это исключительные дрожжи верхового брожения, которые придают пиву особый характер с пряными, фруктовыми и перечными нотками. они идеально подходят для создания фермерских элей. в аромате выделяются пряные и перечные оттенки, среди которых пробиваются фруктовые полутона. пиво, сделанное на этих дрожжах, будет сухим, часто с легкой кислинкой и перечными нотками, что делает его более освежающим. если пиво будет более крепким, то можно ожидать большего количества эфиров и теплого алкогольного послевкусия. этот дрожжевой штамм прекрасно подходит для создания пива с крепостью до 14%, что делает его идеальным для всех разновидностей сайзонов. он обеспечивает хорошую работу и высокую степень брожения даже при таких высоких уровнях алкоголя. кроме того, дрожжи french saison m29 обладают высокой стрессоустойчивостью и хорошо работают в теплом диапазоне температур.	https://бир.рф/shop/298/desc/pivnye-drozhzhi-french-saison-m29-mangrove-jacks-10-g			26.0-32.0 °c	14.0 %		
248	yeast	fermentis - safale t-58	fermentis	бельгия	дрожжи элевые	beer.rf	5.0	г	135.0	rub	практически истекший или истекший не давно срок годности. дрожжи хранятся в холодильнике, поэтому еще активны. годен до практически истекший или истекший не давно срок годности. дрожжи хранятся в холодильнике, поэтому еще активны. годен до	safale t-58 - это особые пивные дрожжи, которые были выбраны из-за своей способности обеспечить сильное брожение, а также придать пиву интенсивные фруктовые и фенольные вкусы, особенно с оттенками банана, гвоздики и перца. они идеально подходят для широкого спектра пива на основе пшеницы и стилей с фруктово-пряной ориентацией. одно из преимуществ этих дрожжей заключается в том, что они имеют среднюю седиментацию. это означает, что при растворении в пиве они не образуют комков, а лишь создают небольшую пылевидную дымку, которая придаст пиву некоторую мутность. эти дрожжи также позволяют пивовару экспериментировать с различными стилями пива. они могут быть использованы для создания пшеничного пива с яркими фруктовыми нотками, а также для добавления пряных оттенков в другие стили пива, такие как бельгийский эль или стаут. их универсальность позволяет пивовару проявить свою творческую натуру и создать уникальные вкусовые комбинации. safale t-58 - это особые пивные дрожжи, которые были выбраны из-за своей способности обеспечить сильное брожение, а также придать пиву интенсивные фруктовые и фенольные вкусы, особенно с оттенками банана, гвоздики и перца. они идеально подходят для широкого спектра пива на основе пшеницы и стилей с фруктово-пряной ориентацией. одно из преимуществ этих дрожжей заключается в том, что они имеют среднюю седиментацию. это означает, что при растворении в пиве они не образуют комков, а лишь создают небольшую пылевидную дымку, которая придаст пиву некоторую мутность. эти дрожжи также позволяют пивовару экспериментировать с различными стилями пива. они могут быть использованы для создания пшеничного пива с яркими фруктовыми нотками, а также для добавления пряных оттенков в другие стили пива, такие как бельгийский эль или стаут. их универсальность позволяет пивовару проявить свою творческую натуру и создать уникальные вкусовые комбинации. стили пива: витбир, дюппель, траппист, бельгийские эли	https://бир.рф/shop/3422/desc/pivnye-drozhzhi-safale-t-58-fermentis-11-5-g	72.0-78.0 %	средняя	18.0-26.0 °c	9.0-11.0 %		
249	yeast	fermentis - safale s-33	fermentis	бельгия	дрожжи элевые	beer.rf	5.0	г	195.0	rub	практически истекший или истекший не давно срок годности. дрожжи хранятся в холодильнике, поэтому еще активны годен до практически истекший или истекший не давно срок годности. дрожжи хранятся в холодильнике, поэтому еще активны годен до	safale s-33 - это фруктовый штамм дрожжей, который добавляет пиву богатый вкус и полноту. он идеально подходит для различных бельгийских элевых стилей, таких как блонд, дюббель, трипель и квадрупель, а также для крепких английских элей, например, имперских стаутов. он также прекрасно сочетается в современном new england ipa. одна из особенностей этих дрожжей - средняя степень оседания. при растворении в пиве они не образуют комков, а создают легкую пылевидную дымку. кроме того, эти дрожжи имеют высокую толерантность к алкоголю, что делает их идеальным выбором для крепких элей. они способны справиться с высоким содержанием сахара и алкоголя, что позволяет получить пиво с более высокой крепостью и богатым вкусом. если вы хотите придать своему пиву фруктовые нотки, safale s-33 станет отличным выбором. эти дрожжи проявляются в пиве с яркими фруктовыми ароматами и вкусами, добавляя ему особую глубину и сложность. safale s-33 - это фруктовый штамм дрожжей, который добавляет пиву богатый вкус и полноту. он идеально подходит для различных бельгийских элевых стилей, таких как блонд, дюббель, трипель и квадрупель, а также для крепких английских элей, например, имперских стаутов. он также прекрасно сочетается в современном new england ipa. одна из особенностей этих дрожжей - средняя степень оседания. при растворении в пиве они не образуют комков, а создают легкую пылевидную дымку. кроме того, эти дрожжи имеют высокую толерантность к алкоголю, что делает их идеальным выбором для крепких элей. они способны справиться с высоким содержанием сахара и алкоголя, что позволяет получить пиво с более высокой крепостью и богатым вкусом. если вы хотите придать своему пиву фруктовые нотки, safale s-33 станет отличным выбором. эти дрожжи проявляются в пиве с яркими фруктовыми ароматами и вкусами, добавляя ему особую глубину и сложность. стили пива: бельгийское пшеничное, trappist, triple, bitter, stout	https://бир.рф/shop/3421/desc/pivnye-drozhzhi-safale-s-33-fermentis-11-5-g	68.0-72.0 %	средняя	18.0-26.0 °c	9.0-11.0 %		
252	yeast	farmhouse	lallemand	австрия	дрожжи элевые	beer.rf	11.0	г	696.0	rub	"дрожжи для пива в стиле сэйзон, которые не содержат ""диастатикусы"", но при этом позволяют получить пиво с высокой аттенюацией и характерной для сэйзона вкусо-ароматикой. годен до дрожжи для пива в стиле сэйзон, которые не содержат ""диастатикусы"", но при этом позволяют получить пиво с высокой аттенюацией и характерной для сэйзона вкусо-ароматикой. годен до"	пивные дрожжи farmhouse - это новый штамм дрожжей, разработанный группой исследователей renaissance yeast из ванкувера, канада, специально для производства пива в стиле saison и farmhouse. этот продукт представляет собой результат многолетних исследований и опытно-конструкторских работ. он не является диастатическим гибридом, то есть не обладает способностью разлагать сложные сахара. это достигнуто благодаря передовым методам селекции, которые использовала исследовательская группа renaissance. они применили как классические, так и не связанные с генетически модифицированными организмами методы для удаления гена sta1, который отвечает за диастатическую активность дрожжей saison. пивные дрожжи farmhouse - это новый штамм дрожжей, разработанный группой исследователей renaissance yeast из ванкувера, канада, специально для производства пива в стиле saison и farmhouse. этот продукт представляет собой результат многолетних исследований и опытно-конструкторских работ. он не является диастатическим гибридом, то есть не обладает способностью разлагать сложные сахара. это достигнуто благодаря передовым методам селекции, которые использовала исследовательская группа renaissance. они применили как классические, так и не связанные с генетически модифицированными организмами методы для удаления гена sta1, который отвечает за диастатическую активность дрожжей saison. стили пива: бельгийские фермерские эли	https://бир.рф/shop/1087/desc/pivnye-drozhzhi-farmhouse-lallemand-11-g	90.0-95.0 %	низкая	20.0-30.0 °с	13.0 %		
254	yeast	empire ale m15	mangrove jacks	великобритания	дрожжи элевые	beer.rf	10.0	г	395.0	rub	элевые дрожжи верхового брожения, которые подходят для большого числа полнотелых элей с богатством вкуса. диапазон брожения: 18-22°c. годен до элевые дрожжи верхового брожения, которые подходят для большого числа полнотелых элей с богатством вкуса. диапазон брожения: 18-22°c. годен до	empire ale m15 - это верхового брожения дрожжи, предназначенные для создания полнотелых элей с насыщенным вкусом. они обладают способностью выделять мощные ноты спелых темных фруктов во время брожения. идеально подходят для шотландского крепкого эля, американского янтарного эля, сладких стаутов. эти дрожжи могут подойти для крепкого пива. однако, из-за их невысокой степени сбраживания, такое пиво может получиться излишне сладким и тяжелым. чтобы решить эту проблему, можно снизить температуру затирания, что поможет улучшить сбраживаемость и снизить конечную плотность. также при планировании рецепта, необходимо тщательно подобрать соответствующую хмелевую горечь, чтобы достичь баланса между сладостью и горечью в конечном продукте.	https://бир.рф/shop/296/desc/pivnye-drozhzhi-empire-ale-m15-mangrove-jacks-10-g			18.0-22.0 °c			
256	yeast	dy 3022 saison	asp lab	россия	дрожжи элевые	beer.rf	11.0	г	288.9	rub	уникальный штамм для бельгийских фермерских элей, позволяющий получить хорошо выброженное пиво с богатым ароматическим профилем. годен до уникальный штамм для бельгийских фермерских элей, позволяющий получить хорошо выброженное пиво с богатым ароматическим профилем. годен до	дрожжи dy 3022 saison yeast от asp lab - были созданы целенаправленно для производства бельгийского пива, в частности, saison, и отличаются превосходной способностью к ферментации. дрожжи обогащают напиток сложным букетом, включающим оттенки фруктов и пряностей, формируя тем самым неповторимый вкусовой опыт. дрожжи dy 3022 saison yeast от asp lab - были созданы целенаправленно для производства бельгийского пива, в частности, saison, и отличаются превосходной способностью к ферментации. дрожжи обогащают напиток сложным букетом, включающим оттенки фруктов и пряностей, формируя тем самым неповторимый вкусовой опыт. 1. аромат и вкус: 2. сушка дрожжей: 3. степень сбраживания: 4. флокуляция:	https://бир.рф/shop/1936/desc/pivnye-drozhzhi-dy-3022-saison-asp-lab-11-g						
258	yeast	diamond lager	lallemand	австрия	дрожжи лагерные	beer.rf	11.0	г	549.0	rub	дрожжи низового брожения для создания истинных немецких лагеров, с отличной ферментативной способностью и чистым профилем. диапазон брожения: 10-15°c. годен до дрожжи низового брожения для создания истинных немецких лагеров, с отличной ферментативной способностью и чистым профилем. диапазон брожения: 10-15°c. годен до	diamond lager - дрожжи низового брожения для создания аутентичных немецких лагеров с прекрасной способностью к ферментации и чистым профилем. эти дрожжи являются неотъемлемой частью производства таких популярных стилей пива, как munich helles, dortmunder export, german pilsner, bohemian pilsner, american pilsner, vienna lager, oktoberfest/mrzen, dark american lager, munich dunkel, schwarzbier, traditional bock, doppelbock, eisbock и california common beer. diamond lager - дрожжи низового брожения для создания аутентичных немецких лагеров с прекрасной способностью к ферментации и чистым профилем. эти дрожжи являются неотъемлемой частью производства таких популярных стилей пива, как munich helles, dortmunder export, german pilsner, bohemian pilsner, american pilsner, vienna lager, oktoberfest/mrzen, dark american lager, munich dunkel, schwarzbier, traditional bock, doppelbock, eisbock и california common beer. стили пива: лагеры	https://бир.рф/shop/310/desc/pivnye-drozhzhi-diamond-lager-lallemand-11-g	80.0 %	высокая	10.0-15.0 °с	13.0 %		
260	yeast	californian lager m54	mangrove jacks	великобритания	дрожжи лагерные	beer.rf	10.0	г	395.0	rub	уникальный лагерный штамм, способный работать при элевых температурах без создания характерных дефектов. диапазон брожения: 18-20°c. годен до уникальный лагерный штамм, способный работать при элевых температурах без создания характерных дефектов. диапазон брожения: 18-20°c. годен до	californian lager m54 - это уникальный штамм, разработанный специально для производства лагерного пива. особенностью этих дрожжей является их способность работать при элевых температурах без создания характерных дефектов. это означает, что процесс брожения может происходить даже при комнатных температурах, что удобно для пивоваров, у которых нет возможности контролировать температуру в процессе брожения. одним из важных аспектов при производстве лагерного пива является длительное созревание. с использованием пивных дрожжей californian lager m54 это требование не является обязательным. благодаря этим дрожжам можно получить отличное качество пива без необходимости долгого ожидания.	https://бир.рф/shop/304/desc/pivnye-drozhzhi-californian-lager-m54-mangrove-jacks-10-g			18.0-20.0 °c			
262	yeast	british ale yeast cy115	angel yeast	китай	дрожжи элевые	beer.rf	12.0	г	1190.0	rub	штамм для брожения британских стилей пива с фруктовыми нотками. ближайший аналог safale s-33. годен до штамм для брожения британских стилей пива с фруктовыми нотками. ближайший аналог safale s-33. годен до	английский штамм дрожжей. подходит для большинства британских стилей пива - как темных, так и светлых - а также для охмеленных сортов. во время брожения способны образовывать фруктовые ноты. хорошо осаждаются, образуя плотный осадок на дне емкости. степень сбраживания невысокая.	https://бир.рф/shop/2061/desc/pivnye-drozhzhi-british-ale-yeast-cy115-angel-12-g-10-sht	65.0-78.0 %	высокая	15.0-25.0 °с	10.0 %	отрицательно	отрицательно
264	yeast	british ale yeast cy115	angel yeast	китай	дрожжи элевые	beer.rf	12.0	г	149.0	rub	штамм для брожения британских стилей пива с фруктовыми нотками. ближайший аналог safale s-33. годен до штамм для брожения британских стилей пива с фруктовыми нотками. ближайший аналог safale s-33. годен до	английский штамм дрожжей. подходит для большинства британских стилей пива - как темных, так и светлых - а также для охмеленных сортов. во время брожения способны образовывать фруктовые ноты. хорошо осаждаются, образуя плотный осадок на дне емкости. степень сбраживания невысокая.	https://бир.рф/shop/2058/desc/pivnye-drozhzhi-british-ale-yeast-cy115-angel-12-g	65.0-78.0 %	высокая	15.0-25.0 °с	10.0 %	отрицательно	отрицательно
267	yeast	british ale yeast cn36	angel yeast	китай	дрожжи элевые	beer.rf	12.0	г	1190.0	rub	универсальный элевый штамм дрожжей, подходящий для производства большинства стилей пива. ближайший аналог safale s-04. годен до универсальный элевый штамм дрожжей, подходящий для производства большинства стилей пива. ближайший аналог safale s-04. годен до	дрожжи отлично подходят для производства различных стилей пива: американские охмеленные эли, английские эли, фруктовые эли, крепкие эли (барли вайн, рис). имеют нейтральный ароматический и вкусовой профиль. это позволяет варьировать специфику сорта, в зависимости от пожелания технолога: сделать акцент на солоде, хмеле или добавках.	https://бир.рф/shop/1606/desc/pivnye-drozhzhi-british-ale-yeast-cn36-angel-12-g-10-sht	77.0-86.0 %	высокая	15.0-25.0 °с	13.0 %	отрицательно	отрицательно
269	yeast	british ale yeast cn36	angel yeast	китай	дрожжи элевые	beer.rf	12.0	г	149.0	rub	универсальный элевый штамм дрожжей, подходящий для производства большинства стилей пива. ближайший аналог safale s-04. годен до универсальный элевый штамм дрожжей, подходящий для производства большинства стилей пива. ближайший аналог safale s-04. годен до	дрожжи отлично подходят для производства различных стилей пива: американские охмеленные эли, английские эли, фруктовые эли, крепкие эли (барли вайн, рис). имеют нейтральный ароматический и вкусовой профиль. это позволяет варьировать специфику сорта, в зависимости от пожелания технолога: сделать акцент на солоде, хмеле или добавках.	https://бир.рф/shop/1159/desc/pivnye-drozhzhi-british-ale-yeast-cn36-angel-12-g	77.0-86.0 %	высокая	15.0-25.0 °с	13.0 %	отрицательно	отрицательно
271	yeast	bohemia lager m84	mangrove jacks	великобритания	дрожжи лагерные	beer.rf	10.0	г	385.0	rub	активные сухие пивные дрожжи низового брожения походят для европейского лагера и пилснера. диапазон брожения: 10-15°c. годен до активные сухие пивные дрожжи низового брожения походят для европейского лагера и пилснера. диапазон брожения: 10-15°c. годен до	bohemia lager m84 - лагерный штамм низового брожения, подходящий для европейского лагера и пива в стиле пильзнер. эти дрожжи позволяют получать мягкое, деликатное и сбалансированное пиво с полнотелым и чистым вкусом. подходит для немецких/ богемских пильзнеров, всех сортов лагера, немецких боков и многого другого.	https://бир.рф/shop/305/desc/pivnye-drozhzhi-bohemia-lager-m84-mangrove-jacks-10-g	12.5 %		10.0-15.0 °c			
273	yeast	belgian wit m21	mangrove jacks	великобритания	дрожжи элевые	beer.rf	10.0	г	315.0	rub	традиционные дрожжи верхового брожения с хорошим балансом фруктовых эфиров и согревающей фенольности. диапазон брожения: 18-25°c. годен до традиционные дрожжи верхового брожения с хорошим балансом фруктовых эфиров и согревающей фенольности. диапазон брожения: 18-25°c. годен до	пивные дрожжи belgian wit m21 - традиционные дрожжи верхового брожения, которые обладают хорошим балансом между фруктовыми эфирами и согревающими пряными фенолами. дрожжи оставят немного сладости и осветлят пиво при длительной выдержки.	https://бир.рф/shop/293/desc/pivnye-drozhzhi-belgian-wit-m21-mangrove-jacks-10-g			18.0-25.0 °c			
275	yeast	belgian tripel m31	mangrove jacks	великобритания	дрожжи элевые	beer.rf	10.0	г	371.0	rub	создает фантастически сложное сочетание пряного аромата, фруктовых эфиров, фенольных и алкогольных оттенков. диапазон брожения: 18-28°c. годен до создает фантастически сложное сочетание пряного аромата, фруктовых эфиров, фенольных и алкогольных оттенков. диапазон брожения: 18-28°c. годен до	"belgian tripel m31 - это штамм дрожжей обеспечивает фантастическое сложное сочетание специй, фруктовых эфиров, фенольных соединений и алкоголя. дрожжи обладают высокой спиртоустойчивостью и быстрым процессом брожения, что делает их идеальным выбором для создания бельгийских стилей. подходит для бельгийского пива ""трипель"" и пива в траппистском стиле."	https://бир.рф/shop/300/desc/pivnye-drozhzhi-belgian-tripel-m31-mangrove-jacks-10-g			18.0-28.0 °c			
276	yeast	belgian ale m41	mangrove jacks	великобритания	дрожжи элевые	beer.rf	10.0	г	380.0	rub	эти дрожжи могут конкурировать с насыщенностью и сложностью многих монастырских пивоварен в бельгии. диапазон брожения: 18-23°c. годен до эти дрожжи могут конкурировать с насыщенностью и сложностью многих монастырских пивоварен в бельгии. диапазон брожения: 18-23°c. годен до	belgian ale m41 - являются одними из лучших дрожжей для создания пива в бельгийском стиле. они обладают высокой степенью сбраживания и спиртоустойчивостью, что позволяет создавать разнообразные и вкусные сорта пива. эти дрожжи могут соперничать с пивоварнями в бельгийских монастырях по насыщенности и сложности. идеально подходят для бельгийских золотых и темных элей.	https://бир.рф/shop/295/desc/pivnye-drozhzhi-belgian-ale-m41-mangrove-jacks-10-g			18.0-23.0 °c			
278	yeast	safale t-58	fermentis	бельгия	дрожжи элевые	beer.rf	5.0	г	230.0	rub	дрожжи,обладающие низкой степенью сбраживания и подойдут для получения бельгийсикх полнотелых элей. в процессе брожения образуют пряные и перечные тона. диапазон брожения: 15-20°c. годен до дрожжи,обладающие низкой степенью сбраживания и подойдут для получения бельгийсикх полнотелых элей. в процессе брожения образуют пряные и перечные тона. диапазон брожения: 15-20°c. годен до	safale t-58 - это особые пивные дрожжи, которые были выбраны из-за своей способности обеспечить сильное брожение, а также придать пиву интенсивные фруктовые и фенольные вкусы, особенно с оттенками банана, гвоздики и перца. они идеально подходят для широкого спектра пива на основе пшеницы и стилей с фруктово-пряной ориентацией. одно из преимуществ этих дрожжей заключается в том, что они имеют среднюю седиментацию. это означает, что при растворении в пиве они не образуют комков, а лишь создают небольшую пылевидную дымку, которая придаст пиву некоторую мутность. эти дрожжи также позволяют пивовару экспериментировать с различными стилями пива. они могут быть использованы для создания пшеничного пива с яркими фруктовыми нотками, а также для добавления пряных оттенков в другие стили пива, такие как бельгийский эль или стаут. их универсальность позволяет пивовару проявить свою творческую натуру и создать уникальные вкусовые комбинации. safale t-58 - это особые пивные дрожжи, которые были выбраны из-за своей способности обеспечить сильное брожение, а также придать пиву интенсивные фруктовые и фенольные вкусы, особенно с оттенками банана, гвоздики и перца. они идеально подходят для широкого спектра пива на основе пшеницы и стилей с фруктово-пряной ориентацией. одно из преимуществ этих дрожжей заключается в том, что они имеют среднюю седиментацию. это означает, что при растворении в пиве они не образуют комков, а лишь создают небольшую пылевидную дымку, которая придаст пиву некоторую мутность. эти дрожжи также позволяют пивовару экспериментировать с различными стилями пива. они могут быть использованы для создания пшеничного пива с яркими фруктовыми нотками, а также для добавления пряных оттенков в другие стили пива, такие как бельгийский эль или стаут. их универсальность позволяет пивовару проявить свою творческую натуру и создать уникальные вкусовые комбинации. стили пива: витбир, дюппель, траппист, бельгийские эли	https://бир.рф/shop/284/desc/pivnye-drozhzhi-safale-t-58-fermentis-11-5-g	72.0-78.0 %	средняя	18.0-26.0 °c	9.0-11.0 %		
281	yeast	safale s-33	fermentis	бельгия	дрожжи элевые	beer.rf	5.0	г	295.0	rub	элевые дрожжи, обладающие низкой степенью сбраживания и подойдут для получения более полнотелых элей. очень быстро сбраживают пивное сусло, процесс может завершиться уже через два дня. диапазон брожения: 15-20°c. годен до элевые дрожжи, обладающие низкой степенью сбраживания и подойдут для получения более полнотелых элей. очень быстро сбраживают пивное сусло, процесс может завершиться уже через два дня. диапазон брожения: 15-20°c. годен до	safale s-33 - это фруктовый штамм дрожжей, который добавляет пиву богатый вкус и полноту. он идеально подходит для различных бельгийских элевых стилей, таких как блонд, дюббель, трипель и квадрупель, а также для крепких английских элей, например, имперских стаутов. он также прекрасно сочетается в современном new england ipa. одна из особенностей этих дрожжей - средняя степень оседания. при растворении в пиве они не образуют комков, а создают легкую пылевидную дымку. кроме того, эти дрожжи имеют высокую толерантность к алкоголю, что делает их идеальным выбором для крепких элей. они способны справиться с высоким содержанием сахара и алкоголя, что позволяет получить пиво с более высокой крепостью и богатым вкусом. если вы хотите придать своему пиву фруктовые нотки, safale s-33 станет отличным выбором. эти дрожжи проявляются в пиве с яркими фруктовыми ароматами и вкусами, добавляя ему особую глубину и сложность. safale s-33 - это фруктовый штамм дрожжей, который добавляет пиву богатый вкус и полноту. он идеально подходит для различных бельгийских элевых стилей, таких как блонд, дюббель, трипель и квадрупель, а также для крепких английских элей, например, имперских стаутов. он также прекрасно сочетается в современном new england ipa. одна из особенностей этих дрожжей - средняя степень оседания. при растворении в пиве они не образуют комков, а создают легкую пылевидную дымку. кроме того, эти дрожжи имеют высокую толерантность к алкоголю, что делает их идеальным выбором для крепких элей. они способны справиться с высоким содержанием сахара и алкоголя, что позволяет получить пиво с более высокой крепостью и богатым вкусом. если вы хотите придать своему пиву фруктовые нотки, safale s-33 станет отличным выбором. эти дрожжи проявляются в пиве с яркими фруктовыми ароматами и вкусами, добавляя ему особую глубину и сложность. стили пива: бельгийское пшеничное, trappist, triple, bitter, stout	https://бир.рф/shop/283/desc/pivnye-drozhzhi-safale-s-33-fermentis-11-5-g	68.0-72.0 %	средняя	18.0-26.0 °c	9.0-11.0 %		
282	yeast	safale s-04	fermentis	бельгия	дрожжи элевые	beer.rf	500.0	г	7339.0	rub	английский штамм дрожжей подходящий для большинства британских стилей пива. во время брожения способны образовывать фруктовые нотки, и затем хорошо осаждаются, образуя плотный осадок. годен до английский штамм дрожжей подходящий для большинства британских стилей пива. во время брожения способны образовывать фруктовые нотки, и затем хорошо осаждаются, образуя плотный осадок. годен до	пивные дрожжи safale s-04 - это английский элевый штамм дрожжей способный к быстрому брожению. одной из главной особенностей, является создание сбалансированных фруктовых и цветочных ароматов в пиве. благодаря их флокуляционной способности, пиво получается с более высокой степенью прозрачности и плотным дрожжевым осадком, что делает эти дрожжи превосходным выбором для дображивания в бутылках. safale s-04 идеально подходят для широкого спектра американских и английских сортов эля, включая пиво с высоким содержанием хмеля. они также специально адаптированы для выдержки в бочках и цилиндро-конических танках. это означает, что вы можете использовать safale s-04 для приготовления как традиционных элей, так и современных, хмелевых сортов пива. пивные дрожжи safale s-04 - это английский элевый штамм дрожжей способный к быстрому брожению. одной из главной особенностей, является создание сбалансированных фруктовых и цветочных ароматов в пиве. благодаря их флокуляционной способности, пиво получается с более высокой степенью прозрачности и плотным дрожжевым осадком, что делает эти дрожжи превосходным выбором для дображивания в бутылках. safale s-04 идеально подходят для широкого спектра американских и английских сортов эля, включая пиво с высоким содержанием хмеля. они также специально адаптированы для выдержки в бочках и цилиндро-конических танках. это означает, что вы можете использовать safale s-04 для приготовления как традиционных элей, так и современных, хмелевых сортов пива. стили пива: английский эль, пэйл эль, ирландский красный эль, биттер, esb, портер, стаут, майлд, коричневый эль, шотландский эль	https://бир.рф/shop/1612/desc/pivnye-drozhzhi-safale-s-04-fermentis-500-g	75.0 %	высокая	12.0-25.0 °c	9.8 %		
284	yeast	safale s-04	fermentis	бельгия	дрожжи элевые	beer.rf	5.0	г	330.0	rub	английский штамм дрожжей подходящий для большинства британских стилей пива. во время брожения способны образовывать фруктовые нотки, и затем хорошо осаждаются, образуя плотный осадок на дне бутылки. диапазон брожения: 15-20°c. годен до английский штамм дрожжей подходящий для большинства британских стилей пива. во время брожения способны образовывать фруктовые нотки, и затем хорошо осаждаются, образуя плотный осадок на дне бутылки. диапазон брожения: 15-20°c. годен до	пивные дрожжи safale s-04 - это английский элевый штамм дрожжей способный к быстрому брожению. одной из главной особенностей, является создание сбалансированных фруктовых и цветочных ароматов в пиве. благодаря их флокуляционной способности, пиво получается с более высокой степенью прозрачности и плотным дрожжевым осадком, что делает эти дрожжи превосходным выбором для дображивания в бутылках. safale s-04 идеально подходят для широкого спектра американских и английских сортов эля, включая пиво с высоким содержанием хмеля. они также специально адаптированы для выдержки в бочках и цилиндро-конических танках. это означает, что вы можете использовать safale s-04 для приготовления как традиционных элей, так и современных, хмелевых сортов пива. пивные дрожжи safale s-04 - это английский элевый штамм дрожжей способный к быстрому брожению. одной из главной особенностей, является создание сбалансированных фруктовых и цветочных ароматов в пиве. благодаря их флокуляционной способности, пиво получается с более высокой степенью прозрачности и плотным дрожжевым осадком, что делает эти дрожжи превосходным выбором для дображивания в бутылках. safale s-04 идеально подходят для широкого спектра американских и английских сортов эля, включая пиво с высоким содержанием хмеля. они также специально адаптированы для выдержки в бочках и цилиндро-конических танках. это означает, что вы можете использовать safale s-04 для приготовления как традиционных элей, так и современных, хмелевых сортов пива. стили пива: английский эль, пэйл эль, ирландский красный эль, биттер, esb, портер, стаут, майлд, коричневый эль, шотландский эль	https://бир.рф/shop/308/desc/pivnye-drozhzhi-safale-s-04-fermentis-11-5-g	74.0-82.0 %	высокая	18.0-26.0 °c	9.0-11.0 %		
286	yeast	safale s-04	beergineer	россия	дрожжи элевые	beer.rf	10.0	г	250.0	rub	популярный штамм дрожжей подходящий для большинства стилей пива верхового брожения. диапазон брожения: 15-20°c. фасовка от бренда beergineer. годен до популярный штамм дрожжей подходящий для большинства стилей пива верхового брожения. диапазон брожения: 15-20°c. фасовка от бренда beergineer. годен до	пивные дрожжи safale s-04 производства fermentis представляют собой английские элевые дрожжи, которые отличаются быстрой кинетикой брожения и способностью образовывать плотный осадок в конце процесса. это улучшает осветление пива. данные дрожжи рекомендуются для производства различных стилей пива верхового брожения и особенно подходят для дображивания в бочках или брожения в цилиндроконических танках. пивные дрожжи safale s-04 производства fermentis представляют собой английские элевые дрожжи, которые отличаются быстрой кинетикой брожения и способностью образовывать плотный осадок в конце процесса. это улучшает осветление пива. данные дрожжи рекомендуются для производства различных стилей пива верхового брожения и особенно подходят для дображивания в бочках или брожения в цилиндроконических танках. дрожжи поставляются в вакуумной упаковке весом 10 грамм. фасовка от бренда beergineer происходит в герметичном стерильном боксе с полным удалением воздуха из упаковки, что обеспечивает сохранность качества продукта.	https://бир.рф/shop/1642/desc/pivnye-drozhzhi-safale-s-04-fermentis-beergineer-10-g			15.0-20.0 °c			
288	yeast	safale k-97	fermentis	бельгия	дрожжи элевые	beer.rf	5.0	г	370.0	rub	дрожжи для немецкий элевых стилей и бельгийского пшеничного пива. создают нейтральный дрожжевой профиль и медленно осаждаются. диапазон брожения: 15-20°c. годен до дрожжи для немецкий элевых стилей и бельгийского пшеничного пива. создают нейтральный дрожжевой профиль и медленно осаждаются. диапазон брожения: 15-20°c. годен до	немецкие пивные дрожжи, специально разработанные для использования в элях, играют важную роль в формировании их особого характера. в процессе брожения эти дрожжи могут проявлять различные оттенки, в зависимости от условий, и часто отмечаются цветочные и сбалансированные фруктовые нотки. их уникальные свойства делают их идеальным выбором для создания деликатных сортов пива, таких как немецкое пиво kolsch, бельгийское wits и некоторые версии сезонного пива. немецкие пивные дрожжи, специально разработанные для использования в элях, играют важную роль в формировании их особого характера. в процессе брожения эти дрожжи могут проявлять различные оттенки, в зависимости от условий, и часто отмечаются цветочные и сбалансированные фруктовые нотки. их уникальные свойства делают их идеальным выбором для создания деликатных сортов пива, таких как немецкое пиво kolsch, бельгийское wits и некоторые версии сезонного пива. немецкие пивные дрожжи также показывают отличные результаты при использовании в сильно охмеленном пиве. они способны выдерживать высокую концентрацию хмеля и при этом подчекивать его свойства. это позволяет создавать пиво с яркими хмелевыми ароматами и вкусом. еще одно преимущество немецких пивных дрожжей заключается в их способности образовывать плотную и стойкую пену при брожении. это особенно важно для пива, которое требует длительного времени выдержки перед тем, как оно будет разлито в бутылки или кеги. немецкие пивные дрожжи, специально разработанные для использования в элях, играют важную роль в формировании их особого характера. в процессе брожения эти дрожжи могут проявлять различные оттенки, в зависимости от условий, и часто отмечаются цветочные и сбалансированные фруктовые нотки. их уникальные свойства делают их идеальным выбором для создания деликатных сортов пива, таких как немецкое пиво kolsch, бельгийское wits и некоторые версии сезонного пива. немецкие пивные дрожжи также показывают отличные результаты при использовании в сильно охмеленном пиве. они способны выдерживать высокую концентрацию хмеля и при этом подчекивать его свойства. это позволяет создавать пиво с яркими хмелевыми ароматами и вкусом. еще одно преимущество немецких пивных дрожжей заключается в их способности образовывать плотную и стойкую пену при брожении. это особенно важно для пива, которое требует длительного времени выдержки перед тем, как оно будет разлито в бутылки или кеги. стили пива: кёльш, альтбир, гозе, бельгийский витбир	https://бир.рф/shop/282/desc/pivnye-drozhzhi-safale-k-97-fermentis-11-5-g	80.0-84.0 %	низкая	18.0-26.0 °c	9.0-11.0 %		
291	yeast	safale bw-20	beergineer	бельгия	дрожжи элевые	beer.rf	10.0	г	267.5	rub	эти дрожжи, разработанные специально для производства витбира, призваны раскрыть все нюансы этого стиля. диапазон брожения: 18-26°c годен до эти дрожжи, разработанные специально для производства витбира, призваны раскрыть все нюансы этого стиля. диапазон брожения: 18-26°c годен до	"специфические фенольные нотки, которые отличают бельгийское белое пиво, возникают благодаря взаимодействию дрожжей с компонентами сусла. дрожжи safale bw-20 метаболизируют специальные соединения в сусле, превращая их в фенолы - органические соединения, ответственные за ароматы гвоздики, перца, корицы. этот процесс называется ""фенольным брожением"". специфические фенольные нотки, которые отличают бельгийское белое пиво, возникают благодаря взаимодействию дрожжей с компонентами сусла. дрожжи safale bw-20 метаболизируют специальные соединения в сусле, превращая их в фенолы - органические соединения, ответственные за ароматы гвоздики, перца, корицы. этот процесс называется ""фенольным брожением"". чтобы получить настоящее бельгийское белое пиво с характерными пряными нотами, следует придерживаться следующих рекомендаций:"	https://бир.рф/shop/1812/desc/pivnye-drozhzhi-safale-bw-20-fermentis-beergineer-10-g			25.0-29.0 °c			
293	yeast	novalager	lallemand	австрия	дрожжи лагерные	beer.rf	11.0	г	690.0	rub	гибридный штамм дрожжей низового брожения, способный работать при элевых температурах, при этом образуя чистый. слегка фруктовый профиль, что делает его поистине универсальным. годен до гибридный штамм дрожжей низового брожения, способный работать при элевых температурах, при этом образуя чистый. слегка фруктовый профиль, что делает его поистине универсальным. годен до	пивные дрожжи novalager - это уникальный гибрид saccharomyces pastorianus, который не является генетически модифицированным организмом. он был специально разработан для производства чистых лагерных пивных сортов, при этом обладая свойствами элевых дрожжей. однако lallemand novalager имеет некоторые отличия от традиционных лагерных дрожжей: он способен работать при более высоких температурах, имеет более низкую норму задачи и обеспечивает более быструю ферментацию. пивные дрожжи novalager - это уникальный гибрид saccharomyces pastorianus, который не является генетически модифицированным организмом. он был специально разработан для производства чистых лагерных пивных сортов, при этом обладая свойствами элевых дрожжей. однако lallemand novalager имеет некоторые отличия от традиционных лагерных дрожжей: он способен работать при более высоких температурах, имеет более низкую норму задачи и обеспечивает более быструю ферментацию. дрожжи, используемые в пивоварении, имеют два типа спаривания, аналогично двум полам у животных. они могут размножаться как половым, так и бесполым способом. при бесполом размножении клетки-потомки полностью повторяют генетический материал родительских штаммов. однако при половом размножении образуются клетки-гибриды, которые содержат по одному набору генов от каждого из родительских штаммов. один из таких новых штаммов, полученных с помощью полового размножения, называется lallemand novalager. он был разработан с использованием этого подхода и является истинным гибридом saccharomyces pastorianus низового брожения. novalager принадлежит к новой группе iii, известной как renaissance. этот штамм был отобран специально для производства чистых лагеров с уникальным вкусом и ароматом, при этом обладая высокой эффективностью брожения. пивные дрожжи novalager - это уникальный гибрид saccharomyces pastorianus, который не является генетически модифицированным организмом. он был специально разработан для производства чистых лагерных пивных сортов, при этом обладая свойствами элевых дрожжей. однако lallemand novalager имеет некоторые отличия от традиционных лагерных дрожжей: он способен работать при более высоких температурах, имеет более низкую норму задачи и обеспечивает более быструю ферментацию. дрожжи, используемые в пивоварении, имеют два типа спаривания, аналогично двум полам у животных. они могут размножаться как половым, так и бесполым способом. при бесполом размножении клетки-потомки полностью повторяют генетический материал родительских штаммов. однако при половом размножении образуются клетки-гибриды, которые содержат по одному набору генов от каждого из родительских штаммов. один из таких новых штаммов, полученных с помощью полового размножения, называется lallemand novalager. он был разработан с использованием этого подхода и является истинным гибридом saccharomyces pastorianus низового брожения. novalager принадлежит к новой группе iii, известной как renaissance. этот штамм был отобран специально для производства чистых лагеров с уникальным вкусом и ароматом, при этом обладая высокой эффективностью брожения. стили пива: лагеры	https://бир.рф/shop/1577/desc/pivnye-drozhzhi-novalager-lallemand-11-g	78.0-84.0 %	средняя	10.0-20.0 °с	13.0 %		
294	yeast	nottingham high performance ale	lallemand	австрия	дрожжи элевые	beer.rf	11.0	г	549.0	rub	универсальные дрожжи для эля. nottingham предлагает высокую производительность с каждой партией, позволяя пивоварам охватить широкий спектр стилей пива с помощью только одного типа дрожжей. диапазон брожения: 10-22°c. годен до универсальные дрожжи для эля. nottingham предлагает высокую производительность с каждой партией, позволяя пивоварам охватить широкий спектр стилей пива с помощью только одного типа дрожжей. диапазон брожения: 10-22°c. годен до	nottingham - это штамм дрожжей, который используется для производства английского эля. он отличается высокой производительностью и универсальностью, что делает его идеальным выбором для различных видов пива. классические сорта эля, которые можно приготовить с использованием дрожжей nottingham, включают пейл эль, янтарный эль, портер, стаут и ячменное вино, известное как барлейвайн. этот штамм дрожжей позволяет создавать различные сорта пива, выходящие за пределы стандартных стилей. например, вы можете использовать nottingham для приготовления золотого эля, который обладает более ярким и солнечным вкусом. кроме того, вы можете попробовать сварить кёльш - легкое и освежающее пиво, идеально подходящее для летних вечеров. nottingham - это штамм дрожжей, который используется для производства английского эля. он отличается высокой производительностью и универсальностью, что делает его идеальным выбором для различных видов пива. классические сорта эля, которые можно приготовить с использованием дрожжей nottingham, включают пейл эль, янтарный эль, портер, стаут и ячменное вино, известное как барлейвайн. этот штамм дрожжей позволяет создавать различные сорта пива, выходящие за пределы стандартных стилей. например, вы можете использовать nottingham для приготовления золотого эля, который обладает более ярким и солнечным вкусом. кроме того, вы можете попробовать сварить кёльш - легкое и освежающее пиво, идеально подходящее для летних вечеров. стили пива: почти все виды элей, лагеров: пейл эль, янтарные эли, портеры, стауты, барлевайн, золотой эль, кёльш, лагерные сорта, индийский пейл эль, имперский стаут.	https://бир.рф/shop/319/desc/pivnye-drozhzhi-nottingham-high-performance-ale-lallemand-11-g	77.0 %	высокая	10.0-22.0 °c	14.0 %		
297	yeast	new world strong ale m42	mangrove jacks	великобритания	дрожжи элевые	beer.rf	10.0	г	385.0	rub	элевый штамм верхового брожения, который подходит для многих видов элей с любым содержанием алкоголя. диапазон брожения: 16-22°c. годен до элевый штамм верхового брожения, который подходит для многих видов элей с любым содержанием алкоголя. диапазон брожения: 16-22°c. годен до	new world strong ale m42 - это универсальный штамм верхового брожения, который идеально подходит для различных видов эля с любым содержанием алкоголя. они обладают нейтральным дрожжевым ароматом, который позволяет полностью раскрыться солодовым и хмелевым нотам в каждом пиве. в аромате преобладают запахи хмеля и солода, а дрожжи подчеркивают землистые, ореховые, апельсиновые и пряные нюансы. в пиве с обычной крепостью, сброженном при температуре до 20°c, эфиры практически отсутствуют. пиво, приготовленное с использованием этих дрожжей, имеет сухой вкус, но даже самые легкие сорта не будут казаться водянистыми. кислинка практически отсутствует, а тело пива легкое и бархатистое, не оставляющее ощущения вяжущести. благодаря высокой флокуляции и отсутствию автолиза, этот штамм идеально подходит для долгого созревания в бутылках. дрожжи идеальны для крепких сортов пива, образуя больше эфиров. они придают напитку приятные оттенки спелого яблока, груши и банана. пиво останется сухим, но в послевкусии сохранится сладость солода с его характерными нюансами и сложностью. алкоголь будет приятно согревать, но не оставит обжигающего ощущения.	https://бир.рф/shop/291/desc/pivnye-drozhzhi-new-world-strong-ale-m42-mangrove-jacks-10-g			20.0 °c			
298	yeast	new england	lallemand	австрия	дрожжи элевые	beer.rf	11.0	г	549.0	rub	верховые дрожжи, выведенные специально для сортов пива в стиле east coast ale. производят уникальный профиль из сложных фруктовых эфиров. диапазон брожения: 15-22°c. годен до верховые дрожжи, выведенные специально для сортов пива в стиле east coast ale. производят уникальный профиль из сложных фруктовых эфиров. диапазон брожения: 15-22°c. годен до	пивные дрожжи new england - это особые дрожжи, специально разработанные для использования в пиве в стиле east coast ale. они создают уникальный профиль, обогащенный сложными фруктовыми эфирами. lalbrew new england обеспечивает насыщенные тропические и фруктовые ароматы, особенно с оттенками персика. благодаря наличию фермента β-глюкозидазы, эти дрожжи могут стимулировать биотрансформацию хмеля, усиливая его вкус и аромат. пивные дрожжи new england - это особые дрожжи, специально разработанные для использования в пиве в стиле east coast ale. они создают уникальный профиль, обогащенный сложными фруктовыми эфирами. lalbrew new england обеспечивает насыщенные тропические и фруктовые ароматы, особенно с оттенками персика. благодаря наличию фермента β-глюкозидазы, эти дрожжи могут стимулировать биотрансформацию хмеля, усиливая его вкус и аромат. стили пива: new england ipa (ne ipa)	https://бир.рф/shop/315/desc/pivnye-drozhzhi-new-england-lallemand-11-g	77.0 %	низкая	15.0-22.0 °с	9.0 %		
300	yeast	liberty bell ale m36	mangrove jacks	великобритания	дрожжи элевые	beer.rf	10.0	г	345.0	rub	элевые дрожжи верхового брожения, подходящие для большого разнообразия охмеленных сортов пива. диапазон брожения: 18-23°c. годен до элевые дрожжи верхового брожения, подходящие для большого разнообразия охмеленных сортов пива. диапазон брожения: 18-23°c. годен до	liberty bell ale m36 - это элевые дрожжи верхового брожения, которые идеально подходят для множества охмеленных сортов пива. они способны создавать легкие и изысканные фруктовые эфиры, а также помогают развивать солодовый характер готового напитка. в результате брожения, в пиве сохраняются чистые и изысканные ароматы солода и хмеля. если в пиве преобладают яркие хмелевые или солодовые ароматы, то ароматические характеристики этого штамма могут быть несколько приглушены.	https://бир.рф/shop/292/desc/pivnye-drozhzhi-liberty-bell-ale-m36-mangrove-jacks-10-g			18.0-23.0 °c			
302	yeast	lalbrew pomona	lallemand	австрия	дрожжи элевые	beer.rf	11.0	г	487.0	rub	универсальные дрожжи для охмелённых стилей с фруктовым ароматом, обеспечивающие стабильную мутность и высокий потенциал биотрансформации. годен до универсальные дрожжи для охмелённых стилей с фруктовым ароматом, обеспечивающие стабильную мутность и высокий потенциал биотрансформации. годен до	lalbrew pomona - это гибридные дрожжи, отобранные для улучшения вкуса и процесса брожения в охмелённых пивных стилях. названные в честь богини плодовых деревьев, они создают уникальный и сочный вкус с нотами персика, цитрусовых и тропических фруктов. дрожжи были разработаны в сотрудничестве с лабораторией escarpment laboratories (канада) с использованием передовых методов селекции и эволюции дрожжей в условиях брожения ipa с высоким содержанием алкоголя и хмеля. результат - фруктовый, стрессоустойчивый и стойкий штамм, который усиливает биотрансформацию и мутность для современных стилей ipa. для создания этих дрожжей использовали метод селекции, скрещивая высокоароматный штамм с суперустойчивым и надёжным. затем применили процесс адаптивной лабораторной эволюции, чтобы адаптировать их к уникальным условиям брожения ipa, улучшив биотрансформацию и усилив мутность. результат - отличный новый штамм для современных охмелённых стилей. lalbrew pomona - это гибридные дрожжи, отобранные для улучшения вкуса и процесса брожения в охмелённых пивных стилях. названные в честь богини плодовых деревьев, они создают уникальный и сочный вкус с нотами персика, цитрусовых и тропических фруктов. дрожжи были разработаны в сотрудничестве с лабораторией escarpment laboratories (канада) с использованием передовых методов селекции и эволюции дрожжей в условиях брожения ipa с высоким содержанием алкоголя и хмеля. результат - фруктовый, стрессоустойчивый и стойкий штамм, который усиливает биотрансформацию и мутность для современных стилей ipa. для создания этих дрожжей использовали метод селекции, скрещивая высокоароматный штамм с суперустойчивым и надёжным. затем применили процесс адаптивной лабораторной эволюции, чтобы адаптировать их к уникальным условиям брожения ipa, улучшив биотрансформацию и усилив мутность. результат - отличный новый штамм для современных охмелённых стилей. стили пива: new england ipa, american ipa, session ipa, стили предполагающие фруктовый профиль брожения и допускающие мутность.	https://бир.рф/shop/1973/desc/pivnye-drozhzhi-lalbrew-pomona-lallemand-11-g	79.5 %	средняя	18.0-22.0 °с	14.0 %		
304	yeast	lager yeast bf27	angel yeast	китай	дрожжи лагерные	beer.rf	12.0	г	1190.0	rub	bf27 пивоваренные дрожжи низового брожения для лагеров с акцентом на солод и хмель. ближайший аналог saflager w 34/70 годен до bf27 пивоваренные дрожжи низового брожения для лагеров с акцентом на солод и хмель. ближайший аналог saflager w 34/70 годен до	bf27 - классические дрожжи для производства лагерного пива. сбраживают хорошо, сухо и быстро. ароматика пива чистая, хмелевые тона ощутимы, без сернистых тонов. в отличии от bf16, дают меньше эфиров, что помогает хмелю раскрыться. пиво получается «хрустящим» и чистым.	https://бир.рф/shop/2076/desc/pivnye-drozhzhi-lager-yeast-bf27-angel-12-g-10-sht	78.0-84.0 %	средняя	9.0-20.0 °с	10.0 %	отрицательно	отрицательно
306	yeast	lager yeast bf27	angel yeast	китай	дрожжи лагерные	beer.rf	12.0	г	149.0	rub	bf27 пивоваренные дрожжи низового брожения для лагеров с акцентом на солод и хмель. ближайший аналог saflager w 34/70 годен до bf27 пивоваренные дрожжи низового брожения для лагеров с акцентом на солод и хмель. ближайший аналог saflager w 34/70 годен до	bf27 - классические дрожжи для производства лагерного пива. сбраживают хорошо, сухо и быстро. ароматика пива чистая, хмелевые тона ощутимы, без сернистых тонов. в отличии от bf16, дают меньше эфиров, что помогает хмелю раскрыться. пиво получается «хрустящим» и чистым.	https://бир.рф/shop/2077/desc/pivnye-drozhzhi-lager-yeast-bf27-angel-12-g	78.0-84.0 %	средняя	9.0-20.0 °с	10.0 %	отрицательно	отрицательно
308	yeast	lager yeast bf16	angel yeast	китай	дрожжи лагерные	beer.rf	12.0	г	1190.0	rub	bf-16 пивоваренные дрожжи низового брожения для лагеров с акцентом на солод. ближайший аналог saflager s-23. годен до bf-16 пивоваренные дрожжи низового брожения для лагеров с акцентом на солод. ближайший аналог saflager s-23. годен до	bf16 классические дрожжи для производства лагерного пива с акцентом на солод. хорошо и быстро сбраживают. ароматика пива чистая, солодовая, немного эфирная, без сернистых тонов. уровень диацетила минимальный. подходят для большого числа сортов лагерного пива.	https://бир.рф/shop/1607/desc/pivnye-drozhzhi-lager-yeast-bf16-angel-12-g-10-sht	78.0-84.0 %	средняя	9.0-20.0 °с	10.0 %	отрицательно	отрицательно
310	yeast	lager yeast bf16	angel yeast	китай	дрожжи лагерные	beer.rf	12.0	г	149.0	rub	bf-16 пивоваренные дрожжи низового брожения для лагеров с акцентом на солод. ближайший аналог saflager s-23. годен до bf-16 пивоваренные дрожжи низового брожения для лагеров с акцентом на солод. ближайший аналог saflager s-23. годен до	bf16 классические дрожжи для производства лагерного пива с акцентом на солод. хорошо и быстро сбраживают. ароматика пива чистая, солодовая, немного эфирная, без сернистых тонов. уровень диацетила минимальный. подходят для большого числа сортов лагерного пива.	https://бир.рф/shop/1157/desc/pivnye-drozhzhi-lager-yeast-bf16-angel-12-g	78.0-84.0 %	средняя	9.0-20.0 °с	10.0 %	отрицательно	отрицательно
312	yeast	voss kveik	lallemand	австрия	дрожжи элевые	beer.rf	11.0	г	549.0	rub	дрожжи верхового брожения lalbrew voss kveik, выведенные специально для сбраживания элевых сортов при экстремально высоких температурах без побочных эффектов. диапазон брожения: 25-40°c. годен до дрожжи верхового брожения lalbrew voss kveik, выведенные специально для сбраживания элевых сортов при экстремально высоких температурах без побочных эффектов. диапазон брожения: 25-40°c. годен до	пивные дрожжи voss kveik - обладают стабильным вкусо-ароматическим профилем при любых температурах брожения. они имеют нейтральный характер с легкими фруктовыми нотами и ароматом цитрусовых, особенно апельсина. кроме того, эти дрожжи обладают высокой флокуляцией, что способствует образованию плотного осадка и позволяет получить чистое и прозрачное пиво без использования фильтрации или других методов очистки. lalbrew® voss позволяет использовать широкий диапазон температур брожения 25-40°c с оптимальным диапазоном 35-40°c пивные дрожжи voss kveik - обладают стабильным вкусо-ароматическим профилем при любых температурах брожения. они имеют нейтральный характер с легкими фруктовыми нотами и ароматом цитрусовых, особенно апельсина. кроме того, эти дрожжи обладают высокой флокуляцией, что способствует образованию плотного осадка и позволяет получить чистое и прозрачное пиво без использования фильтрации или других методов очистки. lalbrew® voss позволяет использовать широкий диапазон температур брожения 25-40°c с оптимальным диапазоном 35-40°c исследования показывают, что подача lalbrew® voss непосредственно в сусло без предварительной регидратации часто приводит к лучшей производительности, включая более короткую лаг-фазу и лучшую аттенюацию. стили пива: : от норвежского фермерского эля до пэйл эля и ipa.	https://бир.рф/shop/322/desc/pivnye-drozhzhi-voss-kveik-lallemand-11-g		высокая	25.0-40.0 °с	12.0 %		
314	yeast	verdant ipa	lallemand	австрия	дрожжи элевые	beer.rf	11.0	г	549.0	rub	очень универсальные дрожжи и хорошо подходят для neipa, мутных ipa, английских ipa и биттеров, американских светлых элей, стаутов и многих других стилей пива. диапазон брожения: 18-23°c. годен до очень универсальные дрожжи и хорошо подходят для neipa, мутных ipa, английских ipa и биттеров, американских светлых элей, стаутов и многих других стилей пива. диапазон брожения: 18-23°c. годен до	"пивные дрожжи verdant ipa - являются универсальными и идеально подходят для многих стилей пива, включая neipa, мутные ipa, английские ipa и биттеры, американские светлые эли, стауты и многие другие. этот штамм дрожжей был специально разработан в сотрудничестве с verdant brewing co., ведущим производителем крафтового пива в великобритании. одной из особенностей дрожжей ""verdant ipa"" является их выдающийся аромат и вкус. они обладают яркими нотами абрикоса и тропических фруктов, которые плавно переходят в цитрусовые оттенки. это придает пиву особую свежесть и ароматность. благодаря средне-высокому уровню сбраживания, verdant ipa обеспечивает мягкий и сбалансированный солодовый профиль, придавая пиву немного более плотную текстуру по сравнению с типичными американскими штаммами дрожжей для ipa. пивные дрожжи verdant ipa - являются универсальными и идеально подходят для многих стилей пива, включая neipa, мутные ipa, английские ipa и биттеры, американские светлые эли, стауты и многие другие. этот штамм дрожжей был специально разработан в сотрудничестве с verdant brewing co., ведущим производителем крафтового пива в великобритании. одной из особенностей дрожжей ""verdant ipa"" является их выдающийся аромат и вкус. они обладают яркими нотами абрикоса и тропических фруктов, которые плавно переходят в цитрусовые оттенки. это придает пиву особую свежесть и ароматность. благодаря средне-высокому уровню сбраживания, verdant ipa обеспечивает мягкий и сбалансированный солодовый профиль, придавая пиву немного более плотную текстуру по сравнению с типичными американскими штаммами дрожжей для ipa. стили пива: neipa, hazy ipa, english ipa, american pale, english bitter, sweet stout, sours."	https://бир.рф/shop/321/desc/pivnye-drozhzhi-verdant-ipa-lallemand-11-g	77.0 %		18.0-23.0 °c	10.0 %		
317	yeast	us west coast m44	mangrove jacks	великобритания	дрожжи элевые	beer.rf	10.0	г	405.0	rub	активные сухие дрожжи подходят для американских стилей эля, с исключительно чистым ароматом акцентированного хмеля. диапазон брожения: 18-23°c. годен до активные сухие дрожжи подходят для американских стилей эля, с исключительно чистым ароматом акцентированного хмеля. диапазон брожения: 18-23°c. годен до	us west coast m44 - штамм дрожжей верхового брожения подходящий для приготовления американского эля. эти дрожжи дают исключительно чистый вкус, идеально подходящий для тех случаев, когда необходимо по-настоящему раскрыть характер хмеля или жаренного солода в пиве. дрожжи подойдут как для светлого эля в американском стиле (apa), американских разновидностей ipa, так и для имперского стаута в американском стиле и многих других элевых сортов. us west coast m44 - штамм дрожжей верхового брожения подходящий для приготовления американского эля. эти дрожжи дают исключительно чистый вкус, идеально подходящий для тех случаев, когда необходимо по-настоящему раскрыть характер хмеля или жаренного солода в пиве. дрожжи подойдут как для светлого эля в американском стиле (apa), американских разновидностей ipa, так и для имперского стаута в американском стиле и многих других элевых сортов. этот штамм обладает быстрым началом, но продолжительным процессом брожения, который занимает около двух недель до окончания осаждения дрожжей. пена, образующаяся в результате брожения, будет плотной, сливочной и иногда объемной. терпеливо приготовленное пиво с этими дрожжами будет иметь приятный сухой и нейтральный вкус с небольшой освежающей кислинкой, подчеркивающей цитрусовые характеристики хмеля.	https://бир.рф/shop/294/desc/pivnye-drozhzhi-us-west-coast-m44-mangrove-jacks-10-g			18.0-23.0 °c			
319	yeast	saison ale yeast cs31	angel yeast	китай	дрожжи элевые	beer.rf	12.0	г	1190.0	rub	отличные дрожжи для производства элей, которые могут помочь произвести напиток с приятным фруктовым ароматом. ближайший аналог safale be-134. годен до отличные дрожжи для производства элей, которые могут помочь произвести напиток с приятным фруктовым ароматом. ближайший аналог safale be-134. годен до	cs-31 обладают фенольными и фруктовыми ароматами, в зависимости от условий: при низких температурах проявляются перечные,пряные ароматы, а при высоких доминируют фруктовые, банановые оттенки. диастатическая способность может привести к повторной ферментации пива. дрожжи могут сбраживать мальтотриозу, декстрины до простых сахаров и степень сбраживания может достигать до 90%	https://бир.рф/shop/1605/desc/pivnye-drozhzhi-saison-ale-yeast-cs31-angel-12-g-10-sht	83.0-94.0 %	низкая	10.0-30.0 °с	14.0 %	положительно	положительно
321	yeast	saison ale yeast cs31	angel yeast	китай	дрожжи элевые	beer.rf	12.0	г	149.0	rub	отличные дрожжи для производства элей, которые могут помочь произвести напиток с приятным фруктовым ароматом. ближайший аналог safale be-134. годен до отличные дрожжи для производства элей, которые могут помочь произвести напиток с приятным фруктовым ароматом. ближайший аналог safale be-134. годен до	cs-31 обладают фенольными и фруктовыми ароматами, в зависимости от условий: при низких температурах проявляются перечные,пряные ароматы, а при высоких доминируют фруктовые, банановые оттенки. диастатическая способность может привести к повторной ферментации пива. дрожжи могут сбраживать мальтотриозу, декстрины до простых сахаров и степень сбраживания может достигать до 90%	https://бир.рф/shop/1158/desc/pivnye-drozhzhi-saison-ale-yeast-cs31-angel-12-g	83.0-94.0 %	низкая	10.0-30.0 °с	14.0 %	положительно	положительно
323	yeast	saflager w34/70	beergineer	россия	дрожжи лагерные	beer.rf	10.0	г	268.0	rub	штамм дрожжей от weihenstephan известен своей надежностью и предсказуемостью в процессе брожения, что делает его популярным среди пивоваров. он способствует созданию пива с отличной питкостью, гладкой текстурой и хорошо сбалансированным профилем вкуса. годен до штамм дрожжей от weihenstephan известен своей надежностью и предсказуемостью в процессе брожения, что делает его популярным среди пивоваров. он способствует созданию пива с отличной питкостью, гладкой текстурой и хорошо сбалансированным профилем вкуса. годен до	сафлагер w-34/70 - это штамм дрожжей, разработанный в weihenstephan и широко используемый в пивоваренной промышленности для производства пива низового брожения. этот штамм обладает рядом характеристик, которые делают его популярным среди пивоваров. он позволяет производить хорошо сбалансированное пиво с фруктовым и цветочным ароматом, отличной питкостью и тонким вкусом. фасовка от beergineer: мы стремимся сделать доступными эксклюзивные коммерческие продукты для домашнего пивовара. фасовка продуктов проходит в герметичном стерильном боксе с полным удалением воздуха из расфасованной упаковки. сафлагер w-34/70 - это штамм дрожжей, разработанный в weihenstephan и широко используемый в пивоваренной промышленности для производства пива низового брожения. этот штамм обладает рядом характеристик, которые делают его популярным среди пивоваров. он позволяет производить хорошо сбалансированное пиво с фруктовым и цветочным ароматом, отличной питкостью и тонким вкусом. фасовка от beergineer: мы стремимся сделать доступными эксклюзивные коммерческие продукты для домашнего пивовара. фасовка продуктов проходит в герметичном стерильном боксе с полным удалением воздуха из расфасованной упаковки.	https://бир.рф/shop/1681/desc/pivnye-drozhzhi-saflager-w34-70-fermentis-beergineer-10-g			9.0-22.0 °c	9.2 %		
325	yeast	saflager w-34/70	fermentis	бельгия	дрожжи лагерные	beer.rf	500.0	г	8590.0	rub	известный лагерный штамм дрожжей от weihenstephan используется во всём мире. производит хорошо сбалансированное пиво с фруктовым и цветочным ароматом, с отличной питкостью и с тонким вкусом. диапазон брожения: 10-15°c. годен до известный лагерный штамм дрожжей от weihenstephan используется во всём мире. производит хорошо сбалансированное пиво с фруктовым и цветочным ароматом, с отличной питкостью и с тонким вкусом. диапазон брожения: 10-15°c. годен до	пивные дрожжи saflager w-34/70 - это штамм дрожжей, разработанный в weihenstephan и широко используемый в пивоваренной промышленности для производства пива низового брожения. этот штамм обладает рядом характеристик, которые делают его популярным среди пивоваров. он позволяет производить хорошо сбалансированное пиво с фруктовым и цветочным ароматом, отличной питкостью и тонким вкусом. пивные дрожжи saflager w-34/70 - это штамм дрожжей, разработанный в weihenstephan и широко используемый в пивоваренной промышленности для производства пива низового брожения. этот штамм обладает рядом характеристик, которые делают его популярным среди пивоваров. он позволяет производить хорошо сбалансированное пиво с фруктовым и цветочным ароматом, отличной питкостью и тонким вкусом.	https://бир.рф/shop/1109/desc/pivnye-drozhzhi-saflager-w-34-70-fermentis-500-g	82.0 %	высокая	9.0-22.0 °c	10.5 %		
327	yeast	saflager w-34/70	fermentis	бельгия	дрожжи лагерные	beer.rf	5.0	г	530.0	rub	известный лагерный штамм дрожжей от weihenstephan используется во всём мире. производит хорошо сбалансированное пиво с фруктовым и цветочным ароматом, с отличной питкостью и с тонким вкусом. диапазон брожения: 10-15°c. годен до известный лагерный штамм дрожжей от weihenstephan используется во всём мире. производит хорошо сбалансированное пиво с фруктовым и цветочным ароматом, с отличной питкостью и с тонким вкусом. диапазон брожения: 10-15°c. годен до	пивные дрожжи saflager w-34/70 - это штамм дрожжей, разработанный в weihenstephan и широко используемый в пивоваренной промышленности для производства пива низового брожения. этот штамм обладает рядом характеристик, которые делают его популярным среди пивоваров. он позволяет производить хорошо сбалансированное пиво с фруктовым и цветочным ароматом, отличной питкостью и тонким вкусом. пивные дрожжи saflager w-34/70 - это штамм дрожжей, разработанный в weihenstephan и широко используемый в пивоваренной промышленности для производства пива низового брожения. этот штамм обладает рядом характеристик, которые делают его популярным среди пивоваров. он позволяет производить хорошо сбалансированное пиво с фруктовым и цветочным ароматом, отличной питкостью и тонким вкусом.	https://бир.рф/shop/287/desc/pivnye-drozhzhi-saflager-w-34-70-fermentis-11-5-g	80.0-84.0 %	высокая	9.0-22.0 °c	9.0-11.0 %		
329	yeast	saflager s-23	fermentis	бельгия	дрожжи лагерные	beer.rf	5.0	г	490.0	rub	дрожжи низового брожения из берлинского института позволяют получить более полнотелый лагер с фруктовыми и эфирными оттенками. диапазон брожения: 12-15°c. годен до дрожжи низового брожения из берлинского института позволяют получить более полнотелый лагер с фруктовыми и эфирными оттенками. диапазон брожения: 12-15°c. годен до	пивные дрожжи низового брожения родом из берлина, германия. saflager s-23 рекомендуется для производства более фруктовых и эфирных лагеров. его профиль делает пиво с хорошим более длительным вкусом. пивные дрожжи низового брожения родом из берлина, германия. saflager s-23 рекомендуется для производства более фруктовых и эфирных лагеров. его профиль делает пиво с хорошим более длительным вкусом. стили пива: лагер, богемский пилзнер	https://бир.рф/shop/288/desc/pivnye-drozhzhi-saflager-s-23-fermentis-11-5-g	80.0-84.0 %	высокая	12.0-18.0 °c	9.0-11.0 %		
331	yeast	saflager s-189	fermentis	бельгия	дрожжи лагерные	beer.rf	5.0	г	524.3	rub	дрожжи низового брожения из швейцарской пивоварни обладают достаточно нейтральной ароматикой в пиве с превосходной питкостью. диапазон брожения: 12-15°c. годен до дрожжи низового брожения из швейцарской пивоварни обладают достаточно нейтральной ароматикой в пиве с превосходной питкостью. диапазон брожения: 12-15°c. годен до	пивоварня hrlimann в швейцарии является местом происхождения пивных дрожжей saflager s-189. этот штамм специально разработан для приготовления лагерного пива с нейтральным вкусом и высокой питкостью - пиво будет иметь освежающие и легко пьющийся свойства. однако, в зависимости от условий производства, saflager s-189 также придает пиву цветочные и травяные нотки, делая его еще более интересным и насыщенным. пивоварня hrlimann в швейцарии является местом происхождения пивных дрожжей saflager s-189. этот штамм специально разработан для приготовления лагерного пива с нейтральным вкусом и высокой питкостью - пиво будет иметь освежающие и легко пьющийся свойства. однако, в зависимости от условий производства, saflager s-189 также придает пиву цветочные и травяные нотки, делая его еще более интересным и насыщенным. стили пива: все лагеры	https://бир.рф/shop/289/desc/pivnye-drozhzhi-saflager-s-189-fermentis-11-5-g	80.0-84.0 %	высокая	12.0-18.0 °c	9.0-11.0 %		
333	yeast	safbrew la-01	beergineer	россия	дрожжи безалкогольные	beer.rf	10.0	г	310.0	rub	дрожжи для производства безалкольного пива. не сбраживают мальтозу и более сложные сахара, а только самые простые - глюкоза, фруктоза и сахароза. диапазон брожения: 15-25°c. фасовка от бренда beergineer. годен до дрожжи для производства безалкольного пива. не сбраживают мальтозу и более сложные сахара, а только самые простые - глюкоза, фруктоза и сахароза. диапазон брожения: 15-25°c. фасовка от бренда beergineer. годен до	safbrew™ la-01 - это особый вид дрожжей saccharomyces cerevisiae var. chevalieri, разработанный специально для производства слабоалкогольных и безалкогольных напитков (<0,5 abv). эти дрожжи не могут усваивать мальтозу и мальтотриозу, но успешно сбраживают простые сахара (глюкозу, фруктозу и сахарозу) и обладают приятным ароматическим профилем. дрожжи образуют небольшой осадок, который не уплотняется и может вызывать мутность в пиве при встряхивании. данный штамм pof+ особенно эффективен для производства безалкогольного пива из сырья, богатого феруловой кислотой и п-кумаровой кислотой, такого как пшеница. пиво на дрожжах safbrew™ la-01 можно варить в различных стилях, включая лагерное и пшеничное. в зависимости от состава солодовой смеси пиво может быть светлым или темным.	https://бир.рф/shop/1643/desc/pivnye-drozhzhi-safbrew-la-01-fermentis-beergineer-10-g			15.0-25.0 °c			
335	yeast	safale wb-06	fermentis	бельгия	дрожжи элевые	beer.rf	500.0	г	6990.0	rub	дрожжи для немецкого пшеничного эля (вайцен). ниже 22 °c дают аромат клевера, а выше 23 °c банан. долго остаются во взвешенном состояние, что характерно для хефевайцена. диапазон брожения: 18-24°c годен до дрожжи для немецкого пшеничного эля (вайцен). ниже 22 °c дают аромат клевера, а выше 23 °c банан. долго остаются во взвешенном состояние, что характерно для хефевайцена. диапазон брожения: 18-24°c годен до	safale wb-06 - это пивные дрожжи, которые добавляют фруктовый и фенольный характер напитку, который может изменяться в зависимости от условий брожения. они идеально подходят для пива на основе пшеницы, таких как бельгийский и немецкий стили, например, витбиры и вайцены. когда используются эти дрожжи, пиво получается хорошо выброженным и обладает типичными фенольными нотами, характерными для пшеничного пива. одна из особенностей safale wb-06 заключается в том, что они позволяют варить пиво с высоким профилем питкости. это означает, что пиво будет иметь мягкий и легко пьющийся вкус. кроме того, эти дрожжи обладают отличной способностью к суспендированию во время брожения. это означает, что они хорошо перемешиваются и равномерно распределяются по всему напитку, придавая ему повышенную мутность safale wb-06 - это пивные дрожжи, которые добавляют фруктовый и фенольный характер напитку, который может изменяться в зависимости от условий брожения. они идеально подходят для пива на основе пшеницы, таких как бельгийский и немецкий стили, например, витбиры и вайцены. когда используются эти дрожжи, пиво получается хорошо выброженным и обладает типичными фенольными нотами, характерными для пшеничного пива. одна из особенностей safale wb-06 заключается в том, что они позволяют варить пиво с высоким профилем питкости. это означает, что пиво будет иметь мягкий и легко пьющийся вкус. кроме того, эти дрожжи обладают отличной способностью к суспендированию во время брожения. это означает, что они хорошо перемешиваются и равномерно распределяются по всему напитку, придавая ему повышенную мутность стили пива: хефевайцен (дрожжевое пшеничное), кристалвайцен (прозрачное пшеничное), дункельвайцен (темное пшеничное), вайценбок (крепкое пшеничное), витбир (бельгийское пшеничное)	https://бир.рф/shop/1117/desc/pivnye-drozhzhi-safale-wb-06-fermentis-500-g	81.0 %	низкая	12.0-25.0 °c	9.2 %		
337	yeast	safale wb-06	fermentis	франция	дрожжи элевые	beer.rf	5.0	г	429.0	rub	дрожжи для немецкого пшеничного (вайцена). ниже 22 °c дают фенольный аромат клевера или гвоздики, а выше 23 °c банановые эфиры. долго остаются во взвешенном состояние, что характерно для хефевайцена. диапазон брожения: 18-24°c. годен до дрожжи для немецкого пшеничного (вайцена). ниже 22 °c дают фенольный аромат клевера или гвоздики, а выше 23 °c банановые эфиры. долго остаются во взвешенном состояние, что характерно для хефевайцена. диапазон брожения: 18-24°c. годен до	safale wb-06 - это пивные дрожжи, которые добавляют фруктовый и фенольный характер напитку, который может изменяться в зависимости от условий брожения. они идеально подходят для пива на основе пшеницы, таких как бельгийский и немецкий стили, например, витбиры и вайцены. когда используются эти дрожжи, пиво получается хорошо выброженным и обладает типичными фенольными нотами, характерными для пшеничного пива. одна из особенностей safale wb-06 заключается в том, что они позволяют варить пиво с высоким профилем питкости. это означает, что пиво будет иметь освежающий и легко пьющийся вкус. кроме того, эти дрожжи обладают отличной способностью к суспендированию во время брожения. это означает, что они хорошо перемешиваются и равномерно распределяются по всему напитку, придавая ему повышенную мутность safale wb-06 - это пивные дрожжи, которые добавляют фруктовый и фенольный характер напитку, который может изменяться в зависимости от условий брожения. они идеально подходят для пива на основе пшеницы, таких как бельгийский и немецкий стили, например, витбиры и вайцены. когда используются эти дрожжи, пиво получается хорошо выброженным и обладает типичными фенольными нотами, характерными для пшеничного пива. одна из особенностей safale wb-06 заключается в том, что они позволяют варить пиво с высоким профилем питкости. это означает, что пиво будет иметь освежающий и легко пьющийся вкус. кроме того, эти дрожжи обладают отличной способностью к суспендированию во время брожения. это означает, что они хорошо перемешиваются и равномерно распределяются по всему напитку, придавая ему повышенную мутность стили пива: хефевайцен (дрожжевое пшеничное), кристалвайцен (прозрачное пшеничное), дункельвайцен (темное пшеничное), вайценбок (крепкое пшеничное), витбир (бельгийское пшеничное)	https://бир.рф/shop/286/desc/pivnye-drozhzhi-safale-wb-06-fermentis-11-5-g	86.0-90.0 %	низкая	18.0-26.0 °c	9.0-11.0 %		
339	yeast	safale wb-06	beergineer	россия	дрожжи элевые	beer.rf	10.0	г	235.0	rub	специализированные дрожжи, подобранные специально для брожения пшеничного пива в немецком стиле, являются ключевым ингредиентом, который придает этому сорту пива особый характер. годен до специализированные дрожжи, подобранные специально для брожения пшеничного пива в немецком стиле, являются ключевым ингредиентом, который придает этому сорту пива особый характер. годен до	фасовка от beergineer: мы стремимся сделать доступными эксклюзивные коммерческие продукты для домашнего пивовара. фасовка продуктов проходит в герметичном стерильном боксе с полным удалением воздуха из расфасованной упаковки. фасовка от beergineer: мы стремимся сделать доступными эксклюзивные коммерческие продукты для домашнего пивовара. фасовка продуктов проходит в герметичном стерильном боксе с полным удалением воздуха из расфасованной упаковки.	https://бир.рф/shop/1680/desc/pivnye-drozhzhi-safale-wb-06-fermentis-beergineer-10-g			22.0 °c	9.2 %		
341	yeast	safale w-68	fermentis	франция	дрожжи элевые	beer.rf	5.0	г	374.5	rub	для производства ароматного пшеничного пива в немецком стиле с типичным фенольным (гвоздичным) характером и богатыми фруктовыми и банановыми нотками. годен до для производства ароматного пшеничного пива в немецком стиле с типичным фенольным (гвоздичным) характером и богатыми фруктовыми и банановыми нотками. годен до	safale w-68 - это штамм дрожжей, специально разработанный компанией fermentis для производства пива в немецком пшеничном стиле, известного своим характерным фенольным вкусом, напоминающим гвоздику, а также богатыми фруктовыми и банановыми нотами. этот штамм подходит для широкого спектра сортов пива на основе пшеницы, включая классические пшеничные сорта, а также фруктово-пряные стили, где его способность подчеркивать фруктовые и пряные ароматы будет особенно ценна. safale w-68 - это штамм дрожжей, специально разработанный компанией fermentis для производства пива в немецком пшеничном стиле, известного своим характерным фенольным вкусом, напоминающим гвоздику, а также богатыми фруктовыми и банановыми нотами. этот штамм подходит для широкого спектра сортов пива на основе пшеницы, включая классические пшеничные сорта, а также фруктово-пряные стили, где его способность подчеркивать фруктовые и пряные ароматы будет особенно ценна. стили пива: хефевайцен (дрожжевое пшеничное), кристалвайцен (прозрачное пшеничное), дункельвайцен (темное пшеничное), вайценбок (крепкое пшеничное), витбир (бельгийское пшеничное)	https://бир.рф/shop/1872/desc/pivnye-drozhzhi-safale-w-68-fermentis-11-5-g	78.0-84.0 %	средняя	18.0-26.0 °c	9.0-11.0 %		
343	yeast	safale us-05	fermentis	бельгия	дрожжи элевые	beer.rf	500.0	г	6990.0	rub	американский элевый штамм дрожжей позволит получить хорошо выброженное пиво с нейтральным дрожжевым ароматом. это даст в большей степени раскрыться хмелю в хорошо охмеленных американских стилях пива. диапазон брожения: 15-22°c. годен до американский элевый штамм дрожжей позволит получить хорошо выброженное пиво с нейтральным дрожжевым ароматом. это даст в большей степени раскрыться хмелю в хорошо охмеленных американских стилях пива. диапазон брожения: 15-22°c. годен до	пивные дрожжи safale us-05 - это американский штамм дрожжей, который прекрасно подходит для создания сбалансированного пива с низким содержанием диацетила и изысканным вкусом. они обладают способностью образовывать плотную пенную шапку и оставаться во взвешенном состоянии во время процесса брожения. дрожжи идеально подходят для американских стилей пива, а также для сортов пива с высоким содержанием хмеля. пивные дрожжи safale us-05 - это американский штамм дрожжей, который прекрасно подходит для создания сбалансированного пива с низким содержанием диацетила и изысканным вкусом. они обладают способностью образовывать плотную пенную шапку и оставаться во взвешенном состоянии во время процесса брожения. дрожжи идеально подходят для американских стилей пива, а также для сортов пива с высоким содержанием хмеля. стили пива: американский эль, apa, ipa	https://бир.рф/shop/1287/desc/pivnye-drozhzhi-safale-us-05-fermentis-500-g	81.0 %	средняя	12.0-25.0 °c	9.2 %		
345	yeast	safale us-05	fermentis	бельгия	дрожжи элевые	beer.rf	5.0	г	340.0	rub	американский элевый штамм дрожжей позволит получить хорошо выброженное пиво с нейтральным дрожжевым ароматом. это даст в большей степени раскрыться хмелю в хорошо охмеленных американских стилях пива. диапазон брожения: 15-22°c. годен до американский элевый штамм дрожжей позволит получить хорошо выброженное пиво с нейтральным дрожжевым ароматом. это даст в большей степени раскрыться хмелю в хорошо охмеленных американских стилях пива. диапазон брожения: 15-22°c. годен до	пивные дрожжи safale us-05 - это американский штамм дрожжей, который прекрасно подходит для создания сбалансированного пива с низким содержанием диацетила и изысканным вкусом. они обладают способностью образовывать плотную пенную шапку и оставаться во взвешенном состоянии во время процесса брожения. дрожжи идеально подходят для американских стилей пива, а также для сортов пива с высоким содержанием хмеля. пивные дрожжи safale us-05 - это американский штамм дрожжей, который прекрасно подходит для создания сбалансированного пива с низким содержанием диацетила и изысканным вкусом. они обладают способностью образовывать плотную пенную шапку и оставаться во взвешенном состоянии во время процесса брожения. дрожжи идеально подходят для американских стилей пива, а также для сортов пива с высоким содержанием хмеля. стили пива: американский эль, apa, ipa	https://бир.рф/shop/285/desc/pivnye-drozhzhi-safale-us-05-fermentis-11-5-g	78.0-82.0 %	средняя	15.0-22.0 °c	9.0-11.0 %		
347	yeast	для виски aw-19	angel yeast	китай	дрожжи вискарные	beer.rf	500.0	г	890.0	rub	для изготовления бурбона, кукурузного и пшеничного виски, а также для производства нейтральных зерновых спиртов и браг с высокой концентрацией эталона. годен до для изготовления бурбона, кукурузного и пшеничного виски, а также для производства нейтральных зерновых спиртов и браг с высокой концентрацией эталона. годен до	дрожжи angel yeast aw-19 - это идеальный выбор для ферментации зернового виски, где важна высокая крепость и стабильность процесса. благодаря своей исключительной устойчивости к алкоголю, температурным колебаниям и кислотности, aw-19 гарантируют быстрое и качественное брожение, создавая при этом чистый и нейтральный спиртовой дистиллят. они идеально подходят для бурбона, кукурузного виски и высокоплотного нейтрального сусла, где определяющими факторами являются выход продукта и стабильность работы. дрожжи angel yeast aw-19 - это идеальный выбор для ферментации зернового виски, где важна высокая крепость и стабильность процесса. благодаря своей исключительной устойчивости к алкоголю, температурным колебаниям и кислотности, aw-19 гарантируют быстрое и качественное брожение, создавая при этом чистый и нейтральный спиртовой дистиллят. они идеально подходят для бурбона, кукурузного виски и высокоплотного нейтрального сусла, где определяющими факторами являются выход продукта и стабильность работы. разведите необходимое количество дрожжей в 5-10-кратном объеме чистой воды или слабого сусла при температуре 22-30 °c в течение 7-15 минут. осторожно перемешайте, дайте постоять еще 10-15 минут, затем внесите полученную суспензию в бродильную емкость с температурой сусла 28-32 °c. как правило, процесс брожения завершается за 3-7 дней, в зависимости от состава и плотности сусла. бурбон • кукурузный виски • пшеничный виски • нейтральные зерновые спирты • брожение высокой плотности. алюминиевый вакуумный пакет 500 г	https://бир.рф/shop/2140/desc/drozhzhi-dlja-viski-aw-19-angel-500-g	80.0 %		22.0-30.0 °c			
348	yeast	дрожжевая подкормка springferm br-2	beergineer	франция	дрожжевые подкормки	beer.rf	50.0	г	645.0	rub	питание для дрожжей повышает жизнеспособность дрожжей, увеличивает конечную степень сбраживания и уменьшает содержание диацетила в готовом пиве. годен до питание для дрожжей повышает жизнеспособность дрожжей, увеличивает конечную степень сбраживания и уменьшает содержание диацетила в готовом пиве. годен до		https://бир.рф/shop/1615/desc/drozhzhevaja-podkormka-springferm-br-2-fermentis-50-g						
349	yeast	safcider as-2	fermentis	франция		grainrus	5.0	г	255.0	rub	дрожжи сухие safcider as-2, бельгия, fermentis, пакеты 5 г		https://malt.ru/catalog/drozhzhi/drozhzhi-sukhie-safcider-as-2-belgiya-fermentis-pakety-5-g/						
350	yeast	fruit wine f15	beervingem	россия	дрожжи для фруктовых вин	beer.rf	5.0	г	128.4	rub	предназначены для приготовления фруктовых вин. годен до предназначены для приготовления фруктовых вин. годен до	"винные дрожжи beervingem ""fruit wine f15"" - идеальное решение для создания фруктовых вин с ярким ароматом и неповторимым вкусом. этот штамм дрожжей разработан специально для вин с высоким содержанием фруктового сырья, что вносит улучшения в качество напитка. на объём: 23 л"	https://бир.рф/shop/1230/desc/vinnye-drozhzhi-fruit-wine-f15-beervingem-5-g			10.0-30.0 °с	15.0 %		
351	yeast	кодзи	beergineer	россия	дрожжи кодзи	beer.rf	500.0	г	390.0	rub	дрожжи для крахмального сырья без предварительного осахаривания. содержат набор ферментов для холодного расщепления крахмала. одной пачки хватает на 50-60 кг сырья. диапазон брожения: 22-36°с. годен до дрожжи для крахмального сырья без предварительного осахаривания. содержат набор ферментов для холодного расщепления крахмала. одной пачки хватает на 50-60 кг сырья. диапазон брожения: 22-36°с. годен до	кодзи - эта смесь специально селекционированной плесени, ферментов и дрожжей предназначена для осахаривания и сбраживания различных видов крахмалосодержащего сырья без предварительной обработки. кодзи производится путем инкубации специально выбранных плесневых культур на сырье в определенных условиях. плесень начинает разлагать крахмал, превращая его в сахара, которые затем могут быть сброжены дрожжами для производства алкоголя. этот процесс называется ферментацией и является ключевым этапом в производстве спиртных напитков. примечание: разница температур между реактивированным раствором и общим объемом сусла при внесении в основной затор не должна превышать 10°c. избегайте больших перепадов температуры в помещении.	https://бир.рф/shop/3423/desc/spirtovye-drozhzhi-kodzi-beergineer-500-g			22.0-36.0 °с			
352	yeast	saflager s-189	fermentis	франция		grainrus	11.5	г	390.0	rub	дрожжи пивные saflager s-189, бельгия, fermentis, пакеты 11,5 г		https://malt.ru/catalog/drozhzhi/drozhzhi-pivnye-saflager-s-189-belgiya-fermentis-pakety-11-5-g/						
353	yeast	кодзи	angel yeast	китай	дрожжи кодзи	beer.rf	500.0	г	470.0	rub	дрожжи для крахмального сырья без предварительного осахаривания. содержат набор ферментов для холодного расщепления крахмала. одной пачки хватает на 100 кг сырья. диапазон брожения: 22-36°с. годен до дрожжи для крахмального сырья без предварительного осахаривания. содержат набор ферментов для холодного расщепления крахмала. одной пачки хватает на 100 кг сырья. диапазон брожения: 22-36°с. годен до	кодзи - эта смесь специально селекционированной плесени, ферментов и дрожжей предназначена для осахаривания и сбраживания различных видов крахмалосодержащего сырья без предварительной обработки. кодзи производится путем инкубации специально выбранных плесневых культур на сырье в определенных условиях. плесень начинает разлагать крахмал, превращая его в сахара, которые затем могут быть сброжены дрожжами для производства алкоголя. этот процесс называется ферментацией и является ключевым этапом в производстве спиртных напитков. примечание: разница температур между реактивированным раствором и общим объемом сусла при внесении в основной затор не должна превышать 10°c. избегайте больших перепадов температуры в помещении.	https://бир.рф/shop/333/desc/spirtovye-drozhzhi-kodzi-angel-500-g			22.0-36.0 °с			
354	yeast	safale w-68	fermentis	франция		grainrus	500.0	г	5938.0	rub	дрожжи пивные safale w-68, бельгия, fermentis, пакеты 0,5 кг		https://malt.ru/catalog/drozhzhi/drozhzhi-pivnye-safale-w-68-belgiya-fermentis-pakety-0-5-kg/						
355	yeast	кодзи	angel yeast	китай	дрожжи кодзи	beer.rf	100.0	г	150.0	rub	дрожжи для крахмального сырья без предварительного осахаривания. содержат набор ферментов для холодного расщепления крахмала. одной пачки хватает на 10-12 кг сырья. диапазон брожения: 22-36°с. годен до дрожжи для крахмального сырья без предварительного осахаривания. содержат набор ферментов для холодного расщепления крахмала. одной пачки хватает на 10-12 кг сырья. диапазон брожения: 22-36°с. годен до	кодзи - эта смесь специально селекционированной плесени, ферментов и дрожжей предназначена для осахаривания и сбраживания различных видов крахмалосодержащего сырья без предварительной обработки. кодзи производится путем инкубации специально выбранных плесневых культур на сырье в определенных условиях. плесень начинает разлагать крахмал, превращая его в сахара, которые затем могут быть сброжены дрожжами для производства алкоголя. этот процесс называется ферментацией и является ключевым этапом в производстве спиртных напитков. примечание: разница температур между реактивированным раствором и общим объемом сусла при внесении в основной затор не должна превышать 10°c. избегайте больших перепадов температуры в помещении.	https://бир.рф/shop/2075/desc/spirtovye-drozhzhi-kodzi-angel-100-g			22.0-36.0 °с			
356	yeast	safale w-68	fermentis	франция		grainrus	11.5	г	300.0	rub	дрожжи пивные safale w-68, бельгия, fermentis, пакеты 11,5 г		https://malt.ru/catalog/drozhzhi/drozhzhi-pivnye-safale-w-68-russia-s-belgiya-fermentis-pakety-11-5-g/						
357	yeast	whisky turbo	bragman	великобритания	дрожжи вискарные	beer.rf	72.0	г	454.75	rub	дрожжи для зерновых браг с питательными веществами, что позволит ускорить процесс брожения в отличие от дрожжей не содержащих питательную основу. рассчитаны на 25 литров зерновой браги. диапазон брожения 20-30°c. годен до дрожжи для зерновых браг с питательными веществами, что позволит ускорить процесс брожения в отличие от дрожжей не содержащих питательную основу. рассчитаны на 25 литров зерновой браги. диапазон брожения 20-30°c. годен до		https://бир.рф/shop/351/desc/spirtovye-drozhzhi-whisky-turbo-bragman-72-g			20.0-30.0 °c			
358	yeast	safbrew dw-17	fermentis	франция		grainrus	500.0	г	6270.0	rub	дрожжи пивные safbrew dw-17, франция, fermentis, пакеты 0,5 кг		https://malt.ru/catalog/drozhzhi/drozhzhi-pivnye-safbrew-dw-17-frantsiya-fermentis-pakety-0-5-kg/						
359	yeast	vodka	angel yeast	китай	70 г	beer.rf	70.0	г	120.0	rub	разработаны специально для быстрого сбраживания столового сахара из свеклы, что гарантирует максимальную производительность и чистый, нейтральный профиль. годен до разработаны специально для быстрого сбраживания столового сахара из свеклы, что гарантирует максимальную производительность и чистый, нейтральный профиль. годен до		https://бир.рф/shop/2132/desc/spirtovye-drozhzhi-vodka-angel-70-g						
360	yeast	safale bw-20	fermentis	франция		grainrus	500.0	г	5843.0	rub	дрожжи пивные safale bw-20, бельгия, fermentis, пакеты 0,5 кг		https://malt.ru/catalog/drozhzhi/drozhzhi-pivnye-safale-bw-20-belgiya-fermentis-pakety-0-5-kg/						
361	yeast	spirit 48	angel yeast	китай	дрожжи самогонные	beer.rf	130.0	г	1575.0	rub	спиртоустойчивые дрожжи подходящие для широкого спектра сахарных, зерновых и фруктовых браг с последующей перегонкой. одна пачка рассчитана на 6-8 кг сахара. диапазон брожения 20-35°c. годен до спиртоустойчивые дрожжи подходящие для широкого спектра сахарных, зерновых и фруктовых браг с последующей перегонкой. одна пачка рассчитана на 6-8 кг сахара. диапазон брожения 20-35°c. годен до		https://бир.рф/shop/2071/desc/spirtovye-drozhzhi-spirit-48-angel-130-g-x-10-sht			20.0-35.0 °c			
362	yeast	safbrew ha-18	fermentis	франция		grainrus	25.0	г	615.0	rub	дрожжи пивные safbrew ha-18, бельгия, fermentis, пакеты 25 г		https://malt.ru/catalog/drozhzhi/drozhzhi-pivnye-safbrew-ha-18-belgiya-fermentis-pakety-25-g/						
363	yeast	spirit 48	angel yeast	китай	дрожжи самогонные	beer.rf	130.0	г	190.0	rub	спиртоустойчивые дрожжи подходящие для широкого спектра сахарных, зерновых и фруктовых браг с последующей перегонкой. одна пачка рассчитана на 6-8 кг сахара. диапазон брожения 20-35°c. годен до спиртоустойчивые дрожжи подходящие для широкого спектра сахарных, зерновых и фруктовых браг с последующей перегонкой. одна пачка рассчитана на 6-8 кг сахара. диапазон брожения 20-35°c. годен до		https://бир.рф/shop/2057/desc/spirtovye-drozhzhi-spirit-48-angel-130-g			20.0-35.0 °c			
364	yeast	safale wb-06	fermentis	франция		grainrus	500.0	г		rub	дрожжи пивные safale wb-06, бельгия, fermentis, пакеты 0,5 кг		https://malt.ru/catalog/drozhzhi/safale-wb-06/						
365	yeast	workhorse m10	mangrove jacks	великобритания	дрожжи элевые	beer.rf	10.0	г	290.0	rub	активные сухие пивные дрожжи с нейтральными вкусовыми характеристиками для эля и лагера с возможностью варки при температуре окружающей среды. для всех стилей пива. диапазон брожения: 15-32°c. годен до активные сухие пивные дрожжи с нейтральными вкусовыми характеристиками для эля и лагера с возможностью варки при температуре окружающей среды. для всех стилей пива. диапазон брожения: 15-32°c. годен до	workhorse m10 - это универсальный штамм верхового брожения, который подходит для широкого спектра стилей пива. они обладают высокой устойчивостью к этанолу (до 9% abv) и широким температурным диапазоном (от 18 до 32°c). дрожжи workhorse m10 начинают брожение очень быстро, с образованием пены средней или высокой интенсивности в течение 24 часов после закладки. они обладают высокой устойчивостью к этанолу, что позволяет использовать их для приготовления высокоалкогольного пива. дрожжи workhorse m10 имеют нейтральный аромат и вкус, что делает их подходящими для широкого спектра стилей пива. при низких температурах брожения выделяют небольшой сернистый аромат. они не придают пиву ярко выраженного вкуса, поэтому их можно использовать для приготовления различных стилей пива.	https://бир.рф/shop/290/desc/pivnye-drozhzhi-workhorse-m10-mangrove-jacks-10-g			32.0 °c			
366	yeast	активатор дрожжей springferm br-2	fermentis	франция		grainrus	25.0	г		rub	активатор пивоварения springferm br-2, пакет 25 г		https://malt.ru/catalog/drozhzhi/aktivator-pivovareniya-springferm-br-2-paket-25-g/						
367	yeast	wit belgian wit-style ale	lallemand	австрия	дрожжи элевые	beer.rf	11.0	г	549.0	rub	"дрожжи lallemand ""wit"" используются для производства пшеничных сортов пива, с более низким содержанием эфиров и фенолов. диапазон брожения: 18-25°c. годен до дрожжи lallemand ""wit"" используются для производства пшеничных сортов пива, с более низким содержанием эфиров и фенолов. диапазон брожения: 18-25°c. годен до"	пивные дрожжи wit belgian wit-style ale - являются многоцелевым штаммом, который может быть использован для создания различных сортов пшеничного пива. они отличаются от традиционных штаммов хефевайцен, например, munich classic, более нейтральным профилем производства эфиров и фенола. lalbrew wit предоставляет основной аромат банана и специй, однако оставляет возможность добавления характерных специй для бельгийского пива. эти дрожжи классифицируются как saccharomyces cerevisiae и относятся к верховому брожению. они обладают высокой способностью к брожению и хорошо справляются с использованием пшеничного солода. они также могут обеспечить хорошую стабильность процесса брожения и помочь достичь желаемого конечного продукта. пивные дрожжи wit belgian wit-style ale - являются многоцелевым штаммом, который может быть использован для создания различных сортов пшеничного пива. они отличаются от традиционных штаммов хефевайцен, например, munich classic, более нейтральным профилем производства эфиров и фенола. lalbrew wit предоставляет основной аромат банана и специй, однако оставляет возможность добавления характерных специй для бельгийского пива. эти дрожжи классифицируются как saccharomyces cerevisiae и относятся к верховому брожению. они обладают высокой способностью к брожению и хорошо справляются с использованием пшеничного солода. они также могут обеспечить хорошую стабильность процесса брожения и помочь достичь желаемого конечного продукта. стили пива: belgian witbier, american wheat, berliner weiss, gose, hefeweizen, dunkelweis и weizenbock	https://бир.рф/shop/316/desc/pivnye-drozhzhi-wit-belgian-wit-style-ale-lallemand-11-g	75.0 %	низкая	18.0-25.0 °c	12.0 %		
368	yeast	активатор дрожжей springferm equilibre	fermentis	франция		grainrus	500.0	г		rub	активатор брожения springferm equilibre, пакет 0,5 кг		https://malt.ru/catalog/drozhzhi/pitanie-d-drozhzhey-aktivator-brozhzheniya-springferm-equilibre-paket-0-5-kg/						
369	yeast	windsor british-style beer	lallemand	австрия	дрожжи элевые	beer.rf	11.0	г	549.0	rub	английские дрожжи разработанные для различных сортов английского эля. диапазон брожения: 17-21°c. годен до английские дрожжи разработанные для различных сортов английского эля. диапазон брожения: 17-21°c. годен до	пивные дрожжи windsor british-style beer - являются идеальным выбором для приготовления английского эля с подчеркнутым фруктовым ароматом. они широко используются различными пивоварнями для создания ароматных сортов эля, благодаря их способности выделять сбалансированные фруктовые эфиры. важно придерживаться традиционных температур при использовании этих дрожжей, растворяя их согласно рекомендациям. благодаря не способности windsor british-style beer сбраживать мальтотриозу и более сложные сахара эти дрожжи прекрасно подойдут для приготовления слабоалкогольного пива или более полнотелых элей. дрожжи виндзор особенно хорошо зарекомендовали себя при производстве биттеров, майлдов, сладких стаутов, пшеничного и дрожжевого пшеничного пива. пивные дрожжи windsor british-style beer - являются идеальным выбором для приготовления английского эля с подчеркнутым фруктовым ароматом. они широко используются различными пивоварнями для создания ароматных сортов эля, благодаря их способности выделять сбалансированные фруктовые эфиры. важно придерживаться традиционных температур при использовании этих дрожжей, растворяя их согласно рекомендациям. благодаря не способности windsor british-style beer сбраживать мальтотриозу и более сложные сахара эти дрожжи прекрасно подойдут для приготовления слабоалкогольного пива или более полнотелых элей. дрожжи виндзор особенно хорошо зарекомендовали себя при производстве биттеров, майлдов, сладких стаутов, пшеничного и дрожжевого пшеничного пива. стили пива: фруктовые английские эли, ирландские красные эли, биттеры, майлды, портеры, сладкие стауты, neipa, пшеничное пиво, слабоалкогольное пиво (см. видео)	https://бир.рф/shop/323/desc/pivnye-drozhzhi-windsor-british-style-beer-lallemand-11-g		низкая	17.0-21.0 °с	12.0 %		
370	yeast	активатор дрожжей fermplus equilibre	fermentis	франция		grainrus	20.0	г	255.0	rub	активатор брожения fermplus equilibre, пакет 20 г		https://malt.ru/catalog/drozhzhi/aktivator-brozheniya-fermplus-equilibre-paket-20-g/						
371	yeast	wheat bvg-03	beervingem	россия	дрожжи элевые	beer.rf	10.0	г	202.23	rub	превосходный дрожжевой штамм для создания многогранного пшеничного пива. годен до превосходный дрожжевой штамм для создания многогранного пшеничного пива. годен до	пивные дрожжи wheat bvg-03 придают пиву ноты банана и деликатные переливы гвоздичного аромата. на объём: 23 л	https://бир.рф/shop/1032/desc/pivnye-drozhzhi-wheat-bvg-03-beervingem-10-g	75.0-80.0 %		20.0-25.0 °c			
372	yeast	saflager w-34/70	fermentis	франция		grainrus	11.5	г	400.0	rub	дрожжи пивные saflager w34/70, бельгия, fermentis, пакеты 11,5 г		https://malt.ru/catalog/drozhzhi/saflager-w34-70/						
373	yeast	wheat ale yeast wa18	angel yeast	китай	дрожжи элевые	beer.rf	12.0	г	1190.0	rub	wa18 - идеальные дрожжи для классического немецкого пшеничного пива в стиле вайсбир. годен до wa18 - идеальные дрожжи для классического немецкого пшеничного пива в стиле вайсбир. годен до	wa18 - классические немецкие пшеничные пивные дрожжи с низкой флокуляцией, создающие характерные фенольные, пряные и фруктовые ароматы. наиболее ярко выделяется банан и гвоздика. обеспечивают энергичное и быстрое брожение. эти дрожжи идеально подходят для производства пшеничного пива верхового брожения, таких как вайцен/вайсбир. в отличие от w008 этот штамм не содержит диастатические дрожжи, что позволяет получить более полнотелое пшеничное пиво.	https://бир.рф/shop/2095/desc/pivnye-drozhzhi-wheat-ale-yeast-wa18-angel-12-g-10-sht	73.0-83.0 %	низкая	18.0-26.0 °с	10.0 %	отрицательно	положительно
374	yeast	saflager s-23	fermentis	франция		grainrus	11.5	г	360.0	rub	дрожжи пивные saflager s-23, бельгия, fermentis, пакеты 11,5 г		https://malt.ru/catalog/drozhzhi/saflager-s-23/						
375	yeast	wheat ale yeast wa18	angel yeast	китай	дрожжи элевые	beer.rf	12.0	г	149.0	rub	wa18 - идеальные дрожжи для классического немецкого пшеничного пива в стиле вайсбир. годен до wa18 - идеальные дрожжи для классического немецкого пшеничного пива в стиле вайсбир. годен до	wa18 - классические немецкие пшеничные пивные дрожжи с низкой флокуляцией, создающие характерные фенольные, пряные и фруктовые ароматы. наиболее ярко выделяется банан и гвоздика. обеспечивают энергичное и быстрое брожение. эти дрожжи идеально подходят для производства пшеничного пива верхового брожения, таких как вайцен/вайсбир. в отличие от w008 этот штамм не содержит диастатические дрожжи, что позволяет получить более полнотелое пшеничное пиво.	https://бир.рф/shop/2096/desc/pivnye-drozhzhi-wheat-ale-yeast-wa18-angel-12-g	73.0-83.0 %	низкая	18.0-26.0 °с	10.0 %	отрицательно	положительно
376	yeast	safale s-04	fermentis	франция		grainrus	11.5	г	255.0	rub	дрожжи пивные safale s-04, бельгия, fermentis, пакеты 11,5 г		https://malt.ru/catalog/drozhzhi/safale-s-04/						
377	yeast	wheat ale yeast w008	angel yeast	китай	дрожжи элевые	beer.rf	12.0	г	1190.0	rub	штамм дрожжей для пшеничного пива, который характеризуется фенольными и фруктовыми нотками с медленным осаждением в пиве. ближайший аналог safale wb-06. годен до штамм дрожжей для пшеничного пива, который характеризуется фенольными и фруктовыми нотками с медленным осаждением в пиве. ближайший аналог safale wb-06. годен до	"w008 - типичный штамм дрожжей, используемый для варки пшеничного пива с фруктовыми и фенольными нотками. он обладает высокой степенью сбраживания и обеспечивает сбалансированный баланс фруктовых эфиров и типичных для пшеничного пива гвоздичных фенолов. он характеризуется низкой флокуляцией и медленным оседанием, а готовое пиво имеет сухой, мягкий вкус. в отличие от wa18 этот штамм содержит диастатические дрожжи, которые обеспечивают более сухой и ""легкий"" профиль с более стабильной мутностью в пиве."	https://бир.рф/shop/2063/desc/pivnye-drozhzhi-wheat-ale-yeast-w008-angel-12-g-10-sht	73.0-85.0 %	низкая	15.0-25.0 °с	10.0 %	положительно	положительно
378	yeast	safale wb-06	fermentis	франция		grainrus	11.5	г	320.0	rub	дрожжи пивные safale wb-06, бельгия, fermentis, пакеты 11,5 г		https://malt.ru/catalog/drozhzhi/safale-wb-06_1/						
379	yeast	american ale yeast a01	angel yeast	китай	дрожжи элевые	beer.rf	12.0	г	149.0	rub	американский элевый штамм дрожжей, идеально подходящий для охмеленных стилей пива, подчеркивая характеристики хмеля. ближайший аналог safale us-05. годен до американский элевый штамм дрожжей, идеально подходящий для охмеленных стилей пива, подчеркивая характеристики хмеля. ближайший аналог safale us-05. годен до	американские элевые дрожжи с чистым, нейтральным профилем. идеальны для ipa. обладают широкой адаптивностью для многих видов пива: подчеркивают характеристики хмеля, быстро бродят, хорошо садятся.	https://бир.рф/shop/2059/desc/pivnye-drozhzhi-american-ale-yeast-a01-angel-12-g	75.0-85.0 %	высокая	15.0-25.0 °с	10.0 %	отрицательно	отрицательно
380	yeast	safale us-05	fermentis	франция		grainrus	11.5	г	265.0	rub	дрожжи пивные safale us-05, бельгия, fermentis, пакеты 11,5 г		https://malt.ru/catalog/drozhzhi/safale-us-05/						
381	yeast	спиртовые safspirit hg-1	beergineer	мексика	дрожжи самогонные	beer.rf	10.0	г	160.5	rub	универсальный штамм дрожжей, который подойдет для сбраживания всех видов браг за счет нейтрального аромата, энергичного брожения и высокой устойчивости к алкоголю. один пакет рассчитан на 20-25 л браги. годен до универсальный штамм дрожжей, который подойдет для сбраживания всех видов браг за счет нейтрального аромата, энергичного брожения и высокой устойчивости к алкоголю. один пакет рассчитан на 20-25 л браги. годен до		https://бир.рф/shop/1963/desc/drozhzhi-spirtovye-safspirit-hg-1-fermentis-beergineer-10-g			25.0-35.0 °c	18.0 %		
382	yeast	safale s-33	fermentis	франция		grainrus	11.5	г	234.0	rub	дрожжи пивные safale s-33, бельгия, fermentis, пакеты 11,5 г		https://malt.ru/catalog/drozhzhi/safale-s-33/						
383	yeast	для сидра cider m02	mangrove jacks	великобритания	дрожжи сидровые	beer.rf	9.0	г	290.0	rub	активные сухие дрожжи для всех типов сидра. диапазон брожения: 12-28°c. годен до активные сухие дрожжи для всех типов сидра. диапазон брожения: 12-28°c. годен до	"cider m02 - штамм дрожжей с высоким содержанием сложных эфиров, придающий изумительную глубину вкусу и раскрывающий весь фруктовый потенциал. получается исключительно ""хрустящий"", ароматный и освежающий сидр."	https://бир.рф/shop/306/desc/drozhzhi-dlja-sidra-cider-m02-mangrove-jacks-9-g			12.0-28.0 °c			
384	yeast	safale s-33	fermentis	франция		grainrus	500.0	г	4845.0	rub	дрожжи пивные safale s-33, бельгия, fermentis, пакеты 0,5 кг		https://malt.ru/catalog/drozhzhi/safale-s-33_1/						
385	yeast	для сидра cider bvg-07	beervingem	россия	дрожжи сидровые	beer.rf	5.0	г	149.0	rub	уникальный штамм дрожжей для создания идеально сбалансированного сидра с потрясающим освежающим вкусом годен до уникальный штамм дрожжей для создания идеально сбалансированного сидра с потрясающим освежающим вкусом годен до	дрожжи для сидра cider bvg-07 для создания сидра с сбалансированным вкусом и потрясающе освежающим характером. эти дрожжи, особо подобранные для данного процесса, позволят вам получить неповторимый напиток с индивидуальным характером и превосходным качеством. разнообразные нюансы вкуса и аромата будут подчеркнуты этим уникальным штаммом дрожжей. на объём: 23 л	https://бир.рф/shop/1091/desc/drozhzhi-dlja-sidra-cider-bvg-07-beervingem-5-g			8.0-32.0 °с	18.0 %		
386	yeast	для медовухи mead m05	mangrove jacks	великобритания	дрожжи медовые	beer.rf	10.0	г	219.0	rub	штамм, создающий много эфиров со свежими цветочными нотками, особенно при холодном брожении. данный штамм обладает высокой спиртоустойчивостью и отлично сбраживает при самых разных температурах. диапазон брожения: 15-30°c. годен до штамм, создающий много эфиров со свежими цветочными нотками, особенно при холодном брожении. данный штамм обладает высокой спиртоустойчивостью и отлично сбраживает при самых разных температурах. диапазон брожения: 15-30°c. годен до	mead m05 - штамм дрожжей с высоким содержанием сложных эфиров, придающий свежие цветочные ароматы, особенно при холодной ферментации. эти дрожжи обладают высокой спиртоустойчивостью и хорошо бродят в широком диапазоне температур. для крепких медовух рекомендуется поддерживать температуру ниже 25°c.	https://бир.рф/shop/307/desc/drozhzhi-dlja-medovukhi-mead-m05-mangrove-jacks-10-g			25.0 °c			
387	yeast	safale t-58	fermentis	франция		grainrus	500.0	г	4513.0	rub	дрожжи пивные safale t-58, бельгия, fermentis, пакеты 0,5 кг		https://malt.ru/catalog/drozhzhi/safale-t-58/						
388	yeast	safale s-33	fermentis	франция		grainrus	100.0	г	1134.0	rub	дрожжи пивные safale s-33, бельгия, fermentis, пакеты 100 г		https://malt.ru/catalog/drozhzhi/safale-s-33_2/						
389	yeast	для медовухи mead bvg-08	beervingem	россия	дрожжи медовые	beer.rf	5.0	г	149.0	rub	идеальный штамм дрожжей для создания превосходной медовухи с многогранным ароматом и насыщенным бархатистым вкусом годен до идеальный штамм дрожжей для создания превосходной медовухи с многогранным ароматом и насыщенным бархатистым вкусом годен до	"дрожжи для медовухи mead bvg-08 для приготовления медовухи, которая обладает уникальным букетом ароматов и насыщенным бархатистым вкусом. эти дрожжи являются идеальным выбором для создания превосходного напитка, который будет радовать вас своими многогранными оттенками и неповторимым характером."" на объём: 23 л"	https://бир.рф/shop/1090/desc/drozhzhi-dlja-medovukhi-mead-bvg-08-beervingem-5-g			15.0-30.0 °с	14.0 %		
390	yeast	для виски safspirit usw-6	beergineer	бельгия	дрожжи вискарные	beer.rf	10.0	г	160.5	rub	самый известный и наиболее продуктивный штамм для производства американского виски. лучший выбор для бурбона и других сортов американского виски. один пакет рассчитан на 20-25 л браги. годен до самый известный и наиболее продуктивный штамм для производства американского виски. лучший выбор для бурбона и других сортов американского виски. один пакет рассчитан на 20-25 л браги. годен до	"в мире виски, особенно в его американской ипостаси, существует бесчисленное множество факторов, влияющих на конечный вкус, аромат и характер напитка. один из важнейших элементов в этой сложной алхимии - выбор правильных дрожжей. и на этой сцене заслуженное внимание завоевывает один из самых популярных и продуктивных штаммов, ставший настоящей иконой для производителей бурбона и других американских стилей виски. данный штамм, принадлежащий к виду *saccharomyces cerevisiae*, прославился своей способностью создавать мягкий и деликатный профиль дистиллятов. именно он ответственен за ту самую ""душу"" американского виски, которая покорила сердца миллионов ценителей по всему миру. секрет успеха этого штамма кроется не только в его вкусовых качествах, но и в невероятной универсальности. он идеально подходит для работы с различными видами зерна: кукурузой, рожью, пшеницей, ячменем - и демонстрирует отличные результаты как в чистых, так и в купажированных составах. несмотря на свою ""американскую прописку"", этот штамм с легкостью выходит за географические рамки и прекрасно проявляет себя в производстве всех видов зерновых дистиллятов, выдержанных в бочках. так что его можно смело назвать ""гражданином мира"" в мире виски. как и любой артист, дрожжи для раскрытия своего полного потенциала нуждаются в определенных условиях. оптимальная температура брожения для данного штамма составляет 20-32°c. важно отметить, что эти дрожжи способны ""работать"" и при более низких температурах, однако, в этом случае скорость брожения замедляется. а вот повышение температуры выше рекомендуемого диапазона может привести к снижению общего выхода спирта. для достижения наилучших результатов производитель рекомендует использовать 30-50 грамм дрожжей на 100 литров сусла. производитель уделяет особое внимание контролю качества и безопасности своей продукции. каждый этап производства, от отбора сырья до упаковки, проходит строгий контроль, а готовые дрожжи подвергаются тщательному микробиологическому анализу. результаты анализа:"	https://бир.рф/shop/1970/desc/drozhzhi-dlja-viski-safspirit-usw-6-fermentis-beergineer-10-g			10.0 °c			
391	yeast	saflager w34/70	fermentis	франция		grainrus	100.0	г	2036.0	rub	дрожжи пивные saflager w34/70, бельгия, fermentis, пакеты 100 г		https://malt.ru/catalog/drozhzhi/saflager-w34-70_1/						
392	yeast	для виски am-1	angel yeast	китай	дрожжи вискарные	beer.rf	500.0	г	1290.0	rub	аналог популярных дрожжей safspirit m-1 от fermentis по более доступной цене. отлично подходят для шотландского односолодового виски выдержанного в бочке. годен до аналог популярных дрожжей safspirit m-1 от fermentis по более доступной цене. отлично подходят для шотландского односолодового виски выдержанного в бочке. годен до	angel am-1 - активные сухие дрожжи, специально разработанные для производства шотландского виски. они характеризуются высокой скоростью брожения, высокой способностью усваивать мальтотриозу, высокой степенью сбраживания сусла, мягким вкусом и приятным эфирным ароматом. они особенно подходят для ферментации односолодового виски с выдержкой в бочке. angel am-1 - активные сухие дрожжи, специально разработанные для производства шотландского виски. они характеризуются высокой скоростью брожения, высокой способностью усваивать мальтотриозу, высокой степенью сбраживания сусла, мягким вкусом и приятным эфирным ароматом. они особенно подходят для ферментации односолодового виски с выдержкой в бочке. 0,5～1,0 г/л регидратируйте дрожжи в 5-10-кратном объеме теплой воды или в сусле низкой концентрации (смешайте 1/3 сбраживаемого сусла и 2/3 воды) при температуре 22-30 °c и оставьте на 7-15 минут, аккуратно перемешайте и затем через 10-15 минут внесите в бродильный аппарат. алюминиевый вакуумный пакет 500 г	https://бир.рф/shop/2045/desc/drozhzhi-dlja-viski-am-1-angel-500-g	90.0 %		22.0-30.0 °c	15.0 %		
393	yeast	saflager s-189	fermentis	франция		grainrus	500.0	г	8123.0	rub	дрожжи пивные saflager s-189, бельгия, fermentis, пакеты 0,5 кг		https://malt.ru/catalog/drozhzhi/saflager-s-189_1/						
394	yeast	для виски ag-2	angel yeast	китай	дрожжи вискарные	beer.rf	500.0	г	1090.0	rub	отличный выбор для брожения зерновых браг из несоложенного сырья, такие как кукуруза, пшеница, рожь и т.д.. дрожжи производят энергичное брожение с чистым и сбалансированным профилем. годен до отличный выбор для брожения зерновых браг из несоложенного сырья, такие как кукуруза, пшеница, рожь и т.д.. дрожжи производят энергичное брожение с чистым и сбалансированным профилем. годен до	angel ag-2 - это активные сухие дрожжи, наиболее подходящие для производства пшеничного, кукурузного и других зерновых виски. они характеризуются коротким периодом брожения, быстрым и сильным брожением, чистым телом и сбалансированным вкусом. они также обладают высокой устойчивостью к глюкозе и этанолу. дрожжи плохо усваивают мальтотриозу и более сложные декстрины, поэтому они идеально подойдут для зерновых браг осахаренных с помощью ферментов, таких как амилосубтилин совместно с глюкаваморином . angel ag-2 - это активные сухие дрожжи, наиболее подходящие для производства пшеничного, кукурузного и других зерновых виски. они характеризуются коротким периодом брожения, быстрым и сильным брожением, чистым телом и сбалансированным вкусом. они также обладают высокой устойчивостью к глюкозе и этанолу. дрожжи плохо усваивают мальтотриозу и более сложные декстрины, поэтому они идеально подойдут для зерновых браг осахаренных с помощью ферментов, таких как амилосубтилин совместно с глюкаваморином . 0,5～1,0 г/л регидратируйте дрожжи в 5-10-кратном объеме теплой воды или в сусле низкой концентрации (смешайте 1/3 сбраживаемого сусла и 2/3 воды) при температуре 22-30 °c и оставьте на 7-15 минут, аккуратно перемешайте и затем через 10-15 минут внесите в бродильный аппарат. алюминиевый вакуумный пакет 500 г	https://бир.рф/shop/2046/desc/drozhzhi-dlja-viski-ag-2-angel-500-g	80.0 %		22.0-30.0 °c	18.0 %		
395	yeast	safale us-05	fermentis	франция		grainrus	500.0	г	5368.0	rub	дрожжи пивные safale us-05, бельгия, fermentis, пакеты 0,5 кг		https://malt.ru/catalog/drozhzhi/safale-us-05_1/						
396	yeast	дрожжевая подкормка springferm br-2	beergineer	франция	дрожжевые подкормки	beer.rf	5.0	г	115.0	rub	питание для дрожжей повышает жизнеспособность дрожжей, увеличивает конечную степень сбраживания и уменьшает содержание диацетила в готовом пиве. годен до питание для дрожжей повышает жизнеспособность дрожжей, увеличивает конечную степень сбраживания и уменьшает содержание диацетила в готовом пиве. годен до		https://бир.рф/shop/1614/desc/drozhzhevaja-podkormka-springferm-br-2-fermentis-5-g						
397	yeast	saflager w-34/70	fermentis	франция		grainrus	500.0	г	8123.0	rub	дрожжи пивные saflager w34/70, бельгия, fermentis, пакеты 0,5 кг		https://malt.ru/catalog/drozhzhi/saflager-w34-70_2/						
398	yeast	saflager s-23	fermentis	франция		grainrus	500.0	г	7838.0	rub	дрожжи пивные saflager s-23, бельгия, fermentis, пакеты 0,5 кг		https://malt.ru/catalog/drozhzhi/saflager-s-23_2/						
399	yeast	white wine w15	beervingem	россия	дрожжи для белых вин	beer.rf	5.0	г	128.0	rub	предназначены для приготовления белых и розовых вин. придаёт сложный аромат, подчеркивает фруктовые и цветочные ноты. годен до предназначены для приготовления белых и розовых вин. придаёт сложный аромат, подчеркивает фруктовые и цветочные ноты. годен до	"винные дрожжи beervingem ""white wine w15 "" - идеальный выбор для создания великолепных белых и розовых вин. этот феноменальный штамм дрожжей превратит процесс виноделия в незабываемый опыт, воплощающийся в сложном аромате и утонченных фруктово-цветочных нотах. на объём: 23 л"	https://бир.рф/shop/1233/desc/vinnye-drozhzhi-white-wine-w15-beervingem-5-g			16.0-24.0 °с	14.0 %		
400	yeast	safale s-04	fermentis	франция		grainrus	500.0	г	4940.0	rub	дрожжи пивные safale s-04, бельгия, fermentis, пакеты 0,5 кг		https://malt.ru/catalog/drozhzhi/safale-s-04_1/						
401	yeast	universal u15	beervingem	россия	дрожжи для всех вин	beer.rf	5.0	г	128.0	rub	универсальный штамм дрожжей, предназначенный для приготовления любых видов вин годен до универсальный штамм дрожжей, предназначенный для приготовления любых видов вин годен до	"винные дрожжи beervingem ""universal u15"" - идеальный выбор для приготовления самых разнообразных видов вин. штамм дрожжей обеспечивает напиткам относительно нейтральный вкус, придавая им уникальный профиль. ферментативная кинетика данного штамма отличается непрерывностью и завершённостью, делая его идеальным помощником в виноделии. на объём: 25 л"	https://бир.рф/shop/1043/desc/vinnye-drozhzhi-universal-u15-beervingem-5-g						
402	yeast	safale k-97	fermentis	франция		grainrus	500.0	г	5083.0	rub	дрожжи пивные safale k-97, бельгия, fermentis, пакеты 0,5 кг		https://malt.ru/catalog/drozhzhi/safale-k-97/						
403	yeast	red wine r15	beervingem	россия	дрожжи для красных вин	beer.rf	5.0	г	128.0	rub	предназначены для приготовления всех видов красных вин. годен до предназначены для приготовления всех видов красных вин. годен до	"""beervingem ""red wine r15"" - это уникальные винные дрожжи, разработанные специально для создания красных вин. благодаря своему премиальному штамму, они придают напиткам сбалансированный вкус и аромат фруктов. кроме того, они сохраняют основные характеристики винограда, позволяя создать великолепное и обволакивающее тело вина, а также продолжительное послевкусие на объём: 23 л"	https://бир.рф/shop/1231/desc/vinnye-drozhzhi-red-wine-r15-beervingem-5-g			18.0-28.0 °с	15.0 %		
404	yeast	safspirit m-1	fermentis	франция		grainrus	500.0	г	3990.0	rub	дрожжи спиртовые safspirit м-1, мексика, fermentis, пакеты 0,5 кг		https://malt.ru/catalog/drozhzhi/safspirit-m-1/						
405	yeast	safspirit usw-6	fermentis	франция		grainrus	500.0	г	3360.0	rub	дрожжи спиртовые safspirit usw-6, бельгия, fermentis, пакеты 0,5 кг		https://malt.ru/catalog/drozhzhi/safspirit-usw-6/						
406	yeast	безалкогольные safbrew la-01	fermentis	франция		grainrus	500.0	г	6223.0	rub	дрожжи пивные safbrew la-01, бельгия, fermentis, пакеты 0,5 кг		https://malt.ru/catalog/drozhzhi/drozhzhi-pivnye-safbrew-la-01-belgiya-fermentis-pakety-0-5-kg/						
407	yeast	safale t-58	fermentis	франция		grainrus	100.0	г	1063.0	rub	дрожжи пивные safale t-58, бельгия, fermentis, пакеты 100 г		https://malt.ru/catalog/drozhzhi/drozhzhi-pivnye-safale-t-58-belgiya-fermentis-pakety-100-g/						
408	yeast	safale be-256	fermentis	франция		grainrus	500.0	г	6413.0	rub	дрожжи пивные safale be-256, бельгия, fermentis, пакеты 0,5 кг		https://malt.ru/catalog/drozhzhi/drozhzhi-pivnye-safale-be-256-belgiya-fermentis-pakety-0-5-kg/						
409	yeast	safale be-134	fermentis	франция		grainrus	500.0	г	6033.0	rub	дрожжи пивные safale be-134, мексика, fermentis, пакеты 0,5 кг		https://malt.ru/catalog/drozhzhi/drozhzhi-pivnye-safale-be-134-meksika-fermentis-pakety-0-5-kg/						
411	yeast	safbrew ha-18	fermentis	франция		grainrus	500.0	г	6460.0	rub	дрожжи пивные safbrew ha-18, франция, fermentis, пакеты 0,5 кг		https://malt.ru/catalog/drozhzhi/drozhzhi-pivnye-safbrew-ha-18-frantsiya-fermentis-pakety-0-5-kg/						
413	yeast	safale т-58	fermentis	франция		grainrus	11.5	г	190.0	rub	дрожжи пивные safale t-58, бельгия, fermentis, пакеты 11,5 г		https://malt.ru/catalog/drozhzhi/drozhzhi-pivnye-safale-t-58-belgiya-fermentis-pakety-11-5-g/						
415	yeast	safale wb-06	fermentis	франция		grainrus	500.0	г	6223.0	rub	дрожжи пивные safale wb-06, мексика, fermentis, пакеты 0,5 кг		https://malt.ru/catalog/drozhzhi/drozhzhi-pivnye-safale-wb-06-meksika-fermentis-pakety-0-5-kg/						
417	yeast	safale k-97	fermentis	франция		grainrus	11.5	г	285.0	rub	дрожжи пивные safale k-97, бельгия, fermentis, пакеты 11,5 г		https://malt.ru/catalog/drozhzhi/drozhzhi-pivnye-safale-k-97-belgiya-fermentis-pakety-11-5-g/						
419	yeast	safcider ac-4	fermentis	франция		grainrus	5.0	г	250.0	rub	дрожжи сухие safcider ac-4, бельгия, fermentis, пакеты 5 г		https://malt.ru/catalog/drozhzhi/drozhzhi-sukhie-safcider-ac-4-belgiya-fermentis-pakety-5-g/						
421	yeast	safale s-04	fermentis	франция		grainrus	100.0	г		rub	дрожжи пивные safale s-04, бельгия, fermentis, пакеты 100 г		https://malt.ru/catalog/drozhzhi/safale-s-04_2/						
423	yeast	safale us-05	fermentis	франция		grainrus	100.0	г	1392.0	rub	дрожжи пивные safale us-05, бельгия, fermentis, пакеты 100 г		https://malt.ru/catalog/drozhzhi/us-05_2/						
425	yeast	safspirit c-70	fermentis	франция		grainrus	500.0	г		rub	дрожжи спиртовые safspirit с-70, бельгия, fermentis, пакеты 0,5 кг		https://malt.ru/catalog/drozhzhi/safspirit-s-70/						
427	yeast	safspirit d-53	fermentis	франция		grainrus	500.0	г		rub	дрожжи спиртовые safspirit d-53, бельгия, fermentis, пакеты 0,5 кг		https://malt.ru/catalog/drozhzhi/safspirit-d-53/						
429	yeast	safbrew da-16	fermentis	франция		grainrus	500.0	г		rub	дрожжи пивные safbrew da-16, франция, fermentis, пакеты 0,5 кг		https://malt.ru/catalog/drozhzhi/drozhzhi-pivnye-safbrew-da-16-frantsiya-fermentis-pakety-0-5-kg/						
431	yeast	ld-20	fermentis	франция		grainrus	0.0	г		rub	дрожжи пивные safbrew ld-20, франция, fermentis, пакеты 0,5 кг		https://malt.ru/catalog/drozhzhi/drozhzhi-pivnye-safbrew-ld-20-frantsiya-fermentis-pakety-0-5-kg/						
433	yeast	safbrew da-16	fermentis	франция		grainrus	25.0	г	625.0	rub	дрожжи пивные safbrew da-16, бельгия, fermentis, пакеты 25 г		https://malt.ru/catalog/drozhzhi/drozhzhi-pivnye-safbrew-da-16-belgiya-fermentis-pakety-25-g/						
434	yeast	safbrew ld-20	fermentis	франция		grainrus	25.0	г	745.0	rub	дрожжи пивные safbrew ld-20 бельгия, fermentis, пакеты 25 г		https://malt.ru/catalog/drozhzhi/drozhzhi-pivnye-safbrew-ld-20-belgiya-fermentis-pakety-25-g/						
436	yeast	safbrew dw-17	fermentis	франция		grainrus	25.0	г	600.0	rub	дрожжи пивные safbrew dw-17 бельгия, fermentis, пакеты 25 г		https://malt.ru/catalog/drozhzhi/drozhzhi-pivnye-safbrew-dw-17-belgiya-fermentis-pakety-25-g/						
438	yeast	saflager e-30	fermentis	франция		grainrus	500.0	г	8123.0	rub	дрожжи пивные saflager e-30, бельгия, fermentis, пакеты 0,5 кг		https://malt.ru/catalog/drozhzhi/drozhzhi-pivnye-saflager-e-30-belgiya-fermentis-pakety-0-5-kg/						
440	yeast	safale be-134	fermentis	франция		grainrus	11.5	г	370.0	rub	дрожжи пивные safale be-134 бельгия, fermentis, пакеты 11,5 г		https://malt.ru/catalog/drozhzhi/drozhzhi-pivnye-safale-be-134-belgiya-fermentis-pakety-11-5-g/						
442	yeast	safale be-256	fermentis	франция		grainrus	11.5	г	400.0	rub	дрожжи пивные safale be-256 бельгия, fermentis, пакеты 11,5 г		https://malt.ru/catalog/drozhzhi/drozhzhi-pivnye-safale-be-256-belgiya-fermentis-pakety-11-5-g/						
444	yeast	saflager e-30	fermentis	франция		grainrus	11.5	г	450.0	rub	дрожжи пивные saflager e-30, бельгия, fermentis, пакеты 11,5 г		https://malt.ru/catalog/drozhzhi/drozhzhi-pivnye-saflager-e-30-belgiya-fermentis-pakety-11-5-g/						
446	yeast	safale bw-20	fermentis	франция		grainrus	11.5	г	375.0	rub	дрожжи пивные safale bw-20, бельгия, fermentis, пакеты 11,5 г		https://malt.ru/catalog/drozhzhi/drozhzhi-pivnye-safale-bw-20-belgiya-fermentis-pakety-11-5-g/						
448	yeast	активатор дрожжей springferm br-2	fermentis	франция		grainrus	1.0	кг	5650.0	rub	активатор пивоварения springferm br-2, пакет 1 кг		https://malt.ru/catalog/drozhzhi/aktivator-pivovareniya-springferm-br-2-paket-1-kg/						
450	yeast	safcider ab-1	fermentis	франция		grainrus	5.0	г	300.0	rub	дрожжи сухие safcider ab-1, бельгия, fermentis, пакеты 5 г		https://malt.ru/catalog/drozhzhi/drozhzhi-sukhie-safcider-ab-1-belgiya-fermentis-pakety-5-g/						
452	yeast	safcider tf-6	fermentis	франция		grainrus	5.0	г	230.0	rub	дрожжи сухие safcider tf-6, бельгия, fermentis, пакеты 5 г		https://malt.ru/catalog/drozhzhi/drozhzhi-sukhie-safcider-tf-6-belgiya-fermentis-pakety-5-g/						
454	yeast	safbrew br-8	fermentis	франция		grainrus	5.0	г	850.0	rub	дрожжи пивные safbrew br-8, чили, fermentis, пакеты 5 г		https://malt.ru/catalog/drozhzhi/drozhzhi-pivnye-safbrew-br-8-chili-fermentis-pakety-5-g/						
456	yeast	safmead twist	fermentis	франция		grainrus	5.0	г	400.0	rub	дрожжи для медовухи safmead twist, бельгия, fermentis, пакеты 5 г		https://malt.ru/catalog/drozhzhi/drozhzhi-dlya-medovukhi-safmead-twist-belgiya-fermentis-pakety-5-g/						
457	yeast	safmead classic	fermentis	франция		grainrus	5.0	г	400.0	rub	дрожжи для медовухи safmead classic, бельгия, fermentis, пакеты 5 г		https://malt.ru/catalog/drozhzhi/drozhzhi-dlya-medovukhi-safmead-classic-belgiya-fermentis-pakety-5-g/						
460	yeast	safmead classic	fermentis	франция		grainrus	100.0	г	634.0	rub	дрожжи для медовухи safmead classic, бельгия, fermentis, пакеты 100 г		https://malt.ru/catalog/drozhzhi/drozhzhi-dlya-medovukhi-safmead-classic-belgiya-fermentis-pakety-100-g/						
462	yeast	saflager sh-45	fermentis	франция		grainrus	11.5	г	420.0	rub	дрожжи пивные saflager sh-45, бельгия, fermentis, пакеты 11,5 г,		https://malt.ru/catalog/drozhzhi/drozhzhi-pivnye-saflager-sh-45-belgiya-fermentis-pakety-11-5-g/						
464	yeast	винные safœno ef-85	fermentis	франция		grainrus	5.0	г	170.0	rub	дрожжи винные safœno ef-85, бельгия, fermentis, пакеты 5 г		https://malt.ru/catalog/drozhzhi/drozhzhi-vinnye-saf-no-ef-85-belgiya-fermentis-pakety-5-g/						
466	yeast	винные safœno fv-19	fermentis	франция		grainrus	5.0	г	150.0	rub	дрожжи винные safœno fv-19, бельгия, fermentis, пакеты 5 г		https://malt.ru/catalog/drozhzhi/drozhzhi-vinnye-saf-no-fv-19-belgiya-fermentis-pakety-5-g/						
469	yeast	винные safœno bc s103	fermentis	франция		grainrus	5.0	г	150.0	rub	дрожжи винные safœno bc s103, бельгия, fermentis, пакеты 5 г		https://malt.ru/catalog/drozhzhi/drozhzhi-vinnye-saf-no-bc-s103-belgiya-fermentis-pakety-5-g/						
471	yeast	винные safœno hd s135	fermentis	франция		grainrus	5.0	г	150.0	rub	дрожжи винные safœno hd s135, бельгия, fermentis, пакеты 5 г		https://malt.ru/catalog/drozhzhi/drozhzhi-vinnye-saf-no-hd-s135-belgiya-fermentis-pakety-5-g/						
473	yeast	винные safœno sh12	fermentis	франция		grainrus	5.0	г	150.0	rub	дрожжи винные safœno sh12, бельгия, fermentis, пакеты 5 г		https://malt.ru/catalog/drozhzhi/drozhzhi-vinnye-saf-no-sh12-belgiya-fermentis-pakety-5-g/						
475	yeast	винные safœno ck s102	fermentis	франция		grainrus	5.0	г	180.0	rub	дрожжи винные safœno ck s102, бельгия, fermentis, пакеты 5 г		https://malt.ru/catalog/drozhzhi/drozhzhi-vinnye-saf-no-ck-s102-belgiya-fermentis-pakety-5-g/						
477	yeast	для вторичной ферментации safale f-2	fermentis	франция		grainrus	25.0	г	305.0	rub	дрожжи пивные safale f-2, бельгия, fermentis, пакеты 25 г		https://malt.ru/catalog/drozhzhi/drozhzhi-pivnye-safale-f-2-belgiya-fermentis-pakety-25-g/						
